Country Name,Country Code,Year,CHE_PPP,CHE10,FPE,GGHE_pct,DEA_Efficiency
Bangladesh,BGD,2000,27.2905550706384,14.85,85.15,5.21146441,0.7094963970639283
Belarus,BLR,2000,316.620794668775,2.71,97.29,12.1293211,0.16361785942207685
Bolivia,BOL,2000,147.649016788093,11.06,88.94,8.29598331,0.2596025028824919
Canada,CAN,2000,2405.67150004447,3.3,96.7,14.8156271,0.08597417992519561
Czechia,CZE,2000,923.632574790482,0.79,99.21,12.38825798,0.299039110627713
Estonia,EST,2000,485.687718341864,6.63,93.37,10.7823925,0.14466075774058992
United Kingdom,GBR,2000,1895.92439875247,2.0,98.0,15.96845055,0.11467268454549503
Georgia,GEO,2000,217.030483039799,12.38,87.62,4.85252142,0.32248070263300277
Guatemala,GTM,2000,272.539677981635,3.68,96.32,14.0827589,0.15262992101008563
Hungary,HUN,2000,802.676557554202,8.26,91.74,9.85581303,0.1292396057152068
India,IND,2000,85.8442199233361,15.41,84.59,3.05056,0.6168382967273701
Kyrgyz Republic,KGZ,2000,80.1123774476418,2.36,97.64,7.06400633,0.4517117988888946
Lithuania,LTU,2000,521.799343451219,10.06,89.94,10.57103539,0.14137680262971142
Morocco,MAR,2000,143.244423675375,11.5,88.5,4.11556196,0.4228104354156924
Moldova,MDA,2000,124.540222789945,6.89,93.11,8.52794456,0.2643386788209596
North Macedonia,MKD,2000,537.53067812623,1.99,98.01,14.71431541,0.12734839257489727
Peru,PER,2000,215.482857504425,11.82,88.18,10.76997662,0.1939780879533113
Philippines,PHL,2000,102.821933040413,2.83,97.17,6.51838589,0.38230889986587296
Poland,POL,2000,564.333435262893,12.39,87.61,8.38121891,0.15197805995500457
Paraguay,PRY,2000,417.524577825954,9.23,90.77,11.8494072,0.14614137617841313
Romania,ROU,2000,246.026072323928,7.03,92.97,8.65739632,0.2166179641100234
Russian Federation,RUS,2000,366.798169502002,3.22,96.78,9.72129631,0.1742385260513102
Rwanda,RWA,2000,21.7804527114344,8.44,91.56,3.54361153,0.8969873174456251
Eswatini,SWZ,2000,209.925583105027,8.76,91.24,9.79427242,0.20925798852697328
Thailand,THA,2000,226.053621678033,5.63,94.37,9.24875259,0.21307744307301432
Tunisia,TUN,2000,300.619191896892,22.54,77.46000000000001,10.54292107,0.17767026423025908
Tanzania,TZA,2000,35.7209386063051,5.01,94.99,6.05200052,0.5457592999671348
United States,USA,2000,4548.55482518934,5.94,94.06,16.16093826,0.07881729201037134
Uzbekistan,UZB,2000,159.591652250094,8.14,91.86,6.10871267,0.31580590857199814
Armenia,ARM,2001,137.599041293042,11.99,88.01,5.66264772,0.34865103019562194
Bulgaria,BGR,2001,469.278627742871,7.28,92.72,9.46551609,0.15755808514612857
Bosnia and Herzegovina,BIH,2001,394.056010421098,14.1,85.9,8.60074425,0.17994923266695179
Belarus,BLR,2001,367.78688402911,4.07,95.93,10.04257679,0.1697889865943738
Bolivia,BOL,2001,165.704082560183,7.9,92.1,8.18012047,0.25453251921290343
Canada,CAN,2001,2591.25879818127,2.9,97.1,15.27647972,0.08338055712746353
Cameroon,CMR,2001,91.3232099667445,20.58,79.42,5.34374762,0.40705052450583823
Cabo Verde,CPV,2001,142.872662297639,2.81,97.19,11.17305183,0.2543493061868648
Czechia,CZE,2001,1031.86220701417,0.57,99.43,11.83805084,0.3417114081573607
Georgia,GEO,2001,238.28911793678,13.95,86.05,6.75043344,0.2563458916896598
Hungary,HUN,2001,900.733980760049,8.34,91.66,9.66478729,0.13179404282574736
Indonesia,IDN,2001,111.717915210114,2.56,97.44,3.95831513,0.48845491577847183
India,IND,2001,95.4058154088415,14.86,85.14,2.90321684,0.6128170538122817
Israel,ISR,2001,1858.37215319485,12.24,87.76,9.33316898,0.1364768379024891
Italy,ITA,2001,2170.31340970543,8.81,91.19,12.20876884,0.10433168214527372
Kazakhstan,KAZ,2001,297.396598186705,2.17,97.83,8.40947342,0.21131571406023042
Kyrgyz Republic,KGZ,2001,82.8230887383507,2.68,97.32,7.13149929,0.42715063139479803
Lithuania,LTU,2001,564.961459432522,11.48,88.52,11.36786652,0.13103893757501117
Moldova,MDA,2001,139.642169276076,8.76,91.24,9.71184635,0.2328822559820001
Nicaragua,NIC,2001,159.959380618934,15.95,84.05,12.79048729,0.18182404842121805
Pakistan,PAK,2001,61.8534826574671,5.96,94.04,6.30668402,0.3844070831481153
Poland,POL,2001,630.267495766063,12.4,87.6,8.89294815,0.14323274672415537
Romania,ROU,2001,281.544304095558,7.0,93.0,9.60567093,0.19313666652495232
Russian Federation,RUS,2001,413.119757097163,1.93,98.07,9.67133141,0.20054376949479924
Senegal,SEN,2001,75.2441907337137,1.6,98.4,9.01053238,0.44767483618096704
United States,USA,2001,4901.67536216281,5.82,94.18,16.76017952,0.07599926889088625
Albania,ALB,2002,257.051227793997,23.37,76.63,8.20897484,0.22067625199166882
Armenia,ARM,2002,261.677018919282,11.47,88.53,5.3255291,0.28124255094617795
Azerbaijan,AZE,2002,111.519657988715,6.97,93.03,3.19315743,0.5442160283412366
Belarus,BLR,2002,389.188367334049,3.84,96.16,9.32076073,0.17310868640800478
Bolivia,BOL,2002,172.105025673811,8.23,91.77,7.8159523,0.26019560731119307
Canada,CAN,2002,2727.0447698299,3.0,97.0,15.88256645,0.08019871309904025
China,CHN,2002,153.543707505455,12.27,87.73,6.02580309,0.32275368578035574
Cote d'Ivoire,CIV,2002,95.9781370709401,18.47,81.53,4.14795876,0.48315024272796797
Czechia,CZE,2002,1127.05589555227,0.75,99.25,12.18289185,0.30916347427621654
Djibouti,DJI,2002,84.9293440276589,1.14,98.86,5.49563599,0.5816859035897558
Georgia,GEO,2002,283.725326802592,13.77,86.23,7.02040815,0.23310219590088535
Guinea,GIN,2002,65.8833758377763,9.67,90.33,4.44303322,0.5057089137943189
Guinea-Bissau,GNB,2002,42.4157692645454,5.49,94.51,2.52350521,0.8654034315079421
Hungary,HUN,2002,1032.77498460196,9.7,90.3,9.66882706,0.13173897744738408
Indonesia,IDN,2002,109.350278655416,2.29,97.71,3.98283839,0.492944341419273
Israel,ISR,2002,1854.44348384301,12.14,87.86,8.68584538,0.14664794666192865
Jamaica,JAM,2002,382.287986260346,10.38,89.62,8.66761017,0.18168292737345149
Jordan,JOR,2002,604.100857834215,1.48,98.52,13.38210011,0.19699859241648177
Kazakhstan,KAZ,2002,343.568143784741,2.12,97.88,9.42059898,0.1862856214724537
Kyrgyz Republic,KGZ,2002,89.5114157241061,2.4,97.6,7.56329107,0.41015210862389007
Lao PDR,LAO,2002,83.1760958955142,3.07,96.93,6.12984419,0.4350920303462459
Lithuania,LTU,2002,641.827038469407,12.08,87.92,12.7128334,0.11628937106737236
Latvia,LVA,2002,578.263433090025,9.19,90.81,8.16237354,0.15605281769547627
Moldova,MDA,2002,181.921681252169,9.58,90.42,11.53735256,0.19211686585671767
North Macedonia,MKD,2002,559.140278442583,6.58,93.42,12.38785744,0.12579607893242445
Mongolia,MNG,2002,219.676844585463,1.28,98.72,10.90433216,0.27140970341343096
Mozambique,MOZ,2002,18.4831507452979,0.83,99.17,6.31664944,0.9999999999999765
Poland,POL,2002,715.971942783324,12.29,87.71000000000001,9.391572,0.13562813445927896
Romania,ROU,2002,326.26868972151,7.61,92.39,10.54747868,0.17252041117071693
Russian Federation,RUS,2002,473.454964829201,3.16,96.84,9.51892662,0.15643098917970127
Thailand,THA,2002,271.727906178773,3.98,96.02,8.71551132,0.2081833944952086
Turkiye,TUR,2002,462.405801315857,6.01,93.99,8.63695431,0.16629999826822572
Uganda,UGA,2002,51.7066588334314,9.57,90.43,8.74810505,0.3770598287608457
Ukraine,UKR,2002,295.673439591646,12.41,87.59,8.10631752,0.21069016615891553
United States,USA,2002,5327.93694234898,6.32,93.68,17.22017479,0.07396913245849783
Uzbekistan,UZB,2002,175.44966772588,6.2,93.8,5.58452082,0.3239884906098861
Viet Nam,VNM,2002,116.195131228637,12.72,87.28,8.61995983,0.26588817287811456
Armenia,ARM,2003,288.424583011174,10.61,89.39,5.37522793,0.26691339794096675
Azerbaijan,AZE,2003,124.037865253384,6.99,93.01,3.57235146,0.48756483589390165
Benin,BEN,2003,57.3988069383056,11.11,88.89,7.68920326,0.34351191277735016
Burkina Faso,BFA,2003,45.9000438327367,8.46,91.53999999999999,5.56972933,0.44626686132486665
Belarus,BLR,2003,439.027305638964,4.05,95.95,10.07395458,0.157162540804587
Bhutan,BTN,2003,143.267529452089,5.38,94.62,7.6382122,0.27822979846420653
Canada,CAN,2003,2897.40001637717,3.3,96.7,16.36354446,0.07784141101664453
Czechia,CZE,2003,1274.92730506871,0.63,99.37,11.61948967,0.34014400381212423
Estonia,EST,2003,672.703697615615,10.04,89.96000000000001,11.07697296,0.1215228355495879
Georgia,GEO,2003,333.604463440646,12.05,87.95,7.13276815,0.2149247271608099
Hungary,HUN,2003,1255.44650765541,12.37,87.63,11.56948948,0.11009659433996045
India,IND,2003,100.39838087148,15.41,84.59,2.67687607,0.6308182052195663
Israel,ISR,2003,1738.98863709116,11.7,88.3,9.23413563,0.13794051127663606
Jamaica,JAM,2003,359.429609639169,10.37,89.63,6.13759899,0.2235541669245457
Kazakhstan,KAZ,2003,392.159810668837,2.32,97.68,9.5652113,0.1733149485705218
Kyrgyz Republic,KGZ,2003,122.861730716217,1.28,98.72,8.07252979,0.37659216054745337
"Korea, Rep.",KOR,2003,1031.26959440773,8.33,91.67,7.48593473,0.1701539535063513
Lithuania,LTU,2003,743.03580632439,11.51,88.49,13.67591095,0.10425483823477821
Latvia,LVA,2003,603.085565731893,10.5,89.5,8.08213711,0.15760205161874508
Moldova,MDA,2003,188.043305083102,10.61,89.39,9.59353638,0.21897245436681256
North Macedonia,MKD,2003,578.590105129344,6.73,93.27,13.76112652,0.11689570480350359
Nigeria,NGA,2003,151.947780877129,22.53,77.47,4.00685167,0.4195206985388394
Nepal,NPL,2003,63.9174537235156,9.97,90.03,5.52154541,0.4271851707417987
Panama,PAN,2003,626.215378006361,11.93,88.07,17.18168831,0.09943418555596231
Philippines,PHL,2003,115.727563442286,2.94,97.06,5.4588623,0.3883086479831755
Poland,POL,2003,731.393089609383,11.73,88.27,8.952384,0.1422818089572561
Romania,ROU,2003,405.095649398029,7.95,92.05,12.99804401,0.13961122308022592
Russian Federation,RUS,2003,508.002454591701,1.41,98.59,9.20299911,0.2982326757651965
Sierra Leone,SLE,2003,68.440240316632,35.93,64.07,5.45097542,0.4263243085391307
Serbia,SRB,2003,585.422590251339,7.75,92.25,13.56351852,0.11723288156589186
Syrian Arab Republic,SYR,2003,233.125708036007,5.54,94.46,7.51466179,0.24189189037356076
Chad,TCD,2003,59.3205798268326,6.28,93.72,8.98155689,0.33053055771386264
Turkiye,TUR,2003,473.913584390073,4.73,95.27,9.29146957,0.15832247552911943
Ukraine,UKR,2003,363.412242510875,10.22,89.78,9.38550282,0.17755494310608458
United States,USA,2003,5732.24369331565,5.79,94.21,17.5054512,0.07276369945837194
Uzbekistan,UZB,2003,185.780236308559,6.66,93.34,6.01096392,0.3028172463930237
Argentina,ARG,2004,859.721256884155,16.9,83.1,14.93299007,0.09269985329766642
Armenia,ARM,2004,277.528911953218,16.46,83.53999999999999,6.27547503,0.2506334774693359
Azerbaijan,AZE,2004,134.272396332243,7.63,92.37,3.55759931,0.47342482564203653
Belarus,BLR,2004,502.898047572918,3.27,96.73,9.99574471,0.14814883212499871
Canada,CAN,2004,3057.41927474776,3.2,96.8,16.9260788,0.075254369606267
"Congo, Dem. Rep.",COD,2004,19.7649795275692,5.81,94.19,2.49895263,1.0
Costa Rica,CRI,2004,638.741883417573,4.36,95.64,25.73747253,0.07620289188451801
Czechia,CZE,2004,1329.6021429386,0.82,99.18,13.14472771,0.27829598964595886
Estonia,EST,2004,773.81126179819,11.57,88.43,11.50922489,0.110673081999356
Ethiopia,ETH,2004,24.082866233605,0.82,99.18,5.72665405,1.0000000000000824
Georgia,GEO,2004,367.732594270678,11.76,88.24,6.25,0.21899701984789763
Honduras,HND,2004,205.734823839806,1.14,98.86,9.59641266,0.32956823957500836
Croatia,HRV,2004,954.518033212497,2.39,97.61,10.59734058,0.12019632476509486
Hungary,HUN,2004,1260.98469924248,10.27,89.73,11.08648109,0.11489320909489757
Indonesia,IDN,2004,131.431859149521,2.06,97.94,4.20149517,0.4461114037600693
Israel,ISR,2004,1823.98454141895,12.37,87.63,9.58080482,0.13294930999335405
Jamaica,JAM,2004,434.746511794726,10.2,89.8,7.64527464,0.18222171657311598
Kazakhstan,KAZ,2004,469.091390586397,2.63,97.37,10.94160748,0.14748551223528963
Kyrgyz Republic,KGZ,2004,142.612046533621,8.62,91.38,8.21259594,0.26383331345951666
"Korea, Rep.",KOR,2004,1102.66498622514,8.25,91.75,8.29986382,0.1534677456912782
Lithuania,LTU,2004,713.57653964931,11.98,88.02,10.13123989,0.12572611090348967
Latvia,LVA,2004,757.087107803931,12.08,87.92,9.9400692,0.128144116944377
Moldova,MDA,2004,265.744397851625,9.44,90.56,15.25031948,0.14195875122072768
Maldives,MDV,2004,828.120500716886,7.33,92.67,9.60306931,0.13264107014968496
North Macedonia,MKD,2004,591.410797433509,7.19,92.81,13.83370781,0.11543160325658823
Mauritania,MRT,2004,98.0962952420062,10.54,89.46000000000001,2.96115541,0.5989900253997436
Malawi,MWI,2004,40.6890652066302,0.31,99.69,4.99515104,0.9644549797164821
Pakistan,PAK,2004,62.0847512223923,3.37,96.63,4.51193905,0.5669022154342662
Poland,POL,2004,783.504642444952,12.74,87.26,9.10989761,0.13982170212338935
West Bank and Gaza,PSE,2004,304.624445897564,7.91,92.09,7.39701176,0.21944541795386663
Romania,ROU,2004,490.854630694608,9.62,90.38,11.96030045,0.1359219757796387
Russian Federation,RUS,2004,517.623550729638,2.44,97.56,9.44207001,0.1512399321475545
Serbia,SRB,2004,664.98300282741,8.57,91.43,13.70559883,0.10994076653913383
Slovak Republic,SVK,2004,970.308366603134,5.28,94.72,13.11000252,0.09715950763981987
Thailand,THA,2004,299.621550631869,3.83,96.17,10.7134676,0.17685676237687636
Turkiye,TUR,2004,526.652459743728,5.57,94.43,10.18661499,0.14345803158813691
Ukraine,UKR,2004,395.913880548956,10.33,89.67,8.1810751,0.1844073996511393
United States,USA,2004,6071.84414824311,5.58,94.42,17.92694855,0.07105288367662496
Viet Nam,VNM,2004,157.804286595422,15.91,84.09,8.6892519,0.24660151667921817
Zambia,ZMB,2004,113.031216336957,2.79,97.21,5.65226936,0.38288697264356447
Albania,ALB,2005,328.991135915059,19.51,80.49,9.30094719,0.1859002962226131
Armenia,ARM,2005,317.313182370138,12.04,87.96000000000001,7.44000816,0.2148564880755317
Azerbaijan,AZE,2005,146.717465138052,8.12,91.88,3.95949173,0.4285931235228964
Bangladesh,BGD,2005,41.5811443703718,12.34,87.66,4.38883734,0.5552977774183794
Bulgaria,BGR,2005,706.363755559382,10.34,89.66,11.16988087,0.11792850908025967
Bahrain,BHR,2005,1467.96388028201,3.23,96.77,9.13842487,0.13938522317796243
Belarus,BLR,2005,604.64415090204,2.35,97.65,10.05169773,0.1351736365623072
Canada,CAN,2005,3262.43880505192,3.7,96.3,17.13103867,0.07435400821496109
Czechia,CZE,2005,1402.73724293634,0.94,99.06,12.75457001,0.27224206197640965
Estonia,EST,2005,878.235843087226,10.79,89.21000000000001,11.57533646,0.11004098191025721
Gabon,GAB,2005,404.735291547992,5.67,94.33,5.07680273,0.2508983424691783
United Kingdom,GBR,2005,2742.26924220039,2.03,97.97,17.72014999,0.10071565148854275
Georgia,GEO,2005,418.119640413477,15.04,84.96000000000001,5.57707214,0.22839248946849772
Ghana,GHA,2005,107.10340128819,3.11,96.89,13.63450813,0.2613098560400501
Hungary,HUN,2005,1364.59936227295,10.62,89.38,11.35830498,0.11214361581616912
Indonesia,IDN,2005,168.920594088728,2.14,97.86,4.2081809,0.3991676847480891
"Iran, Islamic Rep.",IRN,2005,719.539663197571,11.31,88.69,9.00558662,0.141441245723091
Israel,ISR,2005,1822.04175177104,12.7,87.3,9.57161617,0.13307693992079453
Kazakhstan,KAZ,2005,516.04855836536,1.7,98.3,11.53032875,0.19909506148590414
Kenya,KEN,2005,98.8573699282759,5.55,94.45,6.89238787,0.3283183757181906
Kyrgyz Republic,KGZ,2005,174.893759506111,4.61,95.39,13.06986713,0.1777501455002918
"Korea, Rep.",KOR,2005,1226.39808628021,9.59,90.41,8.8823719,0.14340329411336644
Sri Lanka,LKA,2005,220.283518609559,6.28,93.72,10.13588715,0.20140306547206446
Latvia,LVA,2005,807.581992358066,12.48,87.52,9.33693027,0.136421859558345
Moldova,MDA,2005,314.521027376197,10.75,89.25,13.57666016,0.1475596138071698
Madagascar,MDG,2005,70.020143377452,0.21,99.79,10.54040527,0.564535327482173
North Macedonia,MKD,2005,587.454313016582,7.06,92.94,13.46777534,0.11751140236829061
Niger,NER,2005,52.0516021208594,3.74,96.26,12.34742451,0.36663685879068375
Poland,POL,2005,806.794338027663,14.61,85.39,8.9949913,0.14160785124939446
West Bank and Gaza,PSE,2005,330.048956955114,6.25,93.75,8.14653969,0.20066716244384858
Romania,ROU,2005,529.231123306773,10.06,89.94,13.16346741,0.12459685342228743
Rwanda,RWA,2005,70.5974462238243,2.35,97.65,8.09271908,0.4534280588313015
Senegal,SEN,2005,86.3619946665707,1.38,98.62,8.54413509,0.438636925386549
Serbia,SRB,2005,759.03666897031,10.83,89.17,13.61884022,0.10335073007744046
Slovak Republic,SVK,2005,1096.34465541369,5.1,94.9,12.70239162,0.10027728856937897
Trinidad and Tobago,TTO,2005,1011.01113708389,2.58,97.42,8.02571201,0.15871007935656
Tunisia,TUN,2005,415.488201597353,21.91,78.09,11.35010338,0.15025631117398058
Turkiye,TUR,2005,575.372111403113,5.11,94.89,10.3244648,0.1363349437709232
Uganda,UGA,2005,74.2251793934364,20.3,79.7,7.13526297,0.33661763066395506
Ukraine,UKR,2005,436.569430634796,8.2,91.8,8.43188095,0.17318851013961198
Uruguay,URY,2005,1036.10679738419,4.54,95.46,13.28085995,0.09590955666993556
United States,USA,2005,6428.60205272132,5.67,94.33,17.94141579,0.07099558947348789
"Yemen, Rep.",YEM,2005,162.079144385695,15.4,84.6,4.50115108,0.38141091911238156
South Africa,ZAF,2005,716.452186733678,1.75,98.25,10.91880608,0.20315564650964243
Armenia,ARM,2006,371.503625829309,10.83,89.17,7.93185902,0.19314506071186666
Burundi,BDI,2006,50.4960159826945,12.46,87.53999999999999,6.48141956,0.39117449168862806
Belarus,BLR,2006,633.415825062601,2.86,97.14,8.44287395,0.15086822301782662
Canada,CAN,2006,3536.91768422493,4.0,96.0,16.78170395,0.07590179124808077
Switzerland,CHE,2006,4436.50621101903,9.11,90.89,9.34170818,0.13635208523501427
Chile,CHL,2006,941.869297803874,9.19,90.81,13.40539932,0.09501853392010684
Czechia,CZE,2006,1476.81127694482,0.92,99.08,12.71145344,0.2756015444606431
Spain,ESP,2006,2441.96995138065,5.42,94.58,14.68880463,0.08671647707795786
Finland,FIN,2006,2854.29498099062,7.12,92.88,13.57497311,0.0938315958108
Georgia,GEO,2006,448.921563598531,16.29,83.71000000000001,5.23038626,0.24353103703664072
Hungary,HUN,2006,1429.15092740082,10.09,89.91,10.65500927,0.11954577961620101
Indonesia,IDN,2006,187.56033863635,1.82,98.18,4.51137447,0.4676705420780554
India,IND,2006,118.165322607228,16.84,83.16,2.88599753,0.5638656548387737
Iraq,IRQ,2006,254.9340314096,3.29,96.71,3.0470798,0.4180269220386013
Israel,ISR,2006,1820.61273784922,11.28,88.72,9.85081196,0.12930521820660065
Kyrgyz Republic,KGZ,2006,205.963879149226,3.96,96.04,14.45895767,0.16164815761321663
Kiribati,KIR,2006,195.145513519676,0.0,100.0,11.40626049,0.9999999999999389
"Korea, Rep.",KOR,2006,1398.63571125546,10.78,89.22,9.59643841,0.13273272182653392
Sri Lanka,LKA,2006,241.048458495878,5.55,94.45,9.56101894,0.2041085229607406
Latvia,LVA,2006,900.809029595684,10.91,89.09,9.62257767,0.13237215990172363
Morocco,MAR,2006,261.33224457844,22.0,78.0,5.01113462,0.29038227850473797
Moldova,MDA,2006,375.941456963825,15.06,84.94,12.89050865,0.14417380144471229
North Macedonia,MKD,2006,626.553264317525,7.84,92.16,13.40144539,0.11441177248231148
Mali,MLI,2006,82.2214126791613,3.38,96.62,5.54588985,0.43996920918398386
Mauritius,MUS,2006,443.192419813241,4.94,95.06,7.30248404,0.1843985081149855
Peru,PER,2006,313.753413329789,10.74,89.26,11.56533909,0.16473669718067507
Philippines,PHL,2006,172.966556900955,4.39,95.61,6.63096142,0.2910811020593135
Poland,POL,2006,878.891553239223,13.82,86.18,9.0035038,0.14147396594645742
West Bank and Gaza,PSE,2006,313.988631981815,7.15,92.85,6.95828247,0.2239817751588885
Romania,ROU,2006,584.294952842328,10.62,89.38,11.28106403,0.12942504017084286
Serbia,SRB,2006,865.523312455179,10.28,89.72,12.53220367,0.10163905914242118
Slovak Republic,SVK,2006,1295.77939892026,3.76,96.24,12.50330448,0.10187397995765671
Seychelles,SYC,2006,667.073607342364,0.07,99.93,7.90729713,0.9876239597383498
Togo,TGO,2006,57.924800034909,10.65,89.35,3.83191919,0.5839083482836566
Thailand,THA,2006,338.253744775406,3.59,96.41,12.11568642,0.15719809537458235
Turkiye,TUR,2006,694.463456352896,5.0,95.0,10.55690098,0.122120055870401
Ukraine,UKR,2006,492.702278504541,8.36,91.64,8.69689655,0.16049527987269152
United States,USA,2006,6802.47531175785,5.42,94.58,18.57419968,0.06857691916446584
Viet Nam,VNM,2006,193.640564043264,14.41,85.59,8.76698685,0.23176261861303118
Zambia,ZMB,2006,132.630006451562,1.85,98.15,6.74704027,0.3523591669022608
Afghanistan,AFG,2007,112.257676068474,4.84,95.16,2.61078191,0.6100787726817056
Armenia,ARM,2007,409.876589128493,8.3,91.7,7.19854879,0.19340054437613635
Bosnia and Herzegovina,BIH,2007,783.072519407999,10.25,89.75,11.32833004,0.11244034959278057
Belarus,BLR,2007,724.905798469884,3.43,96.57,8.12453842,0.15677953923688878
Bhutan,BTN,2007,200.374591325424,3.43,96.57,7.46379232,0.25969328709726397
Canada,CAN,2007,3710.89179416931,4.0,96.0,17.06818199,0.07462783035394648
Switzerland,CHE,2007,4799.64459898341,10.36,89.64,9.55602741,0.13329402850676805
China,CHN,2007,249.507331917602,18.44,81.56,7.90135717,0.2285575434062359
Cameroon,CMR,2007,106.932220315413,8.01,91.99,4.22608185,0.46123839686044976
Cabo Verde,CPV,2007,213.885371355189,2.05,97.95,10.09019661,0.21923343050397007
Czechia,CZE,2007,1580.4068099117,1.42,98.58,12.40300465,0.22003959895429592
Dominican Republic,DOM,2007,408.435473321699,17.66,82.34,10.32302856,0.1599682741896325
Spain,ESP,2007,2616.33450211378,5.4,94.6,14.58656883,0.08732426418063906
Georgia,GEO,2007,509.377429745209,17.74,82.26,3.95363283,0.32217493246584555
Hungary,HUN,2007,1374.43367482925,11.54,88.46000000000001,9.79407406,0.1300542942800657
Indonesia,IDN,2007,217.952233217532,2.54,97.46,5.43742085,0.3068718033893567
India,IND,2007,125.625045286917,12.98,87.02,2.78734279,0.5594538971188323
"Iran, Islamic Rep.",IRN,2007,783.170073777322,11.41,88.59,11.53469467,0.11042870456838888
Israel,ISR,2007,1945.01643137125,12.12,87.88,9.88249969,0.12889060763532392
Kazakhstan,KAZ,2007,448.215051223121,3.29,96.71,7.57602596,0.18014607435185603
Kyrgyz Republic,KGZ,2007,190.386904926958,2.64,97.36,10.42505074,0.22150870245241114
St. Kitts and Nevis,KNA,2007,1021.86425510155,4.13,95.87,6.48289871,0.1964802238904642
"Korea, Rep.",KOR,2007,1516.24020907675,11.83,88.17,10.11632919,0.12591142163099212
Lao PDR,LAO,2007,106.445277999075,10.12,89.88,3.90299487,0.4872800396358054
Liberia,LBR,2007,52.6807179584917,7.86,92.14,4.25491762,0.547604586537181
Latvia,LVA,2007,1001.82521819784,15.37,84.63,9.7152071,0.13111006043298834
Moldova,MDA,2007,416.696585079543,14.45,85.55,13.18110943,0.13695101916306537
Pakistan,PAK,2007,96.3473914159621,2.71,97.29,2.82084775,0.6331228854423233
Panama,PAN,2007,996.273372500364,3.31,96.69,22.24735832,0.0702982241721177
Poland,POL,2007,986.993088290802,14.18,85.82,9.54005432,0.13351720517247567
West Bank and Gaza,PSE,2007,298.075140046378,9.39,90.61,7.4269166,0.22100032628722546
Romania,ROU,2007,680.145225085951,10.57,89.43,10.90507507,0.12169562202560462
Serbia,SRB,2007,1051.51854596173,11.41,88.59,13.55892181,0.09394267537265193
Slovak Republic,SVK,2007,1523.9607583405,3.74,96.26,13.72518253,0.09280469583671164
Slovenia,SVN,2007,2079.35415446143,2.63,97.37,12.17958164,0.10458170302145162
Syrian Arab Republic,SYR,2007,205.521887831326,6.88,93.12,6.85482645,0.2684713051437768
Thailand,THA,2007,374.292196480279,3.14,96.86,12.38446522,0.15041601787803036
Tajikistan,TJK,2007,108.730947290951,6.46,93.54,5.30023098,0.3914716399500828
Timor-Leste,TLS,2007,85.6384888858452,2.36,97.64,1.27376139,0.9999999999999998
Turkiye,TUR,2007,772.124718326201,5.14,94.86,10.95228481,0.11630097391523173
Tanzania,TZA,2007,121.511256918191,2.24,97.76,10.88657188,0.2993275300196805
Ukraine,UKR,2007,515.896755347899,9.07,90.93,8.16024208,0.16144671783965278
Angola,AGO,2008,221.018857513397,12.26,87.74,4.0603714,0.3508159804885908
Albania,ALB,2008,446.390677735541,13.91,86.09,7.25106478,0.1843028844439814
Armenia,ARM,2008,542.033589305765,8.26,91.74,6.69246197,0.1903277741001486
Belarus,BLR,2008,759.896155071899,4.06,95.94,5.80340672,0.2194851147706568
Brazil,BRA,2008,1077.13686756609,15.07,84.93,8.77957535,0.14508234615242566
Central African Republic,CAF,2008,32.8893014008349,6.75,93.25,5.28349304,0.5944049112543374
Canada,CAN,2008,3850.42762549652,4.3,95.7,17.28190994,0.07370489687900784
Switzerland,CHE,2008,5132.87084124926,6.9,93.1,9.77972221,0.13024515038858195
Cote d'Ivoire,CIV,2008,127.226094166407,17.44,82.56,4.65788126,0.4080996064949506
Colombia,COL,2008,698.00166072678,20.01,79.99,16.6930294,0.09659776541230461
Czechia,CZE,2008,1777.90515369627,1.96,98.04,12.54553795,0.15089640816176214
"Egypt, Arab Rep.",EGY,2008,384.65691893663,12.57,87.43,4.69924688,0.2710564953335673
Spain,ESP,2008,2828.64095120369,5.84,94.16,14.82287312,0.08593215226819632
Fiji,FJI,2008,251.365178279479,0.78,99.22,9.78181839,0.3803031686824722
Georgia,GEO,2008,607.99154245463,22.12,77.88,4.83068514,0.26368131084610436
Grenada,GRD,2008,592.486456865113,3.17,96.83,7.03745365,0.18099748195144463
Croatia,HRV,2008,1603.33224521352,2.27,97.73,13.83800697,0.10211783522827204
"Iran, Islamic Rep.",IRN,2008,825.853896161973,12.6,87.4,9.47516823,0.13443153293754223
Israel,ISR,2008,1972.62167521108,11.04,88.96000000000001,9.93712139,0.12818213041875715
Jordan,JOR,2008,762.560761124852,1.72,98.28,15.12543488,0.14972566198234316
Kazakhstan,KAZ,2008,522.794475411084,3.65,96.35,8.41329765,0.1580521186389436
Kyrgyz Republic,KGZ,2008,196.927856024391,3.67,96.33,10.38534927,0.20824765725087752
"Korea, Rep.",KOR,2008,1661.10742127808,11.1,88.9,9.79573822,0.1300321998600734
Lithuania,LTU,2008,1298.46141307335,12.85,87.15,11.67387962,0.10911208882244741
Latvia,LVA,2008,1085.89409916753,15.1,84.9,8.79956532,0.14475276262850673
Moldova,MDA,2008,455.954977328121,14.93,85.07,12.7215929,0.1352027550789815
Mexico,MEX,2008,853.944386403223,3.58,96.42,9.43475246,0.1350073990176527
Malta,MLT,2008,2093.54365749167,16.2,83.8,12.02801418,0.1058995583924393
Mozambique,MOZ,2008,37.8828062319655,1.19,98.81,5.66810656,0.8196114009826013
Panama,PAN,2008,1014.27274369661,3.09,96.91,20.06934547,0.07362633420380627
Peru,PER,2008,402.027471399456,11.57,88.43,10.98999786,0.15522323564839247
Poland,POL,2008,1167.31725923555,14.0,86.0,10.27323627,0.12398832816876305
Romania,ROU,2008,838.941273393197,11.48,88.52,10.79983711,0.11794264830351692
Serbia,SRB,2008,1195.34585866273,9.58,90.42,12.92955971,0.0985154497577244
Slovak Republic,SVK,2008,1651.42538569973,4.34,95.66,14.2542305,0.0893602351947376
Thailand,THA,2008,417.271091770892,2.97,97.03,13.49731636,0.13720953232850475
Turkiye,TUR,2008,830.845515993442,3.74,96.26,11.25649643,0.11315789046094847
Ukraine,UKR,2008,493.712551015265,5.83,94.17,6.77591944,0.1879835498752623
United States,USA,2008,7364.93852233971,4.56,95.44,18.201231,0.06998215615196572
Viet Nam,VNM,2008,211.215031699394,14.55,85.45,8.12048721,0.23791074200681772
South Africa,ZAF,2008,895.346293557967,2.93,97.07,13.01471424,0.0978708688113308
Armenia,ARM,2009,598.690644088707,9.74,90.26,6.34490108,0.20075354586930733
Australia,AUS,2009,3545.91580074301,2.33,97.67,15.88237,0.0831242460592066
Belgium,BEL,2009,4010.79218849231,11.45,88.55,14.38507843,0.08854740668939087
Burkina Faso,BFA,2009,70.6610282519379,3.52,96.48,7.62939405,0.41137092894180516
Belarus,BLR,2009,756.308025796097,3.53,96.47,6.73101664,0.18923759338678425
Botswana,BWA,2009,773.701880162555,1.0,99.0,6.25206232,0.5405309452166123
Canada,CAN,2009,4135.87675541776,4.4,95.6,17.32548904,0.07351950568663414
Switzerland,CHE,2009,5376.38982986911,9.05,90.95,9.97373199,0.12771161199008632
Cyprus,CYP,2009,2221.2153603373,16.05,83.95,6.12379742,0.20800188226997166
Czechia,CZE,2009,2015.82280237493,2.19,97.81,13.54469585,0.11347396631816564
Spain,ESP,2009,2955.29403383697,5.54,94.46,14.7896204,0.08612536059410933
Georgia,GEO,2009,671.538278027402,26.06,73.94,5.88417959,0.21647221511809767
Croatia,HRV,2009,1632.66807796462,2.46,97.54,13.51784134,0.09422816542689172
Indonesia,IDN,2009,221.317461135779,3.5,96.5,5.41294384,0.30081709691383357
India,IND,2009,137.832924244441,13.97,86.03,3.1219337,0.5041878421387462
Ireland,IRL,2009,4377.33388396938,5.59,94.41,17.30187988,0.0736198262174045
"Iran, Islamic Rep.",IRN,2009,1019.30810861941,13.72,86.28,12.3770647,0.10291304286387051
Israel,ISR,2009,2005.12422766386,12.37,87.63,9.99987602,0.12737771822895028
Kazakhstan,KAZ,2009,604.017205076549,2.65,97.35,11.36352253,0.12728004992502367
Kyrgyz Republic,KGZ,2009,213.318574250138,3.97,96.03,10.6962328,0.1980755484058601
Cambodia,KHM,2009,180.060072048816,18.77,81.23,5.96768332,0.3076819679957792
"Korea, Rep.",KOR,2009,1774.55079351671,12.11,87.89,10.08799362,0.12626508679334422
Sri Lanka,LKA,2009,307.323766913595,4.69,95.31,7.83871508,0.2114815945860123
Latvia,LVA,2009,1027.84755532368,15.46,84.53999999999999,8.06122971,0.158010804284598
Moldova,MDA,2009,539.448048941415,16.53,83.47,12.87592316,0.12512722779010854
Maldives,MDV,2009,1246.25421091543,19.83,80.17,15.74485779,0.08090015209975415
North Macedonia,MKD,2009,715.295820862808,5.27,94.73,12.19207191,0.1124320791537357
Mali,MLI,2009,85.4614217296957,4.41,95.59,2.92606354,0.6348173872208208
Mongolia,MNG,2009,320.582945927231,1.84,98.16,8.74871159,0.23762026685406817
Namibia,NAM,2009,790.02046121138,1.22,98.78,13.49217892,0.22522750399221478
Nigeria,NGA,2009,167.29287939511,24.77,75.23,3.69395757,0.42121520775224147
Nicaragua,NIC,2009,298.184161231995,16.18,83.82,16.76971817,0.12845511145953734
Peru,PER,2009,446.02163620985,10.64,89.36,11.67159462,0.14356353930920118
Philippines,PHL,2009,214.775827535002,4.5,95.5,6.64473581,0.26942956183355293
Poland,POL,2009,1267.95639009306,14.4,85.6,10.49800205,0.12133369606267122
West Bank and Gaza,PSE,2009,381.552064533282,8.89,91.11,8.17275143,0.18773390557813907
Romania,ROU,2009,874.741534913346,12.15,87.85,10.44604111,0.12193723694813216
Sudan,SDN,2009,238.635902014846,18.36,81.64,14.01954556,0.15530225602917053
Serbia,SRB,2009,1169.15938066497,8.3,91.7,13.46972656,0.09456475484681247
Slovak Republic,SVK,2009,1835.70926035238,4.48,95.52,13.17728996,0.09666338024484054
Thailand,THA,2009,433.026646176125,3.22,96.78,12.45869255,0.1409446651846506
Tajikistan,TJK,2009,127.116609488583,15.38,84.62,4.59137583,0.4121210733179775
Turkiye,TUR,2009,843.466123168682,3.59,96.41,11.8805933,0.10721361785862983
Uganda,UGA,2009,117.703625454614,16.77,83.23,7.03290558,0.31083664742498057
Ukraine,UKR,2009,508.99051432093,6.83,93.17,7.91855955,0.16488390577428322
United States,USA,2009,7614.82434448835,4.7,95.3,18.22518158,0.06989018926416589
Armenia,ARM,2010,680.693748561581,17.52,82.48,6.43608856,0.19790923914819403
Bangladesh,BGD,2010,64.837141432994,14.22,85.78,4.43941641,0.5077760513890415
Bulgaria,BGR,2010,1057.35085846301,12.84,87.16,10.84995937,0.11739780275324647
Belarus,BLR,2010,867.113271693257,4.44,95.56,8.68532658,0.14665670637338285
Switzerland,CHE,2010,5437.63100515866,8.15,91.85,10.25540829,0.12420386921523456
Czechia,CZE,2010,2108.1628537198,1.95,98.05,14.69500732,0.1298780908494363
Germany,DEU,2010,4301.94597121756,1.53,98.47,17.12050629,0.1494605614323308
Denmark,DNK,2010,4560.71864377435,2.93,97.07,15.79938507,0.08062094723032129
Spain,ESP,2010,2922.45425954828,5.7,94.3,14.74666214,0.08637625097173379
Estonia,EST,2010,1423.47459356654,8.79,91.21000000000001,11.89297581,0.10710199115422236
United Kingdom,GBR,2010,3571.77385068927,1.73,98.27,17.96255302,0.12521509982719584
Georgia,GEO,2010,676.195197328827,24.96,75.03999999999999,6.15339756,0.20700131554639867
"Gambia, The",GMB,2010,93.3813316866521,0.61,99.39,6.30897522,0.6313648985715181
Guinea-Bissau,GNB,2010,66.7221573057338,6.26,93.74,2.52350521,0.7614767497492508
Greece,GRC,2010,2678.7488914962,14.64,85.36,12.48673058,0.10200919943289082
Croatia,HRV,2010,1599.12012876857,2.8,97.2,13.77554512,0.09246540727819866
Indonesia,IDN,2010,233.134813024442,3.45,96.55,3.91489625,0.3474200144729091
"Iran, Islamic Rep.",IRN,2010,1109.26115388183,13.72,86.28,12.52360535,0.10170884137609755
Israel,ISR,2010,2096.7344661811,9.71,90.28999999999999,10.65287113,0.11956977367471469
Italy,ITA,2010,3112.51426490727,9.29,90.71000000000001,13.98853397,0.09105753274301132
Jordan,JOR,2010,769.363913439253,2.29,97.71,17.02058601,0.09297575428558723
Japan,JPN,2010,3199.56734792397,9.1,90.9,18.93296623,0.06727743421322308
Kazakhstan,KAZ,2010,510.116936342919,3.37,96.63,8.20522785,0.16201715186876675
"Korea, Rep.",KOR,2010,1948.68754817183,12.7,87.3,11.28867626,0.11283531927595485
Lesotho,LSO,2010,165.19003187928,4.51,95.49,7.1979928,0.27910968406459624
Luxembourg,LUX,2010,6078.01598552864,3.38,96.62,13.62410641,0.0934932062087441
Latvia,LVA,2010,1067.80755544591,17.18,82.82,7.99293184,0.15936097235629565
Moldova,MDA,2010,520.440903516068,18.11,81.89,13.62691975,0.12299326633734804
Madagascar,MDG,2010,68.7674458693313,1.64,98.36,15.20979691,0.33979809393774996
Mexico,MEX,2010,873.354024114533,2.88,97.12,10.41032505,0.12235558293158189
North Macedonia,MKD,2010,763.919647502593,7.88,92.12,12.50852871,0.10729451568954622
Mongolia,MNG,2010,285.487478792189,1.33,98.67,7.74286652,0.37046978496325217
Malawi,MWI,2010,72.5293167596143,1.64,98.36,5.77464294,0.5591785793815642
Nigeria,NGA,2010,149.82187000862,18.87,81.13,2.70293093,0.5221913686034204
Pakistan,PAK,2010,91.9802917277889,3.04,96.96,2.88974142,0.632546275594673
Peru,PER,2010,462.356126766327,11.3,88.7,11.6243124,0.14174252647160324
Poland,POL,2010,1351.69377197768,13.46,86.53999999999999,9.98204041,0.12760531291016874
West Bank and Gaza,PSE,2010,337.289202306835,6.04,93.96,9.46368885,0.18215465962163815
Romania,ROU,2010,976.408782791312,12.26,87.74,11.44624329,0.11128204754417723
Russian Federation,RUS,2010,1083.14717603532,3.8,96.2,8.59383297,0.14821807620028643
Sao Tome and Principe,STP,2010,158.173156785954,0.86,99.14,4.10028458,0.8770594855073488
Slovak Republic,SVK,2010,1947.52381787727,3.78,96.22,13.26732349,0.0960074118159608
Slovenia,SVN,2010,2384.84009606316,4.59,95.41,12.32549,0.10334367152948885
Thailand,THA,2010,438.416635712583,2.77,97.23,11.56414127,0.14738509901989907
Tunisia,TUN,2010,592.09388729777,16.69,83.31,13.03182125,0.11922030337062568
Turkiye,TUR,2010,868.316172682507,3.84,96.16,11.03767395,0.11540125172840406
Ukraine,UKR,2010,554.799896827547,6.91,93.09,7.50049877,0.16982355828051143
Viet Nam,VNM,2010,273.312143054933,11.32,88.68,8.6057291,0.20940484901493106
Zambia,ZMB,2010,128.06586443791,0.29,99.71,8.63391781,0.5187352692618278
Armenia,ARM,2011,740.428516428546,12.8,87.2,6.70101976,0.1900847088384055
Benin,BEN,2011,67.914803193234,6.67,93.33,4.4236145,0.5040758450931526
Bosnia and Herzegovina,BIH,2011,918.466395434662,8.56,91.44,13.38013935,0.09519791660465761
Belarus,BLR,2011,806.445500593522,4.63,95.37,7.66490793,0.16618091197345913
Switzerland,CHE,2011,5807.66330768651,9.19,90.81,10.50000191,0.12131058650445566
Chile,CHL,2011,1368.16889903117,11.35,88.65,14.01050568,0.09091473349304503
"Congo, Rep.",COG,2011,90.6888917254084,4.58,95.42,2.33683133,0.7124434682130648
Czechia,CZE,2011,2186.79021824358,2.05,97.95,14.7419138,0.11896221299715405
Ecuador,ECU,2011,645.234484268013,18.37,81.63,7.96525431,0.15991471714856048
Spain,ESP,2011,2955.81044047874,5.66,94.34,14.59857368,0.08725245478913121
Ethiopia,ETH,2011,49.0745651893731,1.88,98.12,2.09114432,0.9999999999999942
Georgia,GEO,2011,655.431030154597,23.97,76.03,5.04166079,0.25264718176329337
Guatemala,GTM,2011,409.439636459184,9.36,90.64,13.75957489,0.13410950842668382
Indonesia,IDN,2011,267.164669784463,3.87,96.13,3.96251845,0.3214524818174668
India,IND,2011,144.61488083058,17.91,82.09,3.38130069,0.4721722301305079
"Iran, Islamic Rep.",IRN,2011,1127.31973113408,14.12,85.88,12.02372837,0.10593730586746461
Israel,ISR,2011,2215.29927023316,11.18,88.82,10.64939976,0.1196087496672203
Japan,JPN,2011,3790.28761643492,9.2,90.8,21.69265366,0.05871856020772344
Kazakhstan,KAZ,2011,524.635376244032,1.83,98.17,8.67686558,0.24137219183160957
"Korea, Rep.",KOR,2011,2036.70051672296,12.28,87.72,11.05072784,0.11526493172598128
Latvia,LVA,2011,1093.86833709592,18.6,81.4,8.57539368,0.14853678297834144
Moldova,MDA,2011,505.158272894344,15.63,84.37,13.03699017,0.1277861977755868
Mali,MLI,2011,69.0869406398731,2.56,97.44,2.94121718,0.7019666355848659
Montenegro,MNE,2011,1130.10461553542,9.31,90.69,10.73071766,0.1187023487485923
Mongolia,MNG,2011,322.557747961667,1.75,98.25,5.62042999,0.39467035658175176
Niger,NER,2011,51.7689400933368,6.63,93.37,8.29973888,0.3776698492334341
Pakistan,PAK,2011,86.5621016605373,3.76,96.24,2.54319167,0.6902106769546946
Peru,PER,2011,472.072171711646,11.23,88.77,11.69203568,0.14002245606238928
Poland,POL,2011,1424.48794440508,13.9,86.1,10.05437851,0.126687232704948
Portugal,PRT,2011,2601.13011709974,18.38,81.62,12.53102016,0.10164865858774522
Paraguay,PRY,2011,666.169031873887,10.54,89.46000000000001,15.79585648,0.10170158937444378
Romania,ROU,2011,839.334375104012,13.02,86.98,8.84608936,0.1439914676602363
Russian Federation,RUS,2011,1084.95908851364,3.91,96.09,9.03166866,0.141032785629228
Senegal,SEN,2011,113.148288681585,3.33,96.67,5.62811661,0.3800769369845051
Sierra Leone,SLE,2011,133.202480055863,37.09,62.91,5.35433006,0.3660168418076449
Chad,TCD,2011,68.2025976259662,8.69,91.31,3.68802667,0.5783401704691398
Togo,TGO,2011,70.9298014883072,11.12,88.88,5.66925287,0.4101838496767265
Thailand,THA,2011,471.989452248536,2.2,97.8,12.84227848,0.13598730400826822
Turkiye,TUR,2011,911.680488963861,3.35,96.65,11.22104549,0.11351539311868508
Tanzania,TZA,2011,107.659844048477,5.64,94.36,6.76211929,0.32706533988535724
Ukraine,UKR,2011,599.452240979614,7.01,92.99,7.49281168,0.1699977851305079
United States,USA,2011,8015.78094831055,4.72,95.28,18.92724228,0.06729778016029003
Albania,ALB,2012,646.010453356754,16.72,83.28,8.69734573,0.1464540366156054
Armenia,ARM,2012,845.259885596716,13.9,86.1,7.04075432,0.18091263124772666
Belarus,BLR,2012,948.564247815388,5.73,94.27,8.85453033,0.14385420146841393
Bhutan,BTN,2012,262.178395609454,4.01,95.99,6.45828485,0.25290433688130093
Switzerland,CHE,2012,6141.69828106055,9.39,90.61,10.86467552,0.11723878800201823
"Congo, Dem. Rep.",COD,2012,20.8689555172552,4.82,95.18,3.87759209,0.929327724581542
Costa Rica,CRI,2012,1153.18506189664,7.82,92.18,31.73282051,0.05390195805474884
Czechia,CZE,2012,2222.76234717878,2.1,97.9,14.37806797,0.1165884241067751
Djibouti,DJI,2012,118.531318557967,2.25,97.75,7.13329363,0.3586648061847255
"Egypt, Arab Rep.",EGY,2012,487.155387906785,26.2,73.8,4.38540936,0.2904543875922225
Spain,ESP,2012,2935.21069675129,5.63,94.37,13.35083103,0.0954068991763727
Finland,FIN,2012,3918.01100832372,6.28,93.72,13.77991772,0.09243606644699157
Georgia,GEO,2012,776.949362323195,23.31,76.69,5.50601006,0.2313401857460452
Ghana,GHA,2012,196.590909302413,1.48,98.52,8.9727478,0.2968898038412793
Guinea,GIN,2012,60.6597939264606,6.97,93.03,2.63003397,0.7627382359504964
Haiti,HTI,2012,157.489333218941,9.43,90.57,2.78391457,0.5017544531803951
Indonesia,IDN,2012,277.738478849921,3.45,96.55,4.07335424,0.3127057739029352
"Iran, Islamic Rep.",IRN,2012,999.486134484079,13.87,86.13,15.60608864,0.08382826107349625
Iraq,IRQ,2012,387.9416074278,3.7,96.3,2.3523643,0.5414813470855652
Israel,ISR,2012,2344.71563857451,10.58,89.42,10.80281639,0.11791012121423246
Japan,JPN,2012,4003.80479205547,9.3,90.7,22.22449875,0.057313391151285316
Kazakhstan,KAZ,2012,648.977936893201,1.91,98.09,9.44636345,0.2085978407119831
"Korea, Rep.",KOR,2012,2114.10783410827,12.34,87.66,10.98243332,0.11598170941592408
Lebanon,LBN,2012,1129.16517099988,26.6,73.4,10.07938385,0.1263729419333503
Sri Lanka,LKA,2012,338.898230427522,5.78,94.22,8.06339073,0.19952964050530797
Luxembourg,LUX,2012,5175.36534085332,3.59,96.41,10.58925629,0.12028808776711478
Latvia,LVA,2012,1146.00607319404,17.77,82.23,8.40603542,0.15152938648930925
Moldova,MDA,2012,538.928364491218,16.31,83.69,13.17397022,0.1235717050797677
Madagascar,MDG,2012,57.242961562924,2.87,97.13,12.93699551,0.3556196228910955
Mexico,MEX,2012,976.112779671033,2.52,97.48,10.65864182,0.11950503746264336
Montenegro,MNE,2012,1126.42214768253,7.78,92.22,11.60591507,0.10975105214172486
Mongolia,MNG,2012,397.852535747013,2.16,97.84,6.50338697,0.24347605484027357
Mauritius,MUS,2012,709.137725521315,5.59,94.41,8.31904316,0.15311392975150748
Nigeria,NGA,2012,159.705271406325,16.88,83.12,3.66798377,0.43181777720294784
Peru,PER,2012,510.377265584211,11.71,88.28999999999999,12.24156475,0.13189219424976276
Philippines,PHL,2012,254.563194022443,6.13,93.87,6.20142746,0.262119770286884
Poland,POL,2012,1477.89280512492,13.93,86.07,10.07476521,0.12643087590127638
Romania,ROU,2012,891.506628679956,11.99,88.01,9.60762787,0.13257813554346187
Russian Federation,RUS,2012,1190.65379224731,3.05,96.95,9.24172211,0.1378272766524455
Slovenia,SVN,2012,2533.16029226746,4.17,95.83,12.45778847,0.10224618864474852
Thailand,THA,2012,514.935772168288,2.52,97.48,12.64099789,0.13105828056763535
Turkiye,TUR,2012,916.517323310264,3.06,96.94,10.30854511,0.12356364321133573
Uganda,UGA,2012,137.743790303745,15.74,84.26,7.05044317,0.298216492854249
Ukraine,UKR,2012,654.561052533931,7.69,92.31,7.64040852,0.1667137806395726
United States,USA,2012,8262.29308300491,4.99,95.01,19.64053917,0.06485368751717348
Viet Nam,VNM,2012,318.953561520804,9.14,90.86,9.5150404,0.18557051698112711
Afghanistan,AFG,2013,184.226283879341,14.63,85.37,1.77506959,0.7175839173719359
Armenia,ARM,2013,1009.29482915641,16.05,83.95,5.78087997,0.22034039741530884
Burundi,BDI,2013,59.3087631704916,3.29,96.71,4.43170166,0.5922586977121705
Belarus,BLR,2013,1080.54208098632,7.02,92.98,8.74394131,0.14567359784806191
Bolivia,BOL,2013,367.351171499099,10.08,89.92,9.20546436,0.17873707626115215
Switzerland,CHE,2013,6530.66238112341,7.5,92.5,10.55523682,0.12067577560993079
China,CHN,2013,563.056307637782,18.85,81.15,9.41684246,0.14412660518210108
Czechia,CZE,2013,2309.5387577344,2.27,97.73,14.84314823,0.09520266817750785
Ecuador,ECU,2013,765.689002022544,10.31,89.69,8.26161385,0.154178277165544
Spain,ESP,2013,2973.0430342622,5.93,94.07,13.88056183,0.091765838126741
United Kingdom,GBR,2013,3993.16150484047,1.64,98.36,18.97663307,0.12586683772561819
Georgia,GEO,2013,843.653328927762,24.61,75.39,6.85161304,0.18590679049790604
Haiti,HTI,2013,124.901867518483,11.54,88.46000000000001,2.99846768,0.5386723578880338
Indonesia,IDN,2013,283.090364901469,3.74,96.26,4.34042978,0.29842421274407843
"Iran, Islamic Rep.",IRN,2013,892.215673040316,15.81,84.19,16.34275436,0.08703119370196588
Israel,ISR,2013,2514.02722792017,10.84,89.16,10.91187763,0.11673164172021595
Japan,JPN,2013,4196.74867143611,9.1,90.9,22.21854019,0.057328761435609187
Kazakhstan,KAZ,2013,632.541101474376,1.81,98.19,9.324193,0.22793606101122918
"Korea, Rep.",KOR,2013,2190.77860540843,12.31,87.69,11.52522659,0.11051942276824228
Lao PDR,LAO,2013,125.310530168583,13.49,86.51,2.94007111,0.5438637138004984
Luxembourg,LUX,2013,5346.19664668479,3.33,96.67,10.64737415,0.11963150463722584
Latvia,LVA,2013,1217.72892723867,18.04,81.96000000000001,8.42068386,0.15126578923721742
Morocco,MAR,2013,401.27846681529,13.4,86.6,6.00545788,0.21282846282707807
Moldova,MDA,2013,580.869960702299,16.05,83.95,12.49917507,0.12301340529973112
Montenegro,MNE,2013,1235.67971186631,9.13,90.87,10.68526936,0.11920723260082637
Malawi,MWI,2013,123.972172016742,6.62,93.38,7.15567255,0.30297307384517624
Malaysia,MYS,2013,825.146980637971,1.1,98.9,6.81631851,0.4730712545742307
Nepal,NPL,2013,123.069881376699,10.31,89.69,4.88382769,0.3996424445190149
Pakistan,PAK,2013,100.862315440971,5.61,94.39,3.24930596,0.5593013558041693
Peru,PER,2013,537.124552732904,10.47,89.53,12.31632423,0.12850870111707513
Poland,POL,2013,1575.0455734278,13.29,86.71000000000001,10.49304199,0.12139105048983038
Romania,ROU,2013,1026.13185618891,12.55,87.45,11.520751,0.11056235743659458
Russian Federation,RUS,2013,1314.77490035272,4.84,95.16,9.14695454,0.1392552444018159
Rwanda,RWA,2013,102.444239012266,1.63,98.37,8.30411816,0.3933189536342719
Saudi Arabia,SAU,2013,2655.67011143147,1.73,98.27,8.74786663,0.25711215827632433
Singapore,SGP,2013,3067.23108647111,9.01,90.99,13.96146393,0.09123408522103345
Serbia,SRB,2013,1359.00886915427,9.03,90.97,13.17477703,0.09668181762010421
Seychelles,SYC,2013,832.788647411511,2.56,97.44,8.47202492,0.15034910803826995
Thailand,THA,2013,525.427084250664,2.2,97.8,12.16323185,0.13323834998348086
Tajikistan,TJK,2013,191.949695449078,7.57,92.43,6.86730862,0.27464328077827854
Turkiye,TUR,2013,974.66536298297,3.64,96.36,10.16183186,0.1253476152281071
Ukraine,UKR,2013,728.5452748612,7.21,92.79,6.94465542,0.18341606789181752
United States,USA,2013,8412.25161694737,4.77,95.23,20.36149597,0.06255735786195261
Armenia,ARM,2014,1021.96694214014,19.47,80.53,6.27526045,0.20298143800549348
Burkina Faso,BFA,2014,83.0704098408653,3.13,96.87,7.77367115,0.3910975873984312
Belarus,BLR,2014,1023.12317355307,6.47,93.53,8.68483829,0.14666495189284606
Bolivia,BOL,2014,415.513214249279,6.25,93.75,8.95201874,0.17185420636185986
Canada,CAN,2014,4678.0342602899,3.5,96.5,18.96989441,0.06714646705300245
Switzerland,CHE,2014,6768.53336961043,8.7,91.3,10.79354095,0.11801144739252592
Cote d'Ivoire,CIV,2014,152.132339320008,12.43,87.57,5.11125422,0.36099251635333957
Cameroon,CMR,2014,148.577059314443,10.71,89.28999999999999,2.9397316,0.5026292850809821
Comoros,COM,2014,153.886821992236,8.81,91.19,3.81965494,0.4290095956417503
Czechia,CZE,2014,2471.6316360658,2.05,97.95,14.96242809,0.11720896360611287
Spain,ESP,2014,3087.21593037643,6.39,93.61,14.09342861,0.09037980928900419
United Kingdom,GBR,2014,4118.59961759167,2.03,97.97,19.27662277,0.09258346091067181
Guatemala,GTM,2014,485.020915257109,11.45,88.55,16.46030045,0.11249689125748812
Indonesia,IDN,2014,298.350836609965,4.38,95.62,5.40550184,0.26167740867009553
"Iran, Islamic Rep.",IRN,2014,1050.12262271797,15.96,84.03999999999999,23.14384651,0.0671716160898788
Japan,JPN,2014,4236.89480951135,9.1,90.9,22.57162476,0.05643197614454738
Kazakhstan,KAZ,2014,712.678284811402,1.93,98.07,10.03429031,0.19328972922595908
Cambodia,KHM,2014,181.505816559127,13.16,86.84,6.16770315,0.3003664622613279
"Korea, Rep.",KOR,2014,2322.1120535281,12.85,87.15,11.73864746,0.10851006424210306
Liberia,LBR,2014,134.373041564772,22.33,77.67,2.46118927,0.5778881967592286
Luxembourg,LUX,2014,5573.94465329028,2.97,97.03,10.8537426,0.1173568820399324
Latvia,LVA,2014,1296.14950056518,18.84,81.16,8.37547684,0.15208225326547445
Moldova,MDA,2014,606.256565287148,16.34,83.66,12.75728226,0.11927549187138567
Mexico,MEX,2014,1007.54661974902,2.62,97.38,10.34577084,0.12311904155804818
Mali,MLI,2014,82.346286844008,3.46,96.54,4.45473289,0.4909955717993223
Montenegro,MNE,2014,1211.21894951398,8.86,91.14,10.98364925,0.11596886981801596
Mongolia,MNG,2014,466.776719046787,3.04,96.96,7.48502493,0.17731317436666483
Mozambique,MOZ,2014,72.7491636302105,1.61,98.39,4.31728172,0.6292894923709013
Mauritania,MRT,2014,134.014205568576,11.66,88.34,5.24069929,0.3706804533122443
Nicaragua,NIC,2014,404.262174316513,24.73,75.27,16.91161156,0.1173352677666168
Nepal,NPL,2014,147.250089359703,10.2,89.8,5.26823664,0.3580089504388583
Peru,PER,2014,573.868653766108,9.17,90.83,13.09590244,0.12059908553828098
Poland,POL,2014,1626.76685300068,13.54,86.46000000000001,10.47100353,0.12164654384372996
Russian Federation,RUS,2014,1345.72476034453,4.87,95.13,9.16428947,0.13899183282782074
Sudan,SDN,2014,241.838955768538,12.46,87.53999999999999,10.61807156,0.18963688025835074
Thailand,THA,2014,566.132021162177,2.14,97.86,12.66222954,0.12925715505880964
Tajikistan,TJK,2014,212.930415363976,8.42,91.58,7.56245518,0.2487736892579212
Timor-Leste,TLS,2014,217.407250451264,2.61,97.39,3.71855545,0.3695062428167459
Trinidad and Tobago,TTO,2014,1477.67273285456,3.88,96.12,7.47479582,0.17040751622831674
Turkiye,TUR,2014,1031.17203598621,3.69,96.31,10.29003143,0.1237859571824457
Ukraine,UKR,2014,717.734371300855,7.76,92.24,7.71915102,0.16501314544821521
United States,USA,2014,8796.33933361209,4.9,95.1,21.47860718,0.059303723901896144
Viet Nam,VNM,2014,342.281132872247,9.82,90.18,9.12324142,0.18506644935519012
"Yemen, Rep.",YEM,2014,181.918965324669,15.83,84.17,2.82031083,0.4620622634200252
South Africa,ZAF,2014,1051.53110465942,1.03,98.97,14.9161272,0.2234483836727702
Armenia,ARM,2015,1015.35194765081,22.43,77.57,6.11530304,0.20829080450606804
Australia,AUS,2015,4760.54357572354,2.47,97.53,18.28901672,0.06964624777269014
Benin,BEN,2015,74.3508582501171,5.55,94.45,3.25478005,0.6181080733738049
Bulgaria,BGR,2015,1388.45076597855,13.07,86.93,10.23375225,0.12446670183949417
Bahrain,BHR,2015,2283.39810616744,4.88,95.12,8.8659935,0.14366820706557074
Bosnia and Herzegovina,BIH,2015,1120.60829265156,8.18,91.82,14.9841013,0.08500752661088858
Belarus,BLR,2015,1096.81250685851,8.32,91.68,8.82638741,0.14431288032483938
Bolivia,BOL,2015,468.504622088813,6.02,93.98,9.67435074,0.15589204341833157
Botswana,BWA,2015,863.173293373375,4.32,95.68,10.41588783,0.12229023687556319
Canada,CAN,2015,4773.7481512308,3.3,96.7,19.06813622,0.0668005186927493
Switzerland,CHE,2015,7166.58637587459,7.95,92.05,10.92490101,0.11659248800827247
Cyprus,CYP,2015,2136.11670471907,14.74,85.26,6.62951279,0.19213499247204913
Czechia,CZE,2015,2489.06836173485,2.16,97.84,14.75402832,0.10732113075927716
"Egypt, Arab Rep.",EGY,2015,581.864496371668,31.22,68.78,5.05797672,0.2518321970449875
Spain,ESP,2015,3233.04254906521,7.02,92.98,14.77256393,0.08622480133006938
Ethiopia,ETH,2015,62.4177160410784,2.12,97.88,5.57211685,0.5906583976776831
Georgia,GEO,2015,1043.96680383389,29.06,70.94,9.60857868,0.1325650163693095
"Gambia, The",GMB,2015,63.2149503666416,0.2,99.8,5.0990448,0.9056722948589004
Hungary,HUN,2015,1842.37776890944,12.48,87.52,9.2215929,0.1381281307701194
Indonesia,IDN,2015,293.233792506128,3.61,96.39,6.57872438,0.23823270458434567
"Iran, Islamic Rep.",IRN,2015,1147.52076688832,17.03,82.97,25.84053993,0.060753599658742
Israel,ISR,2015,2620.64548850889,11.63,88.37,11.64865208,0.10934839338080742
Japan,JPN,2015,4392.67629747452,9.2,90.8,23.15028763,0.055021406660595955
Kazakhstan,KAZ,2015,683.639620397393,2.54,97.46,8.39476204,0.1517328762781698
Kenya,KEN,2015,175.250024188806,5.19,94.81,8.07448006,0.2529176929127914
"Korea, Rep.",KOR,2015,2573.42287690324,13.51,86.49,12.11640549,0.10512700248033616
Luxembourg,LUX,2015,5546.68241910198,3.35,96.65,10.63425922,0.11977904277567591
Latvia,LVA,2015,1405.77567653213,19.42,80.58,8.5845499,0.14837835469976074
Moldova,MDA,2015,623.654913006427,18.49,81.51,12.21473503,0.12037213647141633
Mali,MLI,2015,80.5693365319561,2.13,97.87,4.39033413,0.5521671196654934
Malta,MLT,2015,3380.96255732967,15.94,84.06,13.9868679,0.09106837921876704
Myanmar,MMR,2015,231.926060209617,13.82,86.18,4.81628418,0.3139750478384119
Montenegro,MNE,2015,1460.07615605329,10.27,89.73,11.63480854,0.10947850027964393
Namibia,NAM,2015,1044.60998277259,1.52,98.48,12.35063553,0.20843650972299638
Nigeria,NGA,2015,185.883651818011,18.53,81.47,5.33124638,0.326171308861364
Nepal,NPL,2015,161.650878659451,9.84,90.16,5.1459527,0.3516169105741871
Pakistan,PAK,2015,111.779544365698,4.47,95.53,3.85042071,0.48344727574848184
Peru,PER,2015,578.203049484522,8.26,91.74,13.54340839,0.11797778496384415
Philippines,PHL,2015,268.757499478344,6.31,93.69,8.25687599,0.21625411820843027
Poland,POL,2015,1717.35929009022,14.77,85.23,10.63470554,0.11977401585864661
El Salvador,SLV,2015,694.855934432273,2.3,97.7,17.73853302,0.0954895036280488
Serbia,SRB,2015,1312.5111832535,8.05,91.95,11.91801167,0.10687700476131527
Slovak Republic,SVK,2015,2033.76661924823,2.65,97.35,12.02904129,0.10589051606788459
Slovenia,SVN,2015,2689.42033520024,2.51,97.49,12.36574936,0.10300721395181159
Togo,TGO,2015,117.430109041544,26.45,73.55,4.03825331,0.4606881399859551
Thailand,THA,2015,608.321119856769,1.88,98.12,12.47859097,0.16163200356382285
Tunisia,TUN,2015,669.961007011244,16.74,83.26,12.1791687,0.11633843947186004
Turkiye,TUR,2015,1040.8461041687,3.51,96.49,9.90802383,0.128558571502749
Ukraine,UKR,2015,733.095386435762,7.13,92.87,8.56910324,0.1486458214267007
United States,USA,2015,9200.93133248374,4.4,95.6,22.3181076,0.05707300156577811
Zambia,ZMB,2015,147.84147758589,0.28,99.72,7.56145144,0.5943568633936792
Afghanistan,AFG,2016,261.566866928026,23.84,76.16,2.14110541,0.5949083048648223
Armenia,ARM,2016,1078.44064546615,19.29,80.71000000000001,6.05354738,0.21041569678769032
Bangladesh,BGD,2016,109.412957923441,24.42,75.58,4.09935808,0.46729747942941907
Bulgaria,BGR,2016,1537.63886097561,22.29,77.71000000000001,11.82779217,0.10769223636096416
Belarus,BLR,2016,1050.702270065,9.53,90.47,10.30651379,0.12358799648003926
Barbados,BRB,2016,1115.96201394759,16.37,83.63,9.28489876,0.1371863520459109
Canada,CAN,2016,5103.64665868687,3.4,96.6,18.96101761,0.06717790237841585
Switzerland,CHE,2016,7543.55137038756,7.15,92.85,11.17563915,0.11397660329789679
Chile,CHL,2016,1990.21504920164,14.6,85.4,16.75084496,0.07604162017149953
Colombia,COL,2016,1056.38520605909,8.19,91.81,17.65917969,0.07683707903330529
Spain,ESP,2016,3343.15398260259,7.28,92.72,15.09663391,0.08437386755177669
Finland,FIN,2016,4213.80738451905,6.72,93.28,13.35685921,0.09536384040391509
United Kingdom,GBR,2016,4348.86937179224,2.09,97.91,19.95613861,0.08477587773927843
Georgia,GEO,2016,1165.1821085307,30.74,69.26,10.32651424,0.12334863056364677
Ghana,GHA,2016,169.893855002895,1.33,98.67,6.53767872,0.4387640043992873
Greece,GRC,2016,2322.72643625741,16.89,83.11,8.80892181,0.14459901194196093
Hungary,HUN,2016,1959.38089676645,11.91,88.09,10.11028862,0.12598664962741676
Indonesia,IDN,2016,310.081437615651,4.31,95.69,8.12968636,0.2062731066180144
"Iran, Islamic Rep.",IRN,2016,1137.13457356271,15.78,84.22,24.21533966,0.06318879464689649
Japan,JPN,2016,4324.3399171434,9.4,90.6,23.17672729,0.05495863907194482
Kyrgyz Republic,KGZ,2016,298.447210734546,3.47,96.53,6.41580772,0.2395456684545082
"Korea, Rep.",KOR,2016,2760.95388600378,13.95,86.05,12.69531536,0.1003331822707873
Liberia,LBR,2016,157.762615323847,6.75,93.25,3.89701653,0.4196241262513075
St. Lucia,LCA,2016,690.469941850936,6.17,93.83,8.51580906,0.1495760861974983
Sri Lanka,LKA,2016,458.012241088255,5.44,94.56,8.56482697,0.1677976000372767
Luxembourg,LUX,2016,5806.30467269822,3.52,96.48,10.69193459,0.11913292017249531
Latvia,LVA,2016,1631.07362884453,21.41,78.59,9.13275623,0.13947173864291373
Moldova,MDA,2016,620.854217678566,17.15,82.85,12.20803356,0.12067004444029211
Maldives,MDV,2016,1920.75895112192,10.27,89.73,19.74809265,0.06450047670806318
Mexico,MEX,2016,1082.62991948582,1.54,98.46,10.41155815,0.24428212999795293
Mali,MLI,2016,80.0365339758319,1.95,98.05,5.43063307,0.5239183333582035
Mongolia,MNG,2016,489.036877585581,4.49,95.51,6.46197653,0.19711637516578784
Malaysia,MYS,2016,935.790627376657,1.96,98.04,8.26288128,0.22910611334737732
Nepal,NPL,2016,161.418749208597,10.66,89.34,5.31455946,0.3446711095510324
Peru,PER,2016,604.265407844917,8.46,91.53999999999999,14.63433075,0.11079300617381878
Poland,POL,2016,1856.86220963737,15.04,84.96000000000001,10.94734287,0.11635347546212385
West Bank and Gaza,PSE,2016,514.542791976022,9.0,91.0,8.7594099,0.156391031856007
Romania,ROU,2016,1210.83316276544,13.42,86.58,11.41569424,0.11157984466129146
Rwanda,RWA,2016,111.397438778553,1.15,98.85,6.23024607,0.507575228836771
El Salvador,SLV,2016,736.857034491996,4.9,95.1,17.65205383,0.09141714363651335
"Somalia, Fed. Rep.",SOM,2016,37.4867276163693,0.55,99.45,5.77611828,0.8880907593524641
Suriname,SUR,2016,867.481983819115,4.87,95.13,13.70886993,0.09605387916817709
Eswatini,SWZ,2016,593.221410414995,5.0,95.0,8.21805286,0.15499552165207214
Thailand,THA,2016,656.681703204639,1.99,98.01,13.58028507,0.13597858687867084
Tajikistan,TJK,2016,202.905221649611,9.15,90.85,6.09424782,0.2904876167029433
Turkiye,TUR,2016,1110.57942653774,3.73,96.27,9.94375896,0.12809656741719755
Uganda,UGA,2016,111.678899331241,15.27,84.73,5.17819309,0.3950979717025002
Ukraine,UKR,2016,777.953065501439,8.93,91.07,8.93867588,0.14250000862543868
Uruguay,URY,2016,1973.08320128514,2.11,97.89,20.24422646,0.08203985511506748
United States,USA,2016,9535.60048808215,4.47,95.53,22.4877243,0.056642520737414395
Viet Nam,VNM,2016,407.834094831029,9.39,90.61,9.59658623,0.16683576988306895
Albania,ALB,2017,832.955874831663,8.85,91.15,9.51418209,0.1338802829240362
Argentina,ARG,2017,2399.4439117441,9.57,90.43,16.25163269,0.0783774414729282
Armenia,ARM,2017,1278.00393260604,21.44,78.56,5.27347183,0.24154132819175447
Bulgaria,BGR,2017,1661.7176383074,21.16,78.84,11.83658028,0.10761227988731242
Belarus,BLR,2017,1056.47330120896,10.2,89.8,10.1955843,0.12493265246210544
Brazil,BRA,2017,1378.92393296078,11.81,88.19,8.92413235,0.14273223883776234
Bhutan,BTN,2017,352.284445101614,3.98,96.02,7.58420563,0.20277900433491627
Canada,CAN,2017,5240.51940680873,3.8,96.2,18.80901527,0.06772079089284508
Switzerland,CHE,2017,7755.17727442833,7.9,92.1,11.32075405,0.11251559607904292
Djibouti,DJI,2017,115.971571825083,1.47,98.53,4.8029952,0.5543860880098386
"Egypt, Arab Rep.",EGY,2017,594.79720776435,31.14,68.86,5.41994762,0.23501359778823755
Spain,ESP,2017,3598.63989037334,7.09,92.91,15.28122902,0.08335464302857513
Gabon,GAB,2017,411.455794024276,3.83,96.17,9.7150774,0.16505047172995999
United Kingdom,GBR,2017,4470.11052488707,2.2,97.8,19.74937057,0.07703979601029946
Georgia,GEO,2017,1173.32799010833,31.39,68.61,9.5190258,0.13381215859295137
Hungary,HUN,2017,1999.00851890888,11.61,88.39,9.88214207,0.12889527199440537
Indonesia,IDN,2017,310.387468170017,4.52,95.48,8.2089262,0.20502011709242154
India,IND,2017,180.407423467841,17.46,82.53999999999999,3.66080451,0.4085619760838522
"Iran, Islamic Rep.",IRN,2017,1163.12432794892,16.86,83.14,24.50479889,0.06213033253871695
Iraq,IRQ,2017,422.367697072078,19.57,80.43,4.77492046,0.266760755633613
Israel,ISR,2017,2949.81977416572,11.84,88.16,11.76447964,0.1082718002816831
Jordan,JOR,2017,658.735447420871,6.36,93.64,11.0992403,0.12275897748792625
Japan,JPN,2017,4413.18629236203,9.6,90.4,24.46199036,0.05207104455747155
Kazakhstan,KAZ,2017,731.764378703708,2.84,97.16,7.85734415,0.16211093286527356
"Korea, Rep.",KOR,2017,2926.77117938189,13.21,86.78999999999999,13.17136097,0.09670689254521278
Luxembourg,LUX,2017,5961.60261392162,4.69,95.31,10.54775524,0.12076137159208508
Moldova,MDA,2017,794.869290604907,16.29,83.71000000000001,11.64592075,0.10937403897411907
Mali,MLI,2017,80.3813146139896,1.51,98.49,5.13726282,0.5621045052673072
Myanmar,MMR,2017,220.83173177914,12.71,87.28999999999999,3.52443361,0.3756120440013002
Mauritius,MUS,2017,1239.78175534862,8.2,91.8,10.20433331,0.12482553747550953
Panama,PAN,2017,2407.87885995687,6.2,93.8,20.79706573,0.061247168544675434
Peru,PER,2017,621.620109136811,7.97,92.03,14.43339157,0.11027369825042661
Poland,POL,2017,1972.36793970352,15.51,84.49,10.93835545,0.11644907644686187
Qatar,QAT,2017,3002.03810876146,1.3,98.7,7.82535124,0.3725004344403074
El Salvador,SLV,2017,755.122853753257,3.9,96.1,16.31419945,0.09442271934282466
"Somalia, Fed. Rep.",SOM,2017,42.2444179689043,0.13,99.87,4.72644377,0.9999999999999554
Sao Tome and Principe,STP,2017,256.541219326376,4.83,95.17,10.76263332,0.18453388346752728
Thailand,THA,2017,677.059967108563,2.22,97.78,13.10431576,0.1148191788291081
Tajikistan,TJK,2017,206.78412651806,8.85,91.15,5.88567734,0.29455989216165196
Turkiye,TUR,2017,1139.10260447613,4.46,95.54,9.96030045,0.1278838320585001
Ukraine,UKR,2017,813.704638495788,7.3,92.7,8.44696903,0.15079508229237604
United States,USA,2017,9822.60605528924,4.5,95.5,22.58487129,0.05639887753374052
Zimbabwe,ZWE,2017,149.767935707889,11.82,88.18,6.97941875,0.29355573866404616
Angola,AGO,2018,190.30933929081,35.53,64.47,5.36431932,0.3219444117241401
Benin,BEN,2018,101.821094387433,14.29,85.71000000000001,4.02434921,0.4843695622140606
Burkina Faso,BFA,2018,102.632669494356,8.37,91.63,8.78502369,0.2680559340883026
Bulgaria,BGR,2018,1753.56327690919,21.28,78.72,11.4341774,0.11139947767471196
Belarus,BLR,2018,1102.02202824589,9.99,90.01,10.30541611,0.12360116043873136
Belize,BLZ,2018,453.119819271393,6.2,93.8,12.2098484,0.13890081662944562
Bolivia,BOL,2018,591.229168070987,4.26,95.74,12.72148514,0.12086108442590109
China,CHN,2018,814.630086026044,24.33,75.67,8.76146317,0.14538226838200588
Cote d'Ivoire,CIV,2018,152.902803893692,8.33,91.67,5.11727667,0.36006964875911085
Costa Rica,CRI,2018,1566.32042725931,7.41,92.59,27.91470909,0.050249226400828594
Czechia,CZE,2018,3075.20614608327,3.85,96.15,15.55631256,0.08188067609770319
Dominican Republic,DOM,2018,758.960216959216,8.17,91.83,15.66787052,0.09624548444020273
Spain,ESP,2018,3731.49996051404,7.06,92.94,15.11951733,0.08424616753291606
Ethiopia,ETH,2018,69.2233849696006,3.48,96.52,4.76060486,0.5129125379891646
United Kingdom,GBR,2018,4614.18696766086,2.27,97.73,20.01935196,0.07058706587872665
Georgia,GEO,2018,1144.00984996743,29.99,70.01,10.32494736,0.12336734954549926
Guinea,GIN,2018,106.338307620256,1.5,98.5,3.87917757,0.6716086275964254
Guinea-Bissau,GNB,2018,149.85417712923,5.05,94.95,2.59429789,0.5326743004962033
Hungary,HUN,2018,2112.94481327715,12.31,87.69,9.88008499,0.12892210859412873
Indonesia,IDN,2018,326.103776326436,4.74,95.26,8.40313911,0.19812598699962314
"Iran, Islamic Rep.",IRN,2018,984.711822271363,17.0,83.0,20.78560066,0.07331291295923817
Israel,ISR,2018,3035.32613663784,12.81,87.19,11.75612926,0.10834870575419334
Japan,JPN,2018,4522.3413919771,9.7,90.3,24.48888969,0.05201384816234176
Kazakhstan,KAZ,2018,707.173944574643,2.61,97.39,9.09603882,0.14003473547180825
"Korea, Rep.",KOR,2018,3246.98677712342,11.96,88.03999999999999,13.71217537,0.09289272895289741
Moldova,MDA,2018,789.42537807563,13.09,86.91,12.02570248,0.10732842678611333
Mexico,MEX,2018,1095.91173650131,2.51,97.49,10.41115475,0.12234583200292926
North Macedonia,MKD,2018,1172.94149598749,8.41,91.59,12.41411114,0.10260592769270138
Mali,MLI,2018,83.9761350649616,2.06,97.94,5.66878557,0.4949430460950805
Mongolia,MNG,2018,565.673398471365,7.18,92.82,7.37636042,0.17268155532996582
Niger,NER,2018,67.5165256872818,6.52,93.48,8.3492775,0.29844416922123984
Nigeria,NGA,2018,157.105270993209,15.79,84.21000000000001,3.8811214,0.4213586655360557
Pakistan,PAK,2018,140.839066362795,5.39,94.61,4.89949369,0.38124376410139604
Peru,PER,2018,679.840135403432,9.21,90.78999999999999,14.89298248,0.10409701860663478
Poland,POL,2018,2021.77060101869,14.35,85.65,10.82728767,0.11764362680870727
Saudi Arabia,SAU,2018,3011.30378763351,1.31,98.69,11.04889965,0.26242105076187494
Senegal,SEN,2018,149.805101797199,6.86,93.14,4.96151876,0.36998592283644666
Sierra Leone,SLE,2018,139.926057014635,16.4,83.6,3.59921885,0.4622205393738187
El Salvador,SLV,2018,766.010657011516,3.41,96.59,16.46056175,0.09334999542243685
Serbia,SRB,2018,1507.56363488042,8.97,91.03,12.44849491,0.10232252165494905
Slovenia,SVN,2018,3236.61402075633,3.69,96.31,13.72664261,0.09279482435654399
Chad,TCD,2018,73.2799515768197,9.3,90.7,4.86149549,0.46053368961954844
Togo,TGO,2018,127.348479655682,13.68,86.32,5.4890213,0.3648144944822889
Thailand,THA,2018,730.379120444958,2.04,97.96,13.12356186,0.13481199608481934
Tajikistan,TJK,2018,215.260701328284,9.8,90.2,6.14457893,0.28246898591893077
Turkiye,TUR,2018,1124.65599319441,4.3,95.7,9.29888058,0.13698007830529685
Tanzania,TZA,2018,110.040920459283,4.3,95.7,9.41473198,0.26764870196757623
Ukraine,UKR,2018,893.6309938762,7.78,92.22,8.35254765,0.1524997453920541
United States,USA,2018,10180.4823229849,4.51,95.49,22.58873749,0.05638922452234863
Viet Nam,VNM,2018,503.180098442379,10.03,89.97,10.21770763,0.1464293805590152
United Arab Emirates,ARE,2019,3409.700148469,0.372,99.628,7.91993999,0.5494685646979757
Armenia,ARM,2019,1738.55875811611,24.86,75.14,5.66885042,0.2246948315140067
Belarus,BLR,2019,1305.00109860036,9.33,90.67,11.04388905,0.11533630809157776
Bolivia,BOL,2019,631.930127874865,4.55,95.45,13.54663086,0.1133029703726883
Canada,CAN,2019,5554.96352468819,3.5,96.5,18.92759895,0.06729651200687524
Czechia,CZE,2019,3422.44715438304,4.64,95.36,15.68214798,0.08122365581707756
Spain,ESP,2019,4075.97609213283,7.87,92.13,15.22969532,0.08363669549759586
United Kingdom,GBR,2019,4983.83652854371,2.22,97.78,20.52682686,0.07261335270939254
Georgia,GEO,2019,1201.65520322936,31.0,69.0,9.38722324,0.1356909660539828
Indonesia,IDN,2019,345.046001576198,2.53,97.47,8.54535389,0.19463543092219418
"Iran, Islamic Rep.",IRN,2019,832.175810194026,15.35,84.65,19.4479351,0.08207608318601116
Japan,JPN,2019,4679.33218824469,10.5,89.5,24.6980896,0.0515732759346698
Kazakhstan,KAZ,2019,799.701068382388,2.91,97.09,8.2512455,0.15437201450374963
Kyrgyz Republic,KGZ,2019,229.016769144427,4.29,95.71,7.09393597,0.25248392885574644
Cambodia,KHM,2019,311.269698199494,17.86,82.14,6.99103546,0.22429402338342053
Lao PDR,LAO,2019,202.090167288715,8.4,91.6,5.16324902,0.3212933359052995
Luxembourg,LUX,2019,6700.66965094926,4.52,95.48,10.89836788,0.11687634368973006
Morocco,MAR,2019,409.959564651381,8.2,91.8,7.30722809,0.19197294431224296
Moldova,MDA,2019,864.662968865747,14.05,85.95,12.1204834,0.10509163273141396
North Macedonia,MKD,2019,1412.93528345454,9.73,90.27,13.55631161,0.09396076356495024
Mali,MLI,2019,91.125148472922,1.8,98.2,4.83501434,0.5085236726917036
Mozambique,MOZ,2019,109.743746034701,3.58,96.42,6.52060223,0.34345745492795476
Malawi,MWI,2019,92.1473593931542,2.91,97.09,7.93860054,0.3745863103754731
Malaysia,MYS,2019,1111.03714581917,1.52,98.48,8.52427959,0.3019989355765003
Peru,PER,2019,709.342868059496,8.41,91.59,15.34553719,0.10044477558104781
Poland,POL,2019,2292.10627205968,14.86,85.14,11.01052094,0.11568584238122315
Russian Federation,RUS,2019,1759.39899967257,7.2,92.8,10.19961929,0.1248832288523585
El Salvador,SLV,2019,859.415342428711,4.06,95.94,16.971138,0.08698279877114903
Serbia,SRB,2019,1701.65775251246,8.53,91.47,12.03067684,0.10587612043280538
Thailand,THA,2019,756.757118622001,1.87,98.13,13.28045177,0.15303865982587667
Turkiye,TUR,2019,1200.39248868231,4.22,95.78,9.53611851,0.13357231127783029
Ukraine,UKR,2019,953.68413708251,8.32,91.68,7.65581417,0.1663783056531531
United States,USA,2019,10550.2206945449,4.35,95.65,22.48074913,0.05666009538357382
Afghanistan,AFG,2020,401.16333264641,26.08,73.92,4.24602795,0.29998893200879606
Armenia,ARM,2020,1844.10278234491,23.18,76.82,7.6896224,0.16564680601221646
Burundi,BDI,2020,84.301690937684,4.77,95.23,7.33287811,0.32629085306817207
Belarus,BLR,2020,1598.28283021619,13.5,86.5,11.93542862,0.10672104291802147
United Kingdom,GBR,2020,5808.38012848447,2.36,97.64,20.36441803,0.06254838159988367
Georgia,GEO,2020,1520.02829376448,30.67,69.33,10.73317242,0.11867520059833304
Indonesia,IDN,2020,401.223289913644,2.23,97.77,10.24196243,0.16559047519514114
"Iran, Islamic Rep.",IRN,2020,700.010304525198,13.82,86.18,19.02957344,0.08944270530225336
Japan,JPN,2020,4855.9607582898,10.9,89.1,21.95446396,0.05801833250498535
Kazakhstan,KAZ,2020,1089.86734426699,3.43,96.57,10.06113434,0.1266021650198936
Kyrgyz Republic,KGZ,2020,257.988148371502,4.91,95.09,6.9168787,0.2446868120867546
Luxembourg,LUX,2020,7088.20370765635,3.8,96.2,10.71037102,0.11892784924270718
Moldova,MDA,2020,944.398271281347,11.97,88.03,12.3761425,0.1029207113605873
Mexico,MEX,2020,1171.40563850852,4.44,95.56,11.5203886,0.11056583542676661
Mongolia,MNG,2020,646.029106133253,14.71,85.28999999999999,6.92067099,0.1840517186614593
Peru,PER,2020,817.581330350486,9.67,90.33,16.6725502,0.08992052298955816
Poland,POL,2020,2356.09113851299,15.24,84.76,9.6803627,0.13158199020786635
Russian Federation,RUS,2020,2538.82360457465,7.7,92.3,15.01321125,0.08484270079127795
Thailand,THA,2020,835.011548990053,1.9,98.1,12.15377808,0.16340383095740396
United States,USA,2020,11648.4953090229,3.98,96.02,22.29912567,0.057121584444614924
Viet Nam,VNM,2020,502.938679900366,8.46,91.53999999999999,8.42611885,0.16122091854146667
Armenia,ARM,2021,2024.83372763285,19.89,80.11,7.6349659,0.166832623312699
Belarus,BLR,2021,1784.44988282305,16.54,83.46000000000001,13.27325821,0.0959644851209447
Bolivia,BOL,2021,771.477813151763,5.69,94.31,16.9197998,0.09167540617198902
Georgia,GEO,2021,1951.38810169459,31.41,68.59,14.22989559,0.08951305242851748
Indonesia,IDN,2021,472.82176279231,1.97,98.03,12.14989853,0.1555461520002436
"Iran, Islamic Rep.",IRN,2021,726.492590719466,15.36,84.64,16.05150604,0.09696246614520664
Japan,JPN,2021,5358.70264015009,11.1,88.9,24.53560448,0.05191481591734535
Kazakhstan,KAZ,2021,1292.98944963159,3.72,96.28,11.61758327,0.10964082291445454
Luxembourg,LUX,2021,7734.7397617275,4.34,95.66,11.51112652,0.11065479888409778
Moldova,MDA,2021,1200.78340748975,14.15,85.85,14.62191486,0.08711317239881676
Mali,MLI,2021,83.1808303762911,1.7,98.3,5.03743124,0.5384916616665952
Mongolia,MNG,2021,1080.65806755941,14.03,85.97,11.73573017,0.10853703787908381
Peru,PER,2021,1019.321046243,12.59,87.41,18.98254204,0.07555312006232906
Poland,POL,2021,2607.16810590306,16.09,83.91,10.53453255,0.12091294833960135
Thailand,THA,2021,1043.31229823859,2.05,97.95,13.70460606,0.12796651591319227
United States,USA,2021,12080.0736201021,4.61,95.39,21.24764442,0.05994835779541915
