Country Name,Country Code,Year,CHE_PPP,CHE10,FPE,OOP_pct,DEA_Efficiency
Bangladesh,BGD,2000,27.2905550706384,14.85,85.15,61.82206726,0.6772728036295392
Belarus,BLR,2000,316.620794668775,2.71,97.29,16.013731,0.34211726572225454
Bolivia,BOL,2000,147.649016788093,11.06,88.94,33.50730133,0.286487057131229
Canada,CAN,2000,2405.67150004447,3.3,96.7,16.60520935,0.07339727570739199
Czechia,CZE,2000,923.632574790482,0.79,99.21,10.1975069,0.1803994714225551
Estonia,EST,2000,485.687718341864,6.63,93.37,20.33896255,0.241632421193837
United Kingdom,GBR,2000,1895.92439875247,2.0,98.0,18.21689606,0.08963232245100242
Georgia,GEO,2000,217.030483039799,12.38,87.62,80.98433685,0.1636368798689899
Guatemala,GTM,2000,272.539677981635,3.68,96.32,58.98999405,0.1610452859782695
Hungary,HUN,2000,802.676557554202,8.26,91.74,27.32668304,0.15807966311070404
India,IND,2000,85.8442199233361,15.41,84.59,71.70202637,0.3012592052893631
Kyrgyz Republic,KGZ,2000,80.1123774476418,2.36,97.64,51.64644623,0.3635680886202651
Lithuania,LTU,2000,521.799343451219,10.06,89.94,27.15216637,0.20494645608149104
Morocco,MAR,2000,143.244423675375,11.5,88.5,53.86581421,0.24734903618914295
Moldova,MDA,2000,124.540222789945,6.89,93.11,47.17256546,0.2838723433983133
North Macedonia,MKD,2000,537.53067812623,1.99,98.01,42.08673859,0.1618193133394279
Peru,PER,2000,215.482857504425,11.82,88.18,40.28141403,0.22779357261652017
Philippines,PHL,2000,102.821933040413,2.83,97.17,41.19496918,0.3378907702690705
Poland,POL,2000,564.333435262893,12.39,87.61,31.12003899,0.18448785878573162
Paraguay,PRY,2000,417.524577825954,9.23,90.77,49.09693146,0.16285306537906685
Romania,ROU,2000,246.026072323928,7.03,92.97,19.41972351,0.3519576343142145
Russian Federation,RUS,2000,366.798169502002,3.22,96.78,30.20886612,0.2304875898592322
Rwanda,RWA,2000,21.7804527114344,8.44,91.56,26.58733177,0.9679299585460523
Eswatini,SWZ,2000,209.925583105027,8.76,91.24,18.52517891,0.3869865414326247
Thailand,THA,2000,226.053621678033,5.63,94.37,34.18558884,0.2534338034151434
Tunisia,TUN,2000,300.619191896892,22.54,77.46000000000001,38.62985992,0.21325782961200476
Tanzania,TZA,2000,35.7209386063051,5.01,94.99,38.47019196,0.6338684704315858
United States,USA,2000,4548.55482518934,5.94,94.06,15.11737442,0.040932222649581955
Uzbekistan,UZB,2000,159.591652250094,8.14,91.86,60.58262634,0.2213760021018323
Armenia,ARM,2001,137.599041293042,11.99,88.01,50.87960052,0.2588057127503635
Bulgaria,BGR,2001,469.278627742871,7.28,92.72,43.70613098,0.1676730895006957
Bosnia and Herzegovina,BIH,2001,394.056010421098,14.1,85.9,41.3520546,0.1855958015346309
Belarus,BLR,2001,367.78688402911,4.07,95.93,20.72087097,0.28023128525581725
Bolivia,BOL,2001,165.704082560183,7.9,92.1,33.05337524,0.28204410444040184
Canada,CAN,2001,2591.25879818127,2.9,97.1,15.92599487,0.06889235216734943
Cameroon,CMR,2001,91.3232099667445,20.58,79.42,75.10469818,0.28534196591929967
Cabo Verde,CPV,2001,142.872662297639,2.81,97.19,23.3310833,0.37953786891366
Czechia,CZE,2001,1031.86220701417,0.57,99.43,10.64326668,0.16308973706703717
Georgia,GEO,2001,238.28911793678,13.95,86.05,76.43830109,0.15562069862480155
Hungary,HUN,2001,900.733980760049,8.34,91.66,28.81419945,0.1439365682490699
Indonesia,IDN,2001,111.717915210114,2.56,97.44,40.49210739,0.3206623929471597
India,IND,2001,95.4058154088415,14.86,85.14,74.1062088,0.2807279797839585
Israel,ISR,2001,1858.37215319485,12.24,87.76,30.3302002,0.0836478951991769
Italy,ITA,2001,2170.31340970543,8.81,91.19,24.47626686,0.07652661285743856
Kazakhstan,KAZ,2001,297.396598186705,2.17,97.83,42.71286392,0.1997476783224341
Kyrgyz Republic,KGZ,2001,82.8230887383507,2.68,97.32,53.16455841,0.3523153570170652
Lithuania,LTU,2001,564.961459432522,11.48,88.52,27.58539391,0.19474858536239747
Moldova,MDA,2001,139.642169276076,8.76,91.24,51.94122314,0.2545670685593415
Nicaragua,NIC,2001,159.959380618934,15.95,84.05,40.38275528,0.24983220447881
Pakistan,PAK,2001,61.8534826574671,5.96,94.04,55.79309845,0.40230881544853325
Poland,POL,2001,630.267495766063,12.4,87.6,28.9781456,0.17915860157273514
Romania,ROU,2001,281.544304095558,7.0,93.0,18.94091988,0.33520397283691566
Russian Federation,RUS,2001,413.119757097163,1.93,98.07,30.79232025,0.2163323888522387
Senegal,SEN,2001,75.2441907337137,1.6,98.4,52.76372147,0.3731114347646091
United States,USA,2001,4901.67536216281,5.82,94.18,14.41595078,0.0382057471668177
Albania,ALB,2002,257.051227793997,23.37,76.63,50.85527039,0.18295498423285114
Armenia,ARM,2002,261.677018919282,11.47,88.53,75.23449707,0.1462163457168235
Azerbaijan,AZE,2002,111.519657988715,6.97,93.03,72.33946991,0.2604870312556969
Belarus,BLR,2002,389.188367334049,3.84,96.16,23.02361107,0.25868152667311123
Bolivia,BOL,2002,172.105025673811,8.23,91.77,33.92093658,0.2740425618172872
Canada,CAN,2002,2727.0447698299,3.0,97.0,15.9083395,0.0657617760759979
China,CHN,2002,153.543707505455,12.27,87.73,62.85082245,0.2247282821594846
Cote d'Ivoire,CIV,2002,95.9781370709401,18.47,81.53,75.83152771,0.2768039620856343
Czechia,CZE,2002,1127.05589555227,0.75,99.25,10.00170326,0.15233174204600863
Djibouti,DJI,2002,84.9293440276589,1.14,98.86,40.90150833,0.38448305277146366
Georgia,GEO,2002,283.725326802592,13.77,86.23,77.12854767,0.1374699379475583
Guinea,GIN,2002,65.8833758377763,9.67,90.33,59.40449905,0.37777749553720524
Guinea-Bissau,GNB,2002,42.4157692645454,5.49,94.51,57.38740921,0.4673877056724588
Hungary,HUN,2002,1032.77498460196,9.7,90.3,27.51259041,0.13307590910062606
Indonesia,IDN,2002,109.350278655416,2.29,97.71,46.37796402,0.31193119815250236
Israel,ISR,2002,1854.44348384301,12.14,87.86,27.84285736,0.08523973537026937
Jamaica,JAM,2002,382.287986260346,10.38,89.62,37.86093903,0.19830214112194572
Jordan,JOR,2002,604.100857834215,1.48,98.52,39.48170853,0.15856976580608978
Kazakhstan,KAZ,2002,343.568143784741,2.12,97.88,45.89466095,0.18176104397335952
Kyrgyz Republic,KGZ,2002,89.5114157241061,2.4,97.6,51.66136932,0.3406289973088789
Lao PDR,LAO,2002,83.1760958955142,3.07,96.93,49.66936493,0.3615567439718737
Lithuania,LTU,2002,641.827038469407,12.08,87.92,25.60276031,0.18639958859889819
Latvia,LVA,2002,578.263433090025,9.19,90.81,47.58166504,0.14627587480541382
Moldova,MDA,2002,181.921681252169,9.58,90.42,46.51903915,0.21876864172413593
North Macedonia,MKD,2002,559.140278442583,6.58,93.42,42.5700264,0.15799244440421642
Mongolia,MNG,2002,219.676844585463,1.28,98.72,20.9937973,0.35267304559029156
Mozambique,MOZ,2002,18.4831507452979,0.83,99.17,27.98241615,0.9999999999999996
Poland,POL,2002,715.971942783324,12.29,87.71000000000001,26.44939995,0.17205498699012559
Romania,ROU,2002,326.26868972151,7.61,92.39,17.83514595,0.32041139568193366
Russian Federation,RUS,2002,473.454964829201,3.16,96.84,31.21293449,0.2014276046821381
Thailand,THA,2002,271.727906178773,3.98,96.02,27.89708328,0.27285600209599603
Turkiye,TUR,2002,462.405801315857,6.01,93.99,20.32076836,0.24886120736765852
Uganda,UGA,2002,51.7066588334314,9.57,90.43,44.01206207,0.49551255459427324
Ukraine,UKR,2002,295.673439591646,12.41,87.59,45.11745834,0.19253024263991167
United States,USA,2002,5327.93694234898,6.32,93.68,14.32717609,0.03528512432951153
Uzbekistan,UZB,2002,175.44966772588,6.2,93.8,62.07057571,0.20563491824512814
Viet Nam,VNM,2002,116.195131228637,12.72,87.28,34.54223251,0.3255954499288968
Armenia,ARM,2003,288.424583011174,10.61,89.39,76.42555237,0.13638980105767864
Azerbaijan,AZE,2003,124.037865253384,6.99,93.01,69.0607605,0.24933672050324046
Benin,BEN,2003,57.3988069383056,11.11,88.89,51.67531586,0.43395774404797616
Burkina Faso,BFA,2003,45.9000438327367,8.46,91.53999999999999,52.65977097,0.4760616569640925
Belarus,BLR,2003,439.027305638964,4.05,95.95,20.16473579,0.2573117421531142
Bhutan,BTN,2003,143.267529452089,5.38,94.62,19.00845528,0.43789951801492805
Canada,CAN,2003,2897.40001637717,3.3,96.7,15.2514801,0.062416255104630086
Czechia,CZE,2003,1274.92730506871,0.63,99.37,10.36722469,0.1360810989814062
Estonia,EST,2003,672.703697615615,10.04,89.96000000000001,21.09503937,0.19402462889069247
Georgia,GEO,2003,333.604463440646,12.05,87.95,79.20792389,0.122358832031319
Hungary,HUN,2003,1255.44650765541,12.37,87.63,26.35519791,0.11688431817861702
India,IND,2003,100.39838087148,15.41,84.59,73.42475128,0.274357617894037
Israel,ISR,2003,1738.98863709116,11.7,88.3,28.62854767,0.08922959102511682
Jamaica,JAM,2003,359.429609639169,10.37,89.63,44.69155502,0.1823380533492193
Kazakhstan,KAZ,2003,392.159810668837,2.32,97.68,44.54787064,0.1773210565344884
Kyrgyz Republic,KGZ,2003,122.861730716217,1.28,98.72,51.07936859,0.2794430672206724
"Korea, Rep.",KOR,2003,1031.26959440773,8.33,91.67,45.23080063,0.11167635625239761
Lithuania,LTU,2003,743.03580632439,11.51,88.49,24.18149185,0.17346608723337073
Latvia,LVA,2003,603.085565731893,10.5,89.5,48.56236267,0.1419828586772702
Moldova,MDA,2003,188.043305083102,10.61,89.39,48.30680466,0.21133096019340017
North Macedonia,MKD,2003,578.590105129344,6.73,93.27,43.79019547,0.1531794213513195
Nigeria,NGA,2003,151.947780877129,22.53,77.47,72.81436157,0.2152838851386359
Nepal,NPL,2003,63.9174537235156,9.97,90.03,53.80937958,0.40304106257245825
Panama,PAN,2003,626.215378006361,11.93,88.07,33.06431961,0.16964012384499577
Philippines,PHL,2003,115.727563442286,2.94,97.06,47.70053482,0.2974983464748063
Poland,POL,2003,731.393089609383,11.73,88.27,27.58094215,0.16713504935693202
Romania,ROU,2003,405.095649398029,7.95,92.05,15.12717533,0.3028723149919527
Russian Federation,RUS,2003,508.002454591701,1.41,98.59,33.27987289,0.1883376719587294
Sierra Leone,SLE,2003,68.440240316632,35.93,64.07,78.75598145,0.31872752967924106
Serbia,SRB,2003,585.422590251339,7.75,92.25,24.97764397,0.19896106568130908
Syrian Arab Republic,SYR,2003,233.125708036007,5.54,94.46,51.56237793,0.18513072247536275
Chad,TCD,2003,59.3205798268326,6.28,93.72,47.41553116,0.44537613931626413
Turkiye,TUR,2003,473.913584390073,4.73,95.27,18.93056297,0.25230826462319705
Ukraine,UKR,2003,363.412242510875,10.22,89.78,41.02519226,0.1921200560094354
United States,USA,2003,5732.24369331565,5.79,94.21,14.1500597,0.03290787842657308
Uzbekistan,UZB,2003,185.780236308559,6.66,93.34,59.28883362,0.19988267838183854
Argentina,ARG,2004,859.721256884155,16.9,83.1,28.15113449,0.14960686561962117
Armenia,ARM,2004,277.528911953218,16.46,83.53999999999999,71.58870697,0.14299905795275183
Azerbaijan,AZE,2004,134.272396332243,7.63,92.37,65.92002106,0.2415147329213767
Belarus,BLR,2004,502.898047572918,3.27,96.73,19.22298622,0.2418318573506218
Canada,CAN,2004,3057.41927474776,3.2,96.8,15.28786945,0.05938078614366584
"Congo, Dem. Rep.",COD,2004,19.7649795275692,5.81,94.19,72.11377716,0.9351464654702399
Costa Rica,CRI,2004,638.741883417573,4.36,95.64,32.05981445,0.17016523718226914
Czechia,CZE,2004,1329.6021429386,0.82,99.18,10.70501423,0.13063402648106434
Estonia,EST,2004,773.81126179819,11.57,88.43,22.94197273,0.17180699790175422
Ethiopia,ETH,2004,24.082866233605,0.82,99.18,34.86631393,0.7897983336204614
Georgia,GEO,2004,367.732594270678,11.76,88.24,79.43696594,0.11953952112181791
Honduras,HND,2004,205.734823839806,1.14,98.86,50.05726242,0.19652578968522713
Croatia,HRV,2004,954.518033212497,2.39,97.61,18.12159729,0.15752571199475257
Hungary,HUN,2004,1260.98469924248,10.27,89.73,25.83203506,0.11708277084567283
Indonesia,IDN,2004,131.431859149521,2.06,97.94,45.9106369,0.27551429158852103
Israel,ISR,2004,1823.98454141895,12.37,87.63,28.72548866,0.08584866860580455
Jamaica,JAM,2004,434.746511794726,10.2,89.8,40.38105011,0.18128348242843015
Kazakhstan,KAZ,2004,469.091390586397,2.63,97.37,41.03963089,0.17405917192113773
Kyrgyz Republic,KGZ,2004,142.612046533621,8.62,91.38,46.596138,0.2587259772549251
"Korea, Rep.",KOR,2004,1102.66498622514,8.25,91.75,44.82784653,0.10769354177049516
Lithuania,LTU,2004,713.57653964931,11.98,88.02,32.91969299,0.15801491039284662
Latvia,LVA,2004,757.087107803931,12.08,87.92,40.63125992,0.1392670032401662
Moldova,MDA,2004,265.744397851625,9.44,90.56,38.17024994,0.2235254599933918
Maldives,MDV,2004,828.120500716886,7.33,92.67,59.50085068,0.11007912249243747
North Macedonia,MKD,2004,591.410797433509,7.19,92.81,42.53265762,0.15406117374945408
Mauritania,MRT,2004,98.0962952420062,10.54,89.46000000000001,70.48690033,0.2830634796527413
Malawi,MWI,2004,40.6890652066302,0.31,99.69,9.69992733,1.0000000000000002
Pakistan,PAK,2004,62.0847512223923,3.37,96.63,60.75031281,0.3841800732510879
Poland,POL,2004,783.504642444952,12.74,87.26,29.44409943,0.15622183080474994
West Bank and Gaza,PSE,2004,304.624445897564,7.91,92.09,36.20000076,0.22167739538330986
Romania,ROU,2004,490.854630694608,9.62,90.38,24.32698631,0.22268261252811347
Russian Federation,RUS,2004,517.623550729638,2.44,97.56,33.80615234,0.18512781431727746
Serbia,SRB,2004,664.98300282741,8.57,91.43,27.29331207,0.17790349590699198
Slovak Republic,SVK,2004,970.308366603134,5.28,94.72,21.23348236,0.14963471949884355
Thailand,THA,2004,299.621550631869,3.83,96.17,26.40885162,0.2713270032222076
Turkiye,TUR,2004,526.652459743728,5.57,94.43,20.18101692,0.23070636846616205
Ukraine,UKR,2004,395.913880548956,10.33,89.67,41.40994263,0.1851078250383911
United States,USA,2004,6071.84414824311,5.58,94.42,13.973526,0.031147562764238905
Viet Nam,VNM,2004,157.804286595422,15.91,84.09,34.6751709,0.27489416402993017
Zambia,ZMB,2004,113.031216336957,2.79,97.21,31.0702076,0.34377639440218777
Albania,ALB,2005,328.991135915059,19.51,80.49,49.31101227,0.1752382651519266
Armenia,ARM,2005,317.313182370138,12.04,87.96000000000001,62.93592072,0.14792575210550732
Azerbaijan,AZE,2005,146.717465138052,8.12,91.88,59.33625793,0.23609376999119117
Bangladesh,BGD,2005,41.5811443703718,12.34,87.66,65.38332367,0.444507986135845
Bulgaria,BGR,2005,706.363755559382,10.34,89.66,38.86741257,0.14754319399403817
Bahrain,BHR,2005,1467.96388028201,3.23,96.77,27.47366142,0.10276871263764105
Belarus,BLR,2005,604.64415090204,2.35,97.65,21.783041,0.20562913418928058
Canada,CAN,2005,3262.43880505192,3.7,96.3,15.36829376,0.05588921732848875
Czechia,CZE,2005,1402.73724293634,0.94,99.06,11.09285259,0.12407539720856733
Estonia,EST,2005,878.235843087226,10.79,89.21000000000001,23.02486992,0.15723828604043735
Gabon,GAB,2005,404.735291547992,5.67,94.33,51.96595001,0.15848638771893836
United Kingdom,GBR,2005,2742.26924220039,2.03,97.97,13.43031788,0.06630605011074067
Georgia,GEO,2005,418.119640413477,15.04,84.96000000000001,79.585495,0.11581419971334043
Ghana,GHA,2005,107.10340128819,3.11,96.89,23.53275681,0.4050462604503714
Hungary,HUN,2005,1364.59936227295,10.62,89.38,25.76445389,0.11032862082340586
Indonesia,IDN,2005,168.920594088728,2.14,97.86,55.3282814,0.2182829263763465
"Iran, Islamic Rep.",IRN,2005,719.539663197571,11.31,88.69,56.094944,0.12117696864303205
Israel,ISR,2005,1822.04175177104,12.7,87.3,30.24324989,0.08501593108945206
Kazakhstan,KAZ,2005,516.04855836536,1.7,98.3,34.41242981,0.18371627530813892
Kenya,KEN,2005,98.8573699282759,5.55,94.45,45.22662354,0.3363331394595887
Kyrgyz Republic,KGZ,2005,174.893759506111,4.61,95.39,42.56970215,0.23115371557097977
"Korea, Rep.",KOR,2005,1226.39808628021,9.59,90.41,44.41871262,0.10118219373051415
Sri Lanka,LKA,2005,220.283518609559,6.28,93.72,40.50283051,0.22560576618247102
Latvia,LVA,2005,807.581992358066,12.48,87.52,41.69103241,0.13289852819827852
Moldova,MDA,2005,314.521027376197,10.75,89.25,42.76385117,0.1961627282276918
Madagascar,MDG,2005,70.020143377452,0.21,99.79,33.02706909,0.7037027486371312
North Macedonia,MKD,2005,587.454313016582,7.06,92.94,41.23845673,0.15710887269592141
Niger,NER,2005,52.0516021208594,3.74,96.26,51.34446335,0.45627480977647095
Poland,POL,2005,806.794338027663,14.61,85.39,27.74561501,0.1567115446902558
West Bank and Gaza,PSE,2005,330.048956955114,6.25,93.75,37.0,0.2124913167874729
Romania,ROU,2005,529.231123306773,10.06,89.94,18.49896812,0.23751631591891548
Rwanda,RWA,2005,70.5974462238243,2.35,97.65,23.80013084,0.5181275536949568
Senegal,SEN,2005,86.3619946665707,1.38,98.62,39.51602173,0.38497578152640466
Serbia,SRB,2005,759.03666897031,10.83,89.17,29.81834602,0.15855510616071394
Slovak Republic,SVK,2005,1096.34465541369,5.1,94.9,23.60951996,0.13298235520253326
Trinidad and Tobago,TTO,2005,1011.01113708389,2.58,97.42,46.24819565,0.11192866872812038
Tunisia,TUN,2005,415.488201597353,21.91,78.09,42.11570358,0.17986456328912254
Turkiye,TUR,2005,575.372111403113,5.11,94.89,24.17697906,0.2036892108380872
Uganda,UGA,2005,74.2251793934364,20.3,79.7,48.59907532,0.389802599605235
Ukraine,UKR,2005,436.569430634796,8.2,91.8,37.95809555,0.18770326454473546
Uruguay,URY,2005,1036.10679738419,4.54,95.46,25.94186974,0.13507731496056963
United States,USA,2005,6428.60205272132,5.67,94.33,13.9126749,0.029481507548355105
"Yemen, Rep.",YEM,2005,162.079144385695,15.4,84.6,64.78065491,0.2145181265335896
South Africa,ZAF,2005,716.452186733678,1.75,98.25,11.31283569,0.21844292364314202
Armenia,ARM,2006,371.503625829309,10.83,89.17,61.17357254,0.14508509984545778
Burundi,BDI,2006,50.4960159826945,12.46,87.53999999999999,39.72788239,0.5271868284082997
Belarus,BLR,2006,633.415825062601,2.86,97.14,24.38873672,0.1914704829795786
Canada,CAN,2006,3536.91768422493,4.0,96.0,15.88811302,0.05172041863783555
Switzerland,CHE,2006,4436.50621101903,9.11,90.89,27.3494606,0.04022749103216112
Chile,CHL,2006,941.869297803874,9.19,90.81,40.74998093,0.12296410581856956
Czechia,CZE,2006,1476.81127694482,0.92,99.08,11.6460247,0.11788902372217422
Spain,ESP,2006,2441.96995138065,5.42,94.58,22.04916763,0.07015391460534812
Finland,FIN,2006,2854.29498099062,7.12,92.88,18.81658745,0.06213909324223159
Georgia,GEO,2006,448.921563598531,16.29,83.71000000000001,77.264328,0.11625269732316448
Hungary,HUN,2006,1429.15092740082,10.09,89.91,25.01134109,0.10716410013325771
Indonesia,IDN,2006,187.56033863635,1.82,98.18,53.37503815,0.20472500403333233
India,IND,2006,118.165322607228,16.84,83.16,72.25708008,0.2520277840717092
Iraq,IRQ,2006,254.9340314096,3.29,96.71,32.58729172,0.25236619261475646
Israel,ISR,2006,1820.61273784922,11.28,88.72,25.72410393,0.08782723223509127
Kyrgyz Republic,KGZ,2006,205.963879149226,3.96,96.04,39.18014526,0.23521546530577478
Kiribati,KIR,2006,195.145513519676,0.0,100.0,0.05934824,1.0000000000000002
"Korea, Rep.",KOR,2006,1398.63571125546,10.78,89.22,42.52562332,0.09427892816997342
Sri Lanka,LKA,2006,241.048458495878,5.55,94.45,40.94941711,0.21858451877219118
Latvia,LVA,2006,900.809029595684,10.91,89.09,35.59818268,0.1332950614045382
Morocco,MAR,2006,261.33224457844,22.0,78.0,58.74881363,0.16306361573343492
Moldova,MDA,2006,375.941456963825,15.06,84.94,46.45158386,0.17506023439614582
North Macedonia,MKD,2006,626.553264317525,7.84,92.16,37.00005722,0.16082049237320878
Mali,MLI,2006,82.2214126791613,3.38,96.62,56.74286652,0.34388918056031204
Mauritius,MUS,2006,443.192419813241,4.94,95.06,52.91299438,0.15190229249199946
Peru,PER,2006,313.753413329789,10.74,89.26,40.32910538,0.2042913445574215
Philippines,PHL,2006,172.966556900955,4.39,95.61,54.03545761,0.2159176338500901
Poland,POL,2006,878.891553239223,13.82,86.18,27.10572624,0.14933101103793886
West Bank and Gaza,PSE,2006,313.988631981815,7.15,92.85,41.29999924,0.20098508459823744
Romania,ROU,2006,584.294952842328,10.62,89.38,19.99056435,0.21678320275216312
Serbia,SRB,2006,865.523312455179,10.28,89.72,32.84013367,0.14090710473863427
Slovak Republic,SVK,2006,1295.77939892026,3.76,96.24,26.58822823,0.11389280835071396
Seychelles,SYC,2006,667.073607342364,0.07,99.93,19.81629562,0.23152428399943706
Togo,TGO,2006,57.924800034909,10.65,89.35,73.64611053,0.3553142919731478
Thailand,THA,2006,338.253744775406,3.59,96.41,17.65686226,0.31570244047042345
Turkiye,TUR,2006,694.463456352896,5.0,95.0,23.6489296,0.1826948593700224
Ukraine,UKR,2006,492.702278504541,8.36,91.64,36.13279724,0.18299338417567057
United States,USA,2006,6802.47531175785,5.42,94.58,13.67793274,0.027927524896695595
Viet Nam,VNM,2006,193.640564043264,14.41,85.59,34.69738388,0.26162074813362546
Zambia,ZMB,2006,132.630006451562,1.85,98.15,25.69581223,0.3602624956790871
Afghanistan,AFG,2007,112.257676068474,4.84,95.16,78.16998291,0.25087265048336016
Armenia,ARM,2007,409.876589128493,8.3,91.7,58.22918701,0.14603596640101507
Bosnia and Herzegovina,BIH,2007,783.072519407999,10.25,89.75,44.27066803,0.1314006461373299
Belarus,BLR,2007,724.905798469884,3.43,96.57,25.79533768,0.1722885682625102
Bhutan,BTN,2007,200.374591325424,3.43,96.57,14.33664703,0.4559648304782384
Canada,CAN,2007,3710.89179416931,4.0,96.0,15.61163616,0.049506612863615955
Switzerland,CHE,2007,4799.64459898341,10.36,89.64,27.33333206,0.03744036563591872
China,CHN,2007,249.507331917602,18.44,81.56,51.29121017,0.18305053597740312
Cameroon,CMR,2007,106.932220315413,8.01,91.99,75.56835175,0.26163226672586853
Cabo Verde,CPV,2007,213.885371355189,2.05,97.95,22.91623306,0.3374934176151961
Czechia,CZE,2007,1580.4068099117,1.42,98.58,13.63102531,0.10901533240546545
Dominican Republic,DOM,2007,408.435473321699,17.66,82.34,46.18055725,0.1707685140440624
Spain,ESP,2007,2616.33450211378,5.4,94.6,21.9079361,0.06608506941009659
Georgia,GEO,2007,509.377429745209,17.74,82.26,75.67359161,0.11389156978224778
Hungary,HUN,2007,1374.43367482925,11.54,88.46000000000001,26.2612381,0.10923505992831005
Indonesia,IDN,2007,217.952233217532,2.54,97.46,49.54561996,0.19381957713841538
India,IND,2007,125.625045286917,12.98,87.02,70.81672668,0.24499001678964288
"Iran, Islamic Rep.",IRN,2007,783.170073777322,11.41,88.59,53.21485901,0.11988151478675091
Israel,ISR,2007,1945.01643137125,12.12,87.88,26.66324234,0.08266429964357054
Kazakhstan,KAZ,2007,448.215051223121,3.29,96.71,32.77426147,0.20147419527221178
Kyrgyz Republic,KGZ,2007,190.386904926958,2.64,97.36,42.91151428,0.2233715117694018
St. Kitts and Nevis,KNA,2007,1021.86425510155,4.13,95.87,51.09035492,0.10655048840554386
"Korea, Rep.",KOR,2007,1516.24020907675,11.83,88.17,40.57471085,0.09052101568564994
Lao PDR,LAO,2007,106.445277999075,10.12,89.88,35.17124939,0.34556500641540355
Liberia,LBR,2007,52.6807179584917,7.86,92.14,42.22309875,0.5008549548081505
Latvia,LVA,2007,1001.82521819784,15.37,84.63,36.82770538,0.12318694231896057
Moldova,MDA,2007,416.696585079543,14.45,85.55,45.09947968,0.17212646332002762
Pakistan,PAK,2007,96.3473914159621,2.71,97.29,71.69874573,0.2836127078354398
Panama,PAN,2007,996.273372500364,3.31,96.69,29.96040154,0.13283108465328544
Poland,POL,2007,986.993088290802,14.18,85.82,26.29073715,0.13925222531940593
West Bank and Gaza,PSE,2007,298.075140046378,9.39,90.61,37.29999924,0.2189365358560325
Romania,ROU,2007,680.145225085951,10.57,89.43,17.59607506,0.2038295355267305
Serbia,SRB,2007,1051.51854596173,11.41,88.59,34.712883,0.12197545394682847
Slovak Republic,SVK,2007,1523.9607583405,3.74,96.26,27.370327,0.09992302624403042
Slovenia,SVN,2007,2079.35415446143,2.63,97.37,13.63123608,0.08534289080634293
Syrian Arab Republic,SYR,2007,205.521887831326,6.88,93.12,51.68701553,0.1946847628085863
Thailand,THA,2007,374.292196480279,3.14,96.86,14.81379414,0.320612063331629
Tajikistan,TJK,2007,108.730947290951,6.46,93.54,70.61388397,0.26703268345655995
Timor-Leste,TLS,2007,85.6384888858452,2.36,97.64,18.25991249,0.5185134888015943
Turkiye,TUR,2007,772.124718326201,5.14,94.86,23.88428879,0.1698117694026605
Tanzania,TZA,2007,121.511256918191,2.24,97.76,28.474226,0.3394368936303088
Ukraine,UKR,2007,515.896755347899,9.07,90.93,36.4568634,0.17827103086969737
Angola,AGO,2008,221.018857513397,12.26,87.74,21.6532383,0.34527896814213416
Albania,ALB,2008,446.390677735541,13.91,86.09,56.23107147,0.14554806216432276
Armenia,ARM,2008,542.033589305765,8.26,91.74,71.43701172,0.1162699480015727
Belarus,BLR,2008,759.896155071899,4.06,95.94,29.83945274,0.15840171529814884
Brazil,BRA,2008,1077.13686756609,15.07,84.93,30.88409233,0.12474751205120609
Central African Republic,CAF,2008,32.8893014008349,6.75,93.25,57.97245407,0.561980642885528
Canada,CAN,2008,3850.42762549652,4.3,95.7,15.50515175,0.04784187827369767
Switzerland,CHE,2008,5132.87084124926,6.9,93.1,26.49785995,0.03528559164847444
Cote d'Ivoire,CIV,2008,127.226094166407,17.44,82.56,65.54959869,0.2504068560187094
Colombia,COL,2008,698.00166072678,20.01,79.99,20.85275078,0.18999858173076797
Czechia,CZE,2008,1777.90515369627,1.96,98.04,16.13297081,0.09629657480162991
"Egypt, Arab Rep.",EGY,2008,384.65691893663,12.57,87.43,61.82380295,0.1425982777816446
Spain,ESP,2008,2828.64095120369,5.84,94.16,21.78303528,0.061711366267781696
Fiji,FJI,2008,251.365178279479,0.78,99.22,16.50561142,0.38017192978884673
Georgia,GEO,2008,607.99154245463,22.12,77.88,66.54589081,0.11713148051846088
Grenada,GRD,2008,592.486456865113,3.17,96.83,55.20097733,0.13277669490605004
Croatia,HRV,2008,1603.33224521352,2.27,97.73,14.51390839,0.10681405217292207
"Iran, Islamic Rep.",IRN,2008,825.853896161973,12.6,87.4,55.47851181,0.11436174909430441
Israel,ISR,2008,1972.62167521108,11.04,88.96000000000001,25.34702873,0.08243780467392112
Jordan,JOR,2008,762.560761124852,1.72,98.28,31.94139099,0.15388441107773557
Kazakhstan,KAZ,2008,522.794475411084,3.65,96.35,23.87804604,0.21659577122217136
Kyrgyz Republic,KGZ,2008,196.927856024391,3.67,96.33,48.67649078,0.204299991047928
"Korea, Rep.",KOR,2008,1661.10742127808,11.1,88.9,41.62781525,0.08423212862565173
Lithuania,LTU,2008,1298.46141307335,12.85,87.15,28.17394638,0.11206466672742367
Latvia,LVA,2008,1085.89409916753,15.1,84.9,37.30623627,0.11647473943481475
Moldova,MDA,2008,455.954977328121,14.93,85.07,48.42182159,0.1592021090954351
Mexico,MEX,2008,853.944386403223,3.58,96.42,48.59585571,0.12011863135002201
Malta,MLT,2008,2093.54365749167,16.2,83.8,32.99180222,0.07478538276425249
Mozambique,MOZ,2008,37.8828062319655,1.19,98.81,11.20337486,0.9999999999999998
Panama,PAN,2008,1014.27274369661,3.09,96.91,29.21657181,0.13228608200123446
Peru,PER,2008,402.027471399456,11.57,88.43,43.35043335,0.1788276804725931
Poland,POL,2008,1167.31725923555,14.0,86.0,24.43056297,0.12580510905932488
Romania,ROU,2008,838.941273393197,11.48,88.52,18.1821537,0.1734987582560472
Serbia,SRB,2008,1195.34585866273,9.58,90.42,35.14710617,0.11151628711679043
Slovak Republic,SVK,2008,1651.42538569973,4.34,95.66,21.02014542,0.09863012524843844
Thailand,THA,2008,417.271091770892,2.97,97.03,14.7017622,0.30038569767446655
Turkiye,TUR,2008,830.845515993442,3.74,96.26,19.18195724,0.17229106528040075
Ukraine,UKR,2008,493.712551015265,5.83,94.17,37.78808594,0.17840987308512293
United States,USA,2008,7364.93852233971,4.56,95.44,13.35935974,0.025873729753172706
Viet Nam,VNM,2008,211.215031699394,14.55,85.45,34.57612991,0.2562760930123656
South Africa,ZAF,2008,895.346293557967,2.93,97.07,8.84287548,0.18909559906498208
Armenia,ARM,2009,598.690644088707,9.74,90.26,73.63291931,0.11026562383291767
Australia,AUS,2009,3545.91580074301,2.33,97.67,19.05284309,0.050918635802437405
Belgium,BEL,2009,4010.79218849231,11.45,88.55,21.65153122,0.045000153988166744
Burkina Faso,BFA,2009,70.6610282519379,3.52,96.48,32.9610939,0.4673707355647021
Belarus,BLR,2009,756.308025796097,3.53,96.47,30.91816902,0.15666863369115325
Botswana,BWA,2009,773.701880162555,1.0,99.0,5.42353058,0.2278613957726644
Canada,CAN,2009,4135.87675541776,4.4,95.6,15.17220497,0.04478151114485228
Switzerland,CHE,2009,5376.38982986911,9.05,90.95,26.20129585,0.03383203691063922
Cyprus,CYP,2009,2221.2153603373,16.05,83.95,49.92380524,0.06490959046976555
Czechia,CZE,2009,2015.82280237493,2.19,97.81,15.05053902,0.08688537068382504
Spain,ESP,2009,2955.29403383697,5.54,94.46,20.15493011,0.05981819240369003
Georgia,GEO,2009,671.538278027402,26.06,73.94,68.90898895,0.11044179245154787
Croatia,HRV,2009,1632.66807796462,2.46,97.54,13.74662781,0.10583158850875754
Indonesia,IDN,2009,221.317461135779,3.5,96.5,49.22135544,0.1941707788959157
India,IND,2009,137.832924244441,13.97,86.03,66.75775146,0.23642749255153164
Ireland,IRL,2009,4377.33388396938,5.59,94.41,12.70052719,0.04280817923564469
"Iran, Islamic Rep.",IRN,2009,1019.30810861941,13.72,86.28,56.02760696,0.10229581499997632
Israel,ISR,2009,2005.12422766386,12.37,87.63,25.41890717,0.0812877443756763
Kazakhstan,KAZ,2009,604.017205076549,2.65,97.35,22.34545326,0.20383714213713464
Kyrgyz Republic,KGZ,2009,213.318574250138,3.97,96.03,38.58998489,0.23580960920685942
Cambodia,KHM,2009,180.060072048816,18.77,81.23,50.50344467,0.21432234529940655
"Korea, Rep.",KOR,2009,1774.55079351671,12.11,87.89,39.17741013,0.0816309238475953
Sri Lanka,LKA,2009,307.323766913595,4.69,95.31,53.28553009,0.16889754121907513
Latvia,LVA,2009,1027.84755532368,15.46,84.53999999999999,38.7826767,0.11890365210413498
Moldova,MDA,2009,539.448048941415,16.53,83.47,45.5789299,0.15444422746303588
Maldives,MDV,2009,1246.25421091543,19.83,80.17,34.3166008,0.10918157205229226
North Macedonia,MKD,2009,715.295820862808,5.27,94.73,34.79013824,0.1540807453039129
Mali,MLI,2009,85.4614217296957,4.41,95.59,61.83517075,0.3238903609146422
Mongolia,MNG,2009,320.582945927231,1.84,98.16,22.75947571,0.28617861303000636
Namibia,NAM,2009,790.02046121138,1.22,98.78,7.75814581,0.2144729331220495
Nigeria,NGA,2009,167.29287939511,24.77,75.23,74.47493744,0.20061581664320208
Nicaragua,NIC,2009,298.184161231995,16.18,83.82,38.31826782,0.2149943813017783
Peru,PER,2009,446.02163620985,10.64,89.36,40.27733994,0.1796865472737989
Philippines,PHL,2009,214.775827535002,4.5,95.5,55.57599258,0.18459151700046955
Poland,POL,2009,1267.95639009306,14.4,85.6,24.36023712,0.11825545332609519
West Bank and Gaza,PSE,2009,381.552064533282,8.89,91.11,39.20000076,0.19423279185094292
Romania,ROU,2009,874.741534913346,12.15,87.85,20.78450394,0.16236633438173667
Sudan,SDN,2009,238.635902014846,18.36,81.64,52.47582245,0.18167553731338668
Serbia,SRB,2009,1169.15938066497,8.3,91.7,35.16513443,0.11318319219051859
Slovak Republic,SVK,2009,1835.70926035238,4.48,95.52,22.41773987,0.08934284288928099
Thailand,THA,2009,433.026646176125,3.22,96.78,15.90248966,0.2851032459170666
Tajikistan,TJK,2009,127.116609488583,15.38,84.62,69.63989258,0.2448355328717525
Turkiye,TUR,2009,843.466123168682,3.59,96.41,14.5079031,0.18226188913425423
Uganda,UGA,2009,117.703625454614,16.77,83.23,42.84917831,0.3039607808816534
Ukraine,UKR,2009,508.99051432093,6.83,93.17,37.39500427,0.17696403121734938
United States,USA,2009,7614.82434448835,4.7,95.3,12.64764786,0.02508441335057452
Armenia,ARM,2010,680.693748561581,17.52,82.48,77.62413025,0.1019027523753229
Bangladesh,BGD,2010,64.837141432994,14.22,85.78,67.95515442,0.3544903374784433
Bulgaria,BGR,2010,1057.35085846301,12.84,87.16,43.14134216,0.11214866123706516
Belarus,BLR,2010,867.113271693257,4.44,95.56,29.16505241,0.1469568116386139
Switzerland,CHE,2010,5437.63100515866,8.15,91.85,24.06636429,0.03367495926627494
Czechia,CZE,2010,2108.1628537198,1.95,98.05,13.85482121,0.08415655314129233
Germany,DEU,2010,4301.94597121756,1.53,98.47,13.30298233,0.04343142958254871
Denmark,DNK,2010,4560.71864377435,2.93,97.07,13.7077713,0.041021446236370745
Spain,ESP,2010,2922.45425954828,5.7,94.3,21.3734436,0.0600621888093034
Estonia,EST,2010,1423.47459356654,8.79,91.21000000000001,22.81398773,0.10961296867317101
United Kingdom,GBR,2010,3571.77385068927,1.73,98.27,13.17372036,0.05183844487173052
Georgia,GEO,2010,676.195197328827,24.96,75.03999999999999,72.06796265,0.1071078209212003
"Gambia, The",GMB,2010,93.3813316866521,0.61,99.39,18.03235817,0.5129564197116693
Guinea-Bissau,GNB,2010,66.7221573057338,6.26,93.74,48.0497551,0.41574598948209746
Greece,GRC,2010,2678.7488914962,14.64,85.36,28.25885201,0.06262062810394001
Croatia,HRV,2010,1599.12012876857,2.8,97.2,13.95677757,0.10758396525874879
Indonesia,IDN,2010,233.134813024442,3.45,96.55,60.58386612,0.16981938569722882
"Iran, Islamic Rep.",IRN,2010,1109.26115388183,13.72,86.28,59.39722061,0.09515115264642363
Israel,ISR,2010,2096.7344661811,9.71,90.28999999999999,23.8116951,0.07912748140907767
Italy,ITA,2010,3112.51426490727,9.29,90.71000000000001,20.54892731,0.05697595812898688
Jordan,JOR,2010,769.363913439253,2.29,97.71,21.85514641,0.17516174092608067
Japan,JPN,2010,3199.56734792397,9.1,90.9,14.57035923,0.05712088707699086
Kazakhstan,KAZ,2010,510.116936342919,3.37,96.63,27.29583359,0.20697564641485322
"Korea, Rep.",KOR,2010,1948.68754817183,12.7,87.3,38.7785759,0.07630273488266225
Lesotho,LSO,2010,165.19003187928,4.51,95.49,23.46018219,0.3624318995413518
Luxembourg,LUX,2010,6078.01598552864,3.38,96.62,10.23186111,0.03141590325988853
Latvia,LVA,2010,1067.80755544591,17.18,82.82,37.18564987,0.11787632859067973
Moldova,MDA,2010,520.440903516068,18.11,81.89,40.43186188,0.16785915961428138
Madagascar,MDG,2010,68.7674458693313,1.64,98.36,36.15040588,0.45978786441979586
Mexico,MEX,2010,873.354024114533,2.88,97.12,43.50876617,0.12486799543796855
North Macedonia,MKD,2010,763.919647502593,7.88,92.12,37.78863525,0.14320398204902726
Mongolia,MNG,2010,285.487478792189,1.33,98.67,28.05504799,0.2668082353935636
Malawi,MWI,2010,72.5293167596143,1.64,98.36,10.92772293,0.7919638141511821
Nigeria,NGA,2010,149.82187000862,18.87,81.13,76.87748718,0.2129644286388406
Pakistan,PAK,2010,91.9802917277889,3.04,96.96,67.75833893,0.2984708392434675
Peru,PER,2010,462.356126766327,11.3,88.7,39.51519012,0.17901013385370465
Poland,POL,2010,1351.69377197768,13.46,86.53999999999999,23.7143631,0.11324358907317543
West Bank and Gaza,PSE,2010,337.289202306835,6.04,93.96,36.0,0.2145326844598438
Romania,ROU,2010,976.408782791312,12.26,87.74,19.63123703,0.15190311654581667
Russian Federation,RUS,2010,1083.14717603532,3.8,96.2,35.32572556,0.11890984487985744
Sao Tome and Principe,STP,2010,158.173156785954,0.86,99.14,25.69589424,0.34411341083537983
Slovak Republic,SVK,2010,1947.52381787727,3.78,96.22,22.8006134,0.08478656043885492
Slovenia,SVN,2010,2384.84009606316,4.59,95.41,12.64016342,0.07579029918200941
Thailand,THA,2010,438.416635712583,2.77,97.23,14.4973793,0.29238165663794147
Tunisia,TUN,2010,592.09388729777,16.69,83.31,42.10583115,0.1548098116863529
Turkiye,TUR,2010,868.316172682507,3.84,96.16,16.87221718,0.1722206774665949
Ukraine,UKR,2010,554.799896827547,6.91,93.09,41.84223938,0.16005580377938947
Viet Nam,VNM,2010,273.312143054933,11.32,88.68,34.67405701,0.23659069822843756
Zambia,ZMB,2010,128.06586443791,0.29,99.71,14.23348141,0.550666261728315
Armenia,ARM,2011,740.428516428546,12.8,87.2,78.41966248,0.098203911659979
Benin,BEN,2011,67.914803193234,6.67,93.33,44.48669815,0.42594165056522687
Bosnia and Herzegovina,BIH,2011,918.466395434662,8.56,91.44,29.46848488,0.1410161096783544
Belarus,BLR,2011,806.445500593522,4.63,95.37,33.58686447,0.14584457239387302
Switzerland,CHE,2011,5807.66330768651,9.19,90.81,23.55637932,0.03170478417075426
Chile,CHL,2011,1368.16889903117,11.35,88.65,34.49925995,0.10208574980820684
"Congo, Rep.",COG,2011,90.6888917254084,4.58,95.42,41.09134674,0.3678486784827454
Czechia,CZE,2011,2186.79021824358,2.05,97.95,14.21162128,0.0812167558872555
Ecuador,ECU,2011,645.234484268013,18.37,81.63,44.4420433,0.14447934302052876
Spain,ESP,2011,2955.81044047874,5.66,94.34,21.66048431,0.05937197738812315
Ethiopia,ETH,2011,49.0745651893731,1.88,98.12,46.53789139,0.49412433589282506
Georgia,GEO,2011,655.431030154597,23.97,76.03,75.05395508,0.10554690405174079
Guatemala,GTM,2011,409.439636459184,9.36,90.64,58.87919998,0.14495889402272882
Indonesia,IDN,2011,267.164669784463,3.87,96.13,56.22341919,0.16789824395354067
India,IND,2011,144.61488083058,17.91,82.09,62.22489929,0.234744946194718
"Iran, Islamic Rep.",IRN,2011,1127.31973113408,14.12,85.88,57.52153397,0.09570809577049537
Israel,ISR,2011,2215.29927023316,11.18,88.82,23.7593441,0.07553907130949664
Japan,JPN,2011,3790.28761643492,9.2,90.8,13.12178326,0.049017740624404914
Kazakhstan,KAZ,2011,524.635376244032,1.83,98.17,24.59804726,0.21344222056245854
"Korea, Rep.",KOR,2011,2036.70051672296,12.28,87.72,38.95240021,0.07369893528583507
Latvia,LVA,2011,1093.86833709592,18.6,81.4,34.29675293,0.11932695387818681
Moldova,MDA,2011,505.158272894344,15.63,84.37,44.79645157,0.16035824739605054
Mali,MLI,2011,69.0869406398731,2.56,97.44,50.00246048,0.40060187018557813
Montenegro,MNE,2011,1130.10461553542,9.31,90.69,38.80132294,0.11194250349397467
Mongolia,MNG,2011,322.557747961667,1.75,98.25,32.00390244,0.2347593546436429
Niger,NER,2011,51.7689400933368,6.63,93.37,57.73744583,0.4289084906588825
Pakistan,PAK,2011,86.5621016605373,3.76,96.24,65.34801483,0.31357691946686667
Peru,PER,2011,472.072171711646,11.23,88.77,40.34396362,0.17532983726179077
Poland,POL,2011,1424.48794440508,13.9,86.1,23.95442009,0.10844397419711038
Portugal,PRT,2011,2601.13011709974,18.38,81.62,26.65432167,0.06475733721569814
Paraguay,PRY,2011,666.169031873887,10.54,89.46000000000001,50.00536728,0.13364166187288237
Romania,ROU,2011,839.334375104012,13.02,86.98,24.27584076,0.15965254827411163
Russian Federation,RUS,2011,1084.95908851364,3.91,96.09,34.19445038,0.12009783279308707
Senegal,SEN,2011,113.148288681585,3.33,96.67,50.79880142,0.2957625042311538
Sierra Leone,SLE,2011,133.202480055863,37.09,62.91,60.22754288,0.2506252296135289
Chad,TCD,2011,68.2025976259662,8.69,91.31,60.77016068,0.36714192952304053
Togo,TGO,2011,70.9298014883072,11.12,88.88,62.1470108,0.35603613088565833
Thailand,THA,2011,471.989452248536,2.2,97.8,13.00871277,0.28820389954170766
Turkiye,TUR,2011,911.680488963861,3.35,96.65,15.89518452,0.1681289447466465
Tanzania,TZA,2011,107.659844048477,5.64,94.36,27.95462036,0.36783659752059533
Ukraine,UKR,2011,599.452240979614,7.01,92.99,46.30967712,0.14618758325242398
United States,USA,2011,8015.78094831055,4.72,95.28,12.32011318,0.023875850595666298
Albania,ALB,2012,646.010453356754,16.72,83.28,58.21257782,0.12421675467253485
Armenia,ARM,2012,845.259885596716,13.9,86.1,78.58730316,0.09318638427239098
Belarus,BLR,2012,948.564247815388,5.73,94.27,30.77361488,0.13602656344357933
Bhutan,BTN,2012,262.178395609454,4.01,95.99,20.50640488,0.33196072476509364
Switzerland,CHE,2012,6141.69828106055,9.39,90.61,23.35357285,0.03009525083490083
"Congo, Dem. Rep.",COD,2012,20.8689555172552,4.82,95.18,40.27502823,0.8856768480825383
Costa Rica,CRI,2012,1153.18506189664,7.82,92.18,24.5027504,0.12686116387547575
Czechia,CZE,2012,2222.76234717878,2.1,97.9,14.21601486,0.08002221280830056
Djibouti,DJI,2012,118.531318557967,2.25,97.75,22.94796562,0.4033311662915488
"Egypt, Arab Rep.",EGY,2012,487.155387906785,26.2,73.8,60.88405991,0.13407300872190211
Spain,ESP,2012,2935.21069675129,5.63,94.37,23.17375565,0.059306524899220746
Finland,FIN,2012,3918.01100832372,6.28,93.72,17.46195984,0.04671432786960248
Georgia,GEO,2012,776.949362323195,23.31,76.69,72.53357697,0.10113036116942227
Ghana,GHA,2012,196.590909302413,1.48,98.52,36.88100052,0.24901772896940685
Guinea,GIN,2012,60.6597939264606,6.97,93.03,62.39929199,0.38278699195044097
Haiti,HTI,2012,157.489333218941,9.43,90.57,28.43981743,0.31982439103698485
Indonesia,IDN,2012,277.738478849921,3.45,96.55,53.61792374,0.17250196532428191
"Iran, Islamic Rep.",IRN,2012,999.486134484079,13.87,86.13,54.96147537,0.10430375084276154
Iraq,IRQ,2012,387.9416074278,3.7,96.3,61.66325378,0.14252443817706292
Israel,ISR,2012,2344.71563857451,10.58,89.42,23.40835571,0.07210081379706267
Japan,JPN,2012,4003.80479205547,9.3,90.7,12.9723444,0.04656055839742591
Kazakhstan,KAZ,2012,648.977936893201,1.91,98.09,27.82034302,0.17913229852086243
"Korea, Rep.",KOR,2012,2114.10783410827,12.34,87.66,38.67206955,0.07173315725982927
Lebanon,LBN,2012,1129.16517099988,26.6,73.4,37.33576584,0.11352506391247673
Sri Lanka,LKA,2012,338.898230427522,5.78,94.22,51.93098831,0.16747345900341917
Luxembourg,LUX,2012,5175.36534085332,3.59,96.41,11.46961975,0.036591110201378854
Latvia,LVA,2012,1146.00607319404,17.77,82.23,37.82342148,0.11192755103288965
Moldova,MDA,2012,538.928364491218,16.31,83.69,42.21784973,0.1613535191018671
Madagascar,MDG,2012,57.242961562924,2.87,97.13,32.48873138,0.5362109675540504
Mexico,MEX,2012,976.112779671033,2.52,97.48,40.64141083,0.12050791798655155
Montenegro,MNE,2012,1126.42214768253,7.78,92.22,35.91405106,0.11522752172553198
Mongolia,MNG,2012,397.852535747013,2.16,97.84,31.50933075,0.21723820309030292
Mauritius,MUS,2012,709.137725521315,5.59,94.41,51.61318207,0.12766209407752221
Nigeria,NGA,2012,159.705271406325,16.88,83.12,72.84432983,0.20840672900480825
Peru,PER,2012,510.377265584211,11.71,88.28999999999999,38.87478256,0.1730451491726718
Philippines,PHL,2012,254.563194022443,6.13,93.87,58.31450272,0.16494647367093146
Poland,POL,2012,1477.89280512492,13.93,86.07,24.26416779,0.10505306949064262
Romania,ROU,2012,891.506628679956,11.99,88.01,22.42794037,0.15677228110835273
Russian Federation,RUS,2012,1190.65379224731,3.05,96.95,33.39754486,0.11363081448321152
Slovenia,SVN,2012,2533.16029226746,4.17,95.83,12.45996571,0.07175690007627869
Thailand,THA,2012,514.935772168288,2.52,97.48,13.42186832,0.2686346788315718
Turkiye,TUR,2012,916.517323310264,3.06,96.94,15.9315958,0.1673512360141844
Uganda,UGA,2012,137.743790303745,15.74,84.26,37.51226807,0.2829890752213134
Ukraine,UKR,2012,654.561052533931,7.69,92.31,43.93354416,0.14435387896135904
United States,USA,2012,8262.29308300491,4.99,95.01,12.33532524,0.023179448790171992
Viet Nam,VNM,2012,318.953561520804,9.14,90.86,40.77892303,0.2016844939911517
Afghanistan,AFG,2013,184.226283879341,14.63,85.37,72.04785919,0.190021923032891
Armenia,ARM,2013,1009.29482915641,16.05,83.95,82.8755722,0.08390638659456108
Burundi,BDI,2013,59.3087631704916,3.29,96.71,20.86187553,0.6093326307067154
Belarus,BLR,2013,1080.54208098632,7.02,92.98,33.79212189,0.1209021844360026
Bolivia,BOL,2013,367.351171499099,10.08,89.92,34.00916672,0.21496402872930706
Switzerland,CHE,2013,6530.66238112341,7.5,92.5,22.77101326,0.028438358818977078
China,CHN,2013,563.056307637782,18.85,81.15,38.15951538,0.16697171373212905
Czechia,CZE,2013,2309.5387577344,2.27,97.73,14.33172131,0.07722900533679465
Ecuador,ECU,2013,765.689002022544,10.31,89.69,35.9758606,0.14611420867807745
Spain,ESP,2013,2973.0430342622,5.93,94.07,24.2397728,0.058337699055537096
United Kingdom,GBR,2013,3993.16150484047,1.64,98.36,15.75939178,0.04618758961169662
Georgia,GEO,2013,843.653328927762,24.61,75.39,69.30553436,0.10035476935454486
Haiti,HTI,2013,124.901867518483,11.54,88.46000000000001,36.24164581,0.3053485272636705
Indonesia,IDN,2013,283.090364901469,3.74,96.26,50.89988327,0.17849946060967545
"Iran, Islamic Rep.",IRN,2013,892.215673040316,15.81,84.19,47.86219025,0.11819874290090752
Israel,ISR,2013,2514.02722792017,10.84,89.16,22.65417099,0.06816046863174999
Japan,JPN,2013,4196.74867143611,9.1,90.9,12.70128059,0.04456490243721133
Kazakhstan,KAZ,2013,632.541101474376,1.81,98.19,25.9552784,0.18704642743370156
"Korea, Rep.",KOR,2013,2190.77860540843,12.31,87.69,38.26380157,0.06993895422358652
Lao PDR,LAO,2013,125.310530168583,13.49,86.51,48.70332336,0.2799021044770416
Luxembourg,LUX,2013,5346.19664668479,3.33,96.67,11.19933987,0.03548852810499997
Latvia,LVA,2013,1217.72892723867,18.04,81.96000000000001,38.47148514,0.10691697157970224
Morocco,MAR,2013,401.27846681529,13.4,86.6,51.66726685,0.15954920563966635
Moldova,MDA,2013,580.869960702299,16.05,83.95,42.57612991,0.15526198755471032
Montenegro,MNE,2013,1235.67971186631,9.13,90.87,42.07717514,0.10267799364117142
Malawi,MWI,2013,123.972172016742,6.62,93.38,6.70596313,0.847391737302249
Malaysia,MYS,2013,825.146980637971,1.1,98.9,33.66908646,0.14370498229390072
Nepal,NPL,2013,123.069881376699,10.31,89.69,63.53343964,0.2586727007934977
Pakistan,PAK,2013,100.862315440971,5.61,94.39,62.74438858,0.293160911398061
Peru,PER,2013,537.124552732904,10.47,89.53,35.27772903,0.17789319733695336
Poland,POL,2013,1575.0455734278,13.29,86.71000000000001,23.64557266,0.10036239182377239
Romania,ROU,2013,1026.13185618891,12.55,87.45,20.17611694,0.14532294639882584
Russian Federation,RUS,2013,1314.77490035272,4.84,95.16,34.83225632,0.10470537028211885
Rwanda,RWA,2013,102.444239012266,1.63,98.37,12.30725574,0.6544730144928217
Saudi Arabia,SAU,2013,2655.67011143147,1.73,98.27,14.35986423,0.06795366031838418
Singapore,SGP,2013,3067.23108647111,9.01,90.99,36.19911575,0.053766351149370444
Serbia,SRB,2013,1359.00886915427,9.03,90.97,37.86663818,0.09975961338288641
Seychelles,SYC,2013,832.788647411511,2.56,97.44,19.06869125,0.17227162457398348
Thailand,THA,2013,525.427084250664,2.2,97.8,12.54023266,0.26997863035613073
Tajikistan,TJK,2013,191.949695449078,7.57,92.43,61.91825485,0.1928976282135693
Turkiye,TUR,2013,974.66536298297,3.64,96.36,16.92680168,0.15739864998821732
Ukraine,UKR,2013,728.5452748612,7.21,92.79,48.15446091,0.13072641692805728
United States,USA,2013,8412.25161694737,4.77,95.23,12.28278923,0.022777958518181252
Armenia,ARM,2014,1021.96694214014,19.47,80.53,82.48136902,0.08367879748421198
Burkina Faso,BFA,2014,83.0704098408653,3.13,96.87,34.07847595,0.4150844217649934
Belarus,BLR,2014,1023.12317355307,6.47,93.53,34.89439774,0.12394034440074263
Bolivia,BOL,2014,415.513214249279,6.25,93.75,30.90435982,0.21533737358459673
Canada,CAN,2014,4678.0342602899,3.5,96.5,14.71277905,0.03990763973011641
Switzerland,CHE,2014,6768.53336961043,8.7,91.3,22.61392593,0.027499747717954215
Cote d'Ivoire,CIV,2014,152.132339320008,12.43,87.57,51.14342117,0.24062821310505286
Cameroon,CMR,2014,148.577059314443,10.71,89.28999999999999,68.98474121,0.2226365734916925
Comoros,COM,2014,153.886821992236,8.81,91.19,65.51406097,0.22137907305439886
Czechia,CZE,2014,2471.6316360658,2.05,97.95,14.45865345,0.07254013696685957
Spain,ESP,2014,3087.21593037643,6.39,93.61,24.65292358,0.05631404922882967
United Kingdom,GBR,2014,4118.59961759167,2.03,97.97,15.74380684,0.04486469680340838
Guatemala,GTM,2014,485.020915257109,11.45,88.55,55.55548096,0.1426049007131923
Indonesia,IDN,2014,298.350836609965,4.38,95.62,45.24729156,0.19163511488412113
"Iran, Islamic Rep.",IRN,2014,1050.12262271797,15.96,84.03999999999999,40.10943604,0.1158458315431427
Japan,JPN,2014,4236.89480951135,9.1,90.9,12.8696804,0.04413516836768596
Kazakhstan,KAZ,2014,712.678284811402,1.93,98.07,23.80191422,0.17924378284080045
Cambodia,KHM,2014,181.505816559127,13.16,86.84,58.09806442,0.20442498290938543
"Korea, Rep.",KOR,2014,2322.1120535281,12.85,87.15,37.55163574,0.06707026259997549
Liberia,LBR,2014,134.373041564772,22.33,77.67,44.75351715,0.2731408142502909
Luxembourg,LUX,2014,5573.94465329028,2.97,97.03,11.07252598,0.03409575118880687
Latvia,LVA,2014,1296.14950056518,18.84,81.16,39.10600662,0.10199083913049088
Moldova,MDA,2014,606.256565287148,16.34,83.66,38.34880066,0.16064761425304513
Mexico,MEX,2014,1007.54661974902,2.62,97.38,40.87202454,0.11796139854851229
Mali,MLI,2014,82.346286844008,3.46,96.54,33.55117416,0.4196546920603464
Montenegro,MNE,2014,1211.21894951398,8.86,91.14,39.11519241,0.1066957282680208
Mongolia,MNG,2014,466.776719046787,3.04,96.96,34.67579269,0.19181230781597633
Mozambique,MOZ,2014,72.7491636302105,1.61,98.39,10.42445946,0.8178705554944389
Mauritania,MRT,2014,134.014205568576,11.66,88.34,47.62082672,0.2688700406111637
Nicaragua,NIC,2014,404.262174316513,24.73,75.27,35.33010483,0.20209804198040396
Nepal,NPL,2014,147.250089359703,10.2,89.8,60.04753494,0.23461734961479475
Peru,PER,2014,573.868653766108,9.17,90.83,31.77192116,0.18108409234710204
Poland,POL,2014,1626.76685300068,13.54,86.46000000000001,22.737463,0.09848867566870306
Russian Federation,RUS,2014,1345.72476034453,4.87,95.13,35.82570648,0.10214916369846826
Sudan,SDN,2014,241.838955768538,12.46,87.53999999999999,67.03178406,0.16022161742812632
Thailand,THA,2014,566.132021162177,2.14,97.86,12.85608101,0.2539760880879324
Tajikistan,TJK,2014,212.930415363976,8.42,91.58,62.18501282,0.17870557666922798
Timor-Leste,TLS,2014,217.407250451264,2.61,97.39,7.90607214,0.5699244438799358
Trinidad and Tobago,TTO,2014,1477.67273285456,3.88,96.12,42.83146667,0.09062186876906994
Turkiye,TUR,2014,1031.17203598621,3.69,96.31,17.72542191,0.14910459775279847
Ukraine,UKR,2014,717.734371300855,7.76,92.24,48.13210297,0.13170708394465253
United States,USA,2014,8796.33933361209,4.9,95.1,11.9760685,0.021817055654855155
Viet Nam,VNM,2014,342.281132872247,9.82,90.18,41.02820969,0.1961720413797423
"Yemen, Rep.",YEM,2014,181.918965324669,15.83,84.17,79.96547699,0.18527999121259978
South Africa,ZAF,2014,1051.53110465942,1.03,98.97,5.66398144,0.17167153095578902
Armenia,ARM,2015,1015.35194765081,22.43,77.57,81.62987518,0.08440844160981752
Australia,AUS,2015,4760.54357572354,2.47,97.53,16.91646767,0.03897319071468884
Benin,BEN,2015,74.3508582501171,5.55,94.45,51.40564728,0.379981893499272
Bulgaria,BGR,2015,1388.45076597855,13.07,86.93,42.50993729,0.09475436098323493
Bahrain,BHR,2015,2283.39810616744,4.88,95.12,25.89375496,0.07267526066174838
Bosnia and Herzegovina,BIH,2015,1120.60829265156,8.18,91.82,28.80271149,0.12394917930379847
Belarus,BLR,2015,1096.81250685851,8.32,91.68,36.20293045,0.11694417024418259
Bolivia,BOL,2015,468.504622088813,6.02,93.98,27.32661629,0.21636601574255018
Botswana,BWA,2015,863.173293373375,4.32,95.68,3.57781744,0.21303353622622043
Canada,CAN,2015,4773.7481512308,3.3,96.7,14.70200253,0.039146489845180245
Switzerland,CHE,2015,7166.58637587459,7.95,92.05,22.04629517,0.02607733418577768
Cyprus,CYP,2015,2136.11670471907,14.74,85.26,43.62483215,0.06916853450412597
Czechia,CZE,2015,2489.06836173485,2.16,97.84,14.51374149,0.07205186323664114
"Egypt, Arab Rep.",EGY,2015,581.864496371668,31.22,68.78,58.8299675,0.12863769118451904
Spain,ESP,2015,3233.04254906521,7.02,92.98,23.8731041,0.05423730895103659
Ethiopia,ETH,2015,62.4177160410784,2.12,97.88,36.74348068,0.48461391071486043
Georgia,GEO,2015,1043.96680383389,29.06,70.94,62.316185,0.09601435710462755
"Gambia, The",GMB,2015,63.2149503666416,0.2,99.8,23.41558647,0.9161682393328823
Hungary,HUN,2015,1842.37776890944,12.48,87.52,27.48835373,0.08590235333601362
Indonesia,IDN,2015,293.233792506128,3.61,96.39,42.71576691,0.20058873504242766
"Iran, Islamic Rep.",IRN,2015,1147.52076688832,17.03,82.97,38.95087051,0.11069061008901668
Israel,ISR,2015,2620.64548850889,11.63,88.37,22.50102615,0.06577886345213496
Japan,JPN,2015,4392.67629747452,9.2,90.8,12.94767094,0.042628556742206586
Kazakhstan,KAZ,2015,683.639620397393,2.54,97.46,32.09503555,0.16370695125438922
Kenya,KEN,2015,175.250024188806,5.19,94.81,26.89801407,0.3234865647209274
"Korea, Rep.",KOR,2015,2573.42287690324,13.51,86.49,37.70632935,0.06171336987596587
Luxembourg,LUX,2015,5546.68241910198,3.35,96.65,10.71509171,0.03429244766265582
Latvia,LVA,2015,1405.77567653213,19.42,80.58,40.46530914,0.09546628280178472
Moldova,MDA,2015,623.654913006427,18.49,81.51,46.18740845,0.14380297661241503
Mali,MLI,2015,80.5693365319561,2.13,97.87,34.17124557,0.4233593650818528
Malta,MLT,2015,3380.96255732967,15.94,84.06,37.21007919,0.04930607787909608
Myanmar,MMR,2015,231.926060209617,13.82,86.18,70.4500351,0.16221867540489188
Montenegro,MNE,2015,1460.07615605329,10.27,89.73,37.72554779,0.09498511607386431
Namibia,NAM,2015,1044.60998277259,1.52,98.48,7.3291502,0.16875270308928408
Nigeria,NGA,2015,185.883651818011,18.53,81.47,71.89007568,0.18898002973575337
Nepal,NPL,2015,161.650878659451,9.84,90.16,59.4352417,0.22067196331992725
Pakistan,PAK,2015,111.779544365698,4.47,95.53,64.43975067,0.27289535196897186
Peru,PER,2015,578.203049484522,8.26,91.74,30.14810181,0.18478378956076638
Philippines,PHL,2015,268.757499478344,6.31,93.69,51.1785965,0.1801172734904715
Poland,POL,2015,1717.35929009022,14.77,85.23,23.03758621,0.09398539102831414
El Salvador,SLV,2015,694.855934432273,2.3,97.7,35.22028351,0.15573865409662435
Serbia,SRB,2015,1312.5111832535,8.05,91.95,40.58773422,0.09990709222143128
Slovak Republic,SVK,2015,2033.76661924823,2.65,97.35,18.443573,0.08418826062363909
Slovenia,SVN,2015,2689.42033520024,2.51,97.49,12.49877739,0.06786117542838939
Togo,TGO,2015,117.430109041544,26.45,73.55,66.96256256,0.2608964313848058
Thailand,THA,2015,608.321119856769,1.88,98.12,11.91061687,0.24538210273721162
Tunisia,TUN,2015,669.961007011244,16.74,83.26,39.67178345,0.15020071297369672
Turkiye,TUR,2015,1040.8461041687,3.51,96.49,16.94873238,0.14941926672319067
Ukraine,UKR,2015,733.095386435762,7.13,92.87,48.23913574,0.13021367664336758
United States,USA,2015,9200.93133248374,4.4,95.6,11.75374031,0.020885213497784976
Zambia,ZMB,2015,147.84147758589,0.28,99.72,12.25534916,0.5697321536181899
Afghanistan,AFG,2016,261.566866928026,23.84,76.16,75.97433472,0.14575570810168106
Armenia,ARM,2016,1078.44064546615,19.29,80.71000000000001,80.6469574,0.08272275151254233
Bangladesh,BGD,2016,109.412957923441,24.42,75.58,71.49494171,0.26466830671199515
Bulgaria,BGR,2016,1537.63886097561,22.29,77.71000000000001,43.25471497,0.08791020520885373
Belarus,BLR,2016,1050.702270065,9.53,90.47,26.71418381,0.1326137288262025
Barbados,BRB,2016,1115.96201394759,16.37,83.63,45.05650711,0.10669968863298673
Canada,CAN,2016,5103.64665868687,3.4,96.6,15.60679913,0.03662825636342157
Switzerland,CHE,2016,7543.55137038756,7.15,92.85,21.27206993,0.024871558373570548
Chile,CHL,2016,1990.21504920164,14.6,85.4,34.75082779,0.07699186369633265
Colombia,COL,2016,1056.38520605909,8.19,91.81,15.61221027,0.1500910418334027
Spain,ESP,2016,3343.15398260259,7.28,92.72,21.95563507,0.053071940348636736
Finland,FIN,2016,4213.80738451905,6.72,93.28,19.27291298,0.043359322794425274
United Kingdom,GBR,2016,4348.86937179224,2.09,97.91,15.67987061,0.04262886268042049
Georgia,GEO,2016,1165.1821085307,30.74,69.26,60.7001152,0.09173290041135888
Ghana,GHA,2016,169.893855002895,1.33,98.67,37.82372665,0.2527385142202737
Greece,GRC,2016,2322.72643625741,16.89,83.11,34.30815125,0.0682693076527979
Hungary,HUN,2016,1959.38089676645,11.91,88.09,27.68942833,0.0816045795345528
Indonesia,IDN,2016,310.081437615651,4.31,95.69,38.12414932,0.2129428807440266
"Iran, Islamic Rep.",IRN,2016,1137.13457356271,15.78,84.22,36.55317688,0.1138261357169729
Japan,JPN,2016,4324.3399171434,9.4,90.6,12.85439873,0.04328564181599383
Kyrgyz Republic,KGZ,2016,298.447210734546,3.47,96.53,57.21311569,0.16138467730103778
"Korea, Rep.",KOR,2016,2760.95388600378,13.95,86.05,36.48467636,0.058615089957008974
Liberia,LBR,2016,157.762615323847,6.75,93.25,46.7549324,0.23999616737781815
St. Lucia,LCA,2016,690.469941850936,6.17,93.83,45.42465591,0.13826733958307375
Sri Lanka,LKA,2016,458.012241088255,5.44,94.56,50.1216011,0.15550429579285063
Luxembourg,LUX,2016,5806.30467269822,3.52,96.48,10.74443722,0.03280055418664742
Latvia,LVA,2016,1631.07362884453,21.41,78.59,43.32296753,0.08433627623927956
Moldova,MDA,2016,620.854217678566,17.15,82.85,46.29189682,0.14392188397729122
Maldives,MDV,2016,1920.75895112192,10.27,89.73,18.93492508,0.08816788141064556
Mexico,MEX,2016,1082.62991948582,1.54,98.46,41.3722229,0.1123455822942484
Mali,MLI,2016,80.0365339758319,1.95,98.05,35.75055695,0.41884858848618695
Mongolia,MNG,2016,489.036877585581,4.49,95.51,34.81768417,0.18731716474546772
Malaysia,MYS,2016,935.790627376657,1.96,98.04,35.94845581,0.1297157965046998
Nepal,NPL,2016,161.418749208597,10.66,89.34,55.44006729,0.22541900918803345
Peru,PER,2016,604.265407844917,8.46,91.53999999999999,29.5966835,0.18183193673736694
Poland,POL,2016,1856.86220963737,15.04,84.96000000000001,22.74558067,0.08828078073638608
West Bank and Gaza,PSE,2016,514.542791976022,9.0,91.0,42.70000076,0.16359625412294335
Romania,ROU,2016,1210.83316276544,13.42,86.58,20.75498581,0.12705816596319863
Rwanda,RWA,2016,111.397438778553,1.15,98.85,13.24364662,0.6060205153594024
El Salvador,SLV,2016,736.857034491996,4.9,95.1,34.5382576,0.15198777473473146
"Somalia, Fed. Rep.",SOM,2016,37.4867276163693,0.55,99.45,44.98737717,0.7466017818666312
Suriname,SUR,2016,867.481983819115,4.87,95.13,21.82023811,0.1611210524827151
Eswatini,SWZ,2016,593.221410414995,5.0,95.0,10.58516216,0.25707053968273663
Thailand,THA,2016,656.681703204639,1.99,98.01,10.8130331,0.23628270615991065
Tajikistan,TJK,2016,202.905221649611,9.15,90.85,66.00267029,0.1820665244456796
Turkiye,TUR,2016,1110.57942653774,3.73,96.27,16.46614456,0.1426786656490887
Uganda,UGA,2016,111.678899331241,15.27,84.73,40.60963821,0.3204665738557795
Ukraine,UKR,2016,777.953065501439,8.93,91.07,48.35792542,0.1262922305041768
Uruguay,URY,2016,1973.08320128514,2.11,97.89,16.43923569,0.0876814192951691
United States,USA,2016,9535.60048808215,4.47,95.53,11.62600517,0.020170649573408677
Viet Nam,VNM,2016,407.834094831029,9.39,90.61,41.35647964,0.1831945974791202
Albania,ALB,2017,832.955874831663,8.85,91.15,57.18074036,0.11211422277073892
Argentina,ARG,2017,2399.4439117441,9.57,90.43,20.74797821,0.07178132982834841
Armenia,ARM,2017,1278.00393260604,21.44,78.56,84.34803009,0.0745787902384979
Bulgaria,BGR,2017,1661.7176383074,21.16,78.84,42.19384384,0.08388338406519028
Belarus,BLR,2017,1056.47330120896,10.2,89.8,27.05755615,0.1316104435013837
Brazil,BRA,2017,1378.92393296078,11.81,88.19,24.46793365,0.11073030463914134
Bhutan,BTN,2017,352.284445101614,3.98,96.02,13.3064661,0.3467823569993715
Canada,CAN,2017,5240.51940680873,3.8,96.2,15.82835293,0.035692085888769376
Switzerland,CHE,2017,7755.17727442833,7.9,92.1,21.55899429,0.024207680417152183
Djibouti,DJI,2017,115.971571825083,1.47,98.53,26.03968811,0.36779593942193417
"Egypt, Arab Rep.",EGY,2017,594.79720776435,31.14,68.86,56.39825058,0.13087213957675584
Spain,ESP,2017,3598.63989037334,7.09,92.91,24.08994675,0.04921360257459739
Gabon,GAB,2017,411.455794024276,3.83,96.17,25.15639114,0.24075712507225286
United Kingdom,GBR,2017,4470.11052488707,2.2,97.8,15.82855606,0.04151323025653017
Georgia,GEO,2017,1173.32799010833,31.39,68.61,62.44371033,0.0902102902302279
Hungary,HUN,2017,1999.00851890888,11.61,88.39,27.24947357,0.08051302003896442
Indonesia,IDN,2017,310.387468170017,4.52,95.48,36.17775345,0.22033075938654365
India,IND,2017,180.407423467841,17.46,82.53999999999999,55.11247635,0.20823524989868503
"Iran, Islamic Rep.",IRN,2017,1163.12432794892,16.86,83.14,32.80345154,0.1161237390649354
Iraq,IRQ,2017,422.367697072078,19.57,80.43,58.04656601,0.14500305363401664
Israel,ISR,2017,2949.81977416572,11.84,88.16,22.43102837,0.05925796637184923
Jordan,JOR,2017,658.735447420871,6.36,93.64,33.99718094,0.16294909789863604
Japan,JPN,2017,4413.18629236203,9.6,90.4,12.65492725,0.04248245955246674
Kazakhstan,KAZ,2017,731.764378703708,2.84,97.16,33.14392471,0.15528947605832802
"Korea, Rep.",KOR,2017,2926.77117938189,13.21,86.78999999999999,35.78922272,0.056024844405794416
Luxembourg,LUX,2017,5961.60261392162,4.69,95.31,10.66126442,0.03197703643950266
Moldova,MDA,2017,794.869290604907,16.29,83.71000000000001,43.63447952,0.13125955955370536
Mali,MLI,2017,80.3813146139896,1.51,98.49,37.50244141,0.4108254705603817
Myanmar,MMR,2017,220.83173177914,12.71,87.28999999999999,75.68733215,0.16486973453475168
Mauritius,MUS,2017,1239.78175534862,8.2,91.8,47.39693832,0.0980898017523046
Panama,PAN,2017,2407.87885995687,6.2,93.8,31.91596031,0.06717422894918965
Peru,PER,2017,621.620109136811,7.97,92.03,28.94732857,0.18066745667899248
Poland,POL,2017,1972.36793970352,15.51,84.49,22.73643494,0.08392238470971015
Qatar,QAT,2017,3002.03810876146,1.3,98.7,6.88137674,0.06300713796176508
El Salvador,SLV,2017,755.122853753257,3.9,96.1,37.28125,0.14499620897988147
"Somalia, Fed. Rep.",SOM,2017,42.2444179689043,0.13,99.87,39.6850853,0.9999999999996472
Sao Tome and Principe,STP,2017,256.541219326376,4.83,95.17,14.75731373,0.39778124244694024
Thailand,THA,2017,677.059967108563,2.22,97.78,11.83790398,0.22625089038070645
Tajikistan,TJK,2017,206.78412651806,8.85,91.15,63.15241241,0.18168685061711148
Turkiye,TUR,2017,1139.10260447613,4.46,95.54,17.38420105,0.13832754031795164
Ukraine,UKR,2017,813.704638495788,7.3,92.7,49.17758942,0.12243756368560645
United States,USA,2017,9822.60605528924,4.5,95.5,11.34881878,0.019600950800385184
Zimbabwe,ZWE,2017,149.767935707889,11.82,88.18,10.54844856,0.6151660443383545
Angola,AGO,2018,190.30933929081,35.53,64.47,36.24733353,0.2543252258878456
Benin,BEN,2018,101.821094387433,14.29,85.71000000000001,49.22253418,0.3202641046166466
Burkina Faso,BFA,2018,102.632669494356,8.37,91.63,36.23123169,0.3517509046661388
Bulgaria,BGR,2018,1753.56327690919,21.28,78.72,39.32843781,0.0822667975648712
Belarus,BLR,2018,1102.02202824589,9.99,90.01,25.44559479,0.12989108437674385
Belize,BLZ,2018,453.119819271393,6.2,93.8,22.96988678,0.23881232873999855
Bolivia,BOL,2018,591.229168070987,4.26,95.74,22.10827065,0.20741354467068
China,CHN,2018,814.630086026044,24.33,75.67,35.75046921,0.14134029653439686
Cote d'Ivoire,CIV,2018,152.902803893692,8.33,91.67,39.2853241,0.2598870633733103
Costa Rica,CRI,2018,1566.32042725931,7.41,92.59,22.4164257,0.10184363906569134
Czechia,CZE,2018,3075.20614608327,3.85,96.15,14.15549374,0.05938717876346216
Dominican Republic,DOM,2018,758.960216959216,8.17,91.83,28.47889519,0.16136502809710607
Spain,ESP,2018,3731.49996051404,7.06,92.94,24.14520836,0.0476153635753965
Ethiopia,ETH,2018,69.2233849696006,3.48,96.52,35.49158096,0.46106301325435894
United Kingdom,GBR,2018,4614.18696766086,2.27,97.73,16.17838669,0.04023819302049904
Georgia,GEO,2018,1144.00984996743,29.99,70.01,58.10008621,0.09451065411217272
Guinea,GIN,2018,106.338307620256,1.5,98.5,67.11582947,0.2763777452549386
Guinea-Bissau,GNB,2018,149.85417712923,5.05,94.95,66.98523712,0.22365001548821328
Hungary,HUN,2018,2112.94481327715,12.31,87.69,26.78894615,0.07713818990136874
Indonesia,IDN,2018,326.103776326436,4.74,95.26,35.23954773,0.22016134720916938
"Iran, Islamic Rep.",IRN,2018,984.711822271363,17.0,83.0,39.99976349,0.12063254299194656
Israel,ISR,2018,3035.32613663784,12.81,87.19,21.83692932,0.05792778996496432
Japan,JPN,2018,4522.3413919771,9.7,90.3,12.99456692,0.04145332687368397
Kazakhstan,KAZ,2018,707.173944574643,2.61,97.39,33.47025299,0.15770760313484192
"Korea, Rep.",KOR,2018,3246.98677712342,11.96,88.03999999999999,34.67647934,0.0515696226123097
Moldova,MDA,2018,789.42537807563,13.09,86.91,40.02738953,0.1370609456731795
Mexico,MEX,2018,1095.91173650131,2.51,97.49,42.30939865,0.11055334621293757
North Macedonia,MKD,2018,1172.94149598749,8.41,91.59,41.23317337,0.1069485219529807
Mali,MLI,2018,83.9761350649616,2.06,97.94,32.55354691,0.41801074706987795
Mongolia,MNG,2018,565.673398471365,7.18,92.82,43.93989944,0.1544484073152312
Niger,NER,2018,67.5165256872818,6.52,93.48,48.96118927,0.4095557406342326
Nigeria,NGA,2018,157.105270993209,15.79,84.21000000000001,75.94579315,0.20756781694051074
Pakistan,PAK,2018,140.839066362795,5.39,94.61,56.24115753,0.2469393480420948
Peru,PER,2018,679.840135403432,9.21,90.78999999999999,29.74592972,0.16957276085195477
Poland,POL,2018,2021.77060101869,14.35,85.65,20.42033195,0.08348310228396874
Saudi Arabia,SAU,2018,3011.30378763351,1.31,98.69,15.89835358,0.06004140027452341
Senegal,SEN,2018,149.805101797199,6.86,93.14,48.3353653,0.24714885888205101
Sierra Leone,SLE,2018,139.926057014635,16.4,83.6,60.98888779,0.24156940260743193
El Salvador,SLV,2018,766.010657011516,3.41,96.59,37.49291611,0.1434813208129146
Serbia,SRB,2018,1507.56363488042,8.97,91.03,38.31092453,0.09243890638470396
Slovenia,SVN,2018,3236.61402075633,3.69,96.31,11.98157787,0.05719468297307966
Chad,TCD,2018,73.2799515768197,9.3,90.7,64.376091,0.34415936159634775
Togo,TGO,2018,127.348479655682,13.68,86.32,64.66403961,0.25152374997410276
Thailand,THA,2018,730.379120444958,2.04,97.96,10.11109638,0.21974684404971292
Tajikistan,TJK,2018,215.260701328284,9.8,90.2,68.41996002,0.17269602167367665
Turkiye,TUR,2018,1124.65599319441,4.3,95.7,17.49141884,0.13958083483869296
Tanzania,TZA,2018,110.040920459283,4.3,95.7,20.79366684,0.4424692048621281
Ukraine,UKR,2018,893.6309938762,7.78,92.22,50.65900421,0.11499473893515239
United States,USA,2018,10180.4823229849,4.51,95.49,11.32081032,0.018924825047072658
Viet Nam,VNM,2018,503.180098442379,10.03,89.97,44.58100891,0.16107346229845415
United Arab Emirates,ARE,2019,3409.700148469,0.372,99.628,12.23162079,0.0543855699625573
Armenia,ARM,2019,1738.55875811611,24.86,75.14,84.79430389,0.06331632806713995
Belarus,BLR,2019,1305.00109860036,9.33,90.67,25.69003105,0.11423574586561436
Bolivia,BOL,2019,631.930127874865,4.55,95.45,23.99159813,0.19294911104252427
Canada,CAN,2019,5554.96352468819,3.5,96.5,15.42836094,0.03379719571485157
Czechia,CZE,2019,3422.44715438304,4.64,95.36,14.309021,0.05370003407217219
Spain,ESP,2019,4075.97609213283,7.87,92.13,23.84757805,0.04398702745217887
United Kingdom,GBR,2019,4983.83652854371,2.22,97.78,16.03681946,0.03741746923152088
Georgia,GEO,2019,1201.65520322936,31.0,69.0,56.99837112,0.09272335286526559
Indonesia,IDN,2019,345.046001576198,2.53,97.47,34.55001068,0.21822705525828942
"Iran, Islamic Rep.",IRN,2019,832.175810194026,15.35,84.65,39.13536072,0.13438781204453684
Japan,JPN,2019,4679.33218824469,10.5,89.5,12.9017725,0.04013402436923869
Kazakhstan,KAZ,2019,799.701068382388,2.91,97.09,33.86382675,0.14609525267686876
Kyrgyz Republic,KGZ,2019,229.016769144427,4.29,95.71,46.181427,0.20238819013238132
Cambodia,KHM,2019,311.269698199494,17.86,82.14,64.39125061,0.14602307419619548
Lao PDR,LAO,2019,202.090167288715,8.4,91.6,41.83228683,0.22480232199343836
Luxembourg,LUX,2019,6700.66965094926,4.52,95.48,9.58771706,0.028609333806026396
Morocco,MAR,2019,409.959564651381,8.2,91.8,46.55796814,0.1696500227524591
Moldova,MDA,2019,864.662968865747,14.05,85.95,35.6937027,0.1365070392058092
North Macedonia,MKD,2019,1412.93528345454,9.73,90.27,39.08806229,0.09616411807934754
Mali,MLI,2019,91.125148472922,1.8,98.2,31.07923317,0.40009904901912613
Mozambique,MOZ,2019,109.743746034701,3.58,96.42,9.71002865,0.7391136115311497
Malawi,MWI,2019,92.1473593931542,2.91,97.09,11.85419559,0.6952064609709664
Malaysia,MYS,2019,1111.03714581917,1.52,98.48,36.0626564,0.11611479069382159
Peru,PER,2019,709.342868059496,8.41,91.59,28.34798813,0.1685371787694361
Poland,POL,2019,2292.10627205968,14.86,85.14,20.09078407,0.07501800584850503
Russian Federation,RUS,2019,1759.39899967257,7.2,92.8,36.57374573,0.08361017022700787
El Salvador,SLV,2019,859.415342428711,4.06,95.94,37.6710701,0.1340406347975395
Serbia,SRB,2019,1701.65775251246,8.53,91.47,37.03455734,0.08544479282083826
Thailand,THA,2019,756.757118622001,1.87,98.13,8.66960335,0.21894133747427305
Turkiye,TUR,2019,1200.39248868231,4.22,95.78,17.04763412,0.13308012627637764
Ukraine,UKR,2019,953.68413708251,8.32,91.68,51.11891937,0.11062107106592048
United States,USA,2019,10550.2206945449,4.35,95.65,11.30872917,0.018273132935017682
Afghanistan,AFG,2020,401.16333264641,26.08,73.92,74.81396484,0.12257596308773289
Armenia,ARM,2020,1844.10278234491,23.18,76.82,77.84781647,0.0634340793441071
Burundi,BDI,2020,84.301690937684,4.77,95.23,20.45733452,0.48000838359537673
Belarus,BLR,2020,1598.28283021619,13.5,86.5,24.76618576,0.09829026710174878
United Kingdom,GBR,2020,5808.38012848447,2.36,97.64,12.40982437,0.032643532719703425
Georgia,GEO,2020,1520.02829376448,30.67,69.33,54.57889175,0.0818957402062538
Indonesia,IDN,2020,401.223289913644,2.23,97.77,31.19621658,0.21763500421626722
"Iran, Islamic Rep.",IRN,2020,700.010304525198,13.82,86.18,37.40495682,0.15092537977102327
Japan,JPN,2020,4855.9607582898,10.9,89.1,11.5586462,0.03889915158346955
Kazakhstan,KAZ,2020,1089.86734426699,3.43,96.57,27.74455261,0.12780198925110586
Kyrgyz Republic,KGZ,2020,257.988148371502,4.91,95.09,46.02117538,0.19701920226403571
Luxembourg,LUX,2020,7088.20370765635,3.8,96.2,8.38729095,0.027150456511109654
Moldova,MDA,2020,944.398271281347,11.97,88.03,30.92627144,0.13618907082375878
Mexico,MEX,2020,1171.40563850852,4.44,95.56,38.76134109,0.10940312502052733
Mongolia,MNG,2020,646.029106133253,14.71,85.28999999999999,43.71080399,0.14565129516506997
Peru,PER,2020,817.581330350486,9.67,90.33,22.49866867,0.1664593488310446
Poland,POL,2020,2356.09113851299,15.24,84.76,19.53498077,0.07346990260151694
Russian Federation,RUS,2020,2538.82360457465,7.7,92.3,24.88454437,0.06675595565580912
Thailand,THA,2020,835.011548990053,1.9,98.1,10.54276752,0.19533019746254346
United States,USA,2020,11648.4953090229,3.98,96.02,10.06959915,0.016604509875738697
Viet Nam,VNM,2020,502.938679900366,8.46,91.53999999999999,42.40335083,0.1658595690380883
Armenia,ARM,2021,2024.83372763285,19.89,80.11,78.65647888,0.05969397348716593
Belarus,BLR,2021,1784.44988282305,16.54,83.46000000000001,21.92699814,0.09181602623053646
Bolivia,BOL,2021,771.477813151763,5.69,94.31,22.73787498,0.1726546176175643
Georgia,GEO,2021,1951.38810169459,31.41,68.59,51.89904404,0.07046505284273426
Indonesia,IDN,2021,472.82176279231,1.97,98.03,27.1673317,0.2159454357245444
"Iran, Islamic Rep.",IRN,2021,726.492590719466,15.36,84.64,41.70082092,0.14061099443897787
Japan,JPN,2021,5358.70264015009,11.1,88.9,10.81970024,0.035447320213267124
Kazakhstan,KAZ,2021,1292.98944963159,3.72,96.28,25.03029823,0.1157585333350023
Luxembourg,LUX,2021,7734.7397617275,4.34,95.66,8.79836845,0.024898903280974487
Moldova,MDA,2021,1200.78340748975,14.15,85.85,29.41590118,0.11727760284617524
Mali,MLI,2021,83.1808303762911,1.7,98.3,44.09402466,0.3789158481832918
Mongolia,MNG,2021,1080.65806755941,14.03,85.97,30.87066269,0.12448570004836403
Peru,PER,2021,1019.321046243,12.59,87.41,25.10678101,0.13794360057354152
Poland,POL,2021,2607.16810590306,16.09,83.91,19.84747887,0.06703795437857853
Thailand,THA,2021,1043.31229823859,2.05,97.95,9.04449558,0.16503390939440185
United States,USA,2021,12080.0736201021,4.61,95.39,10.72964573,0.016005281119590882
