Country Name,Country Code,Year,DEA_Efficiency,FPE,CHE_PPP,GGHE_pct
Bangladesh,BGD,2000,0.7094963970639283,85.15,27.2905550706384,5.21146441
Belarus,BLR,2000,0.16361785942207685,97.29,316.620794668775,12.1293211
Bolivia,BOL,2000,0.2596025028824919,88.94,147.649016788093,8.29598331
Canada,CAN,2000,0.08597417992519561,96.7,2405.67150004447,14.8156271
Czechia,CZE,2000,0.299039110627713,99.21,923.632574790482,12.38825798
Estonia,EST,2000,0.14466075774058992,93.37,485.687718341864,10.7823925
United Kingdom,GBR,2000,0.11467268454549503,98.0,1895.92439875247,15.96845055
Georgia,GEO,2000,0.32248070263300277,87.62,217.030483039799,4.85252142
Guatemala,GTM,2000,0.15262992101008563,96.32,272.539677981635,14.0827589
Hungary,HUN,2000,0.1292396057152068,91.74,802.676557554202,9.85581303
India,IND,2000,0.6168382967273701,84.59,85.8442199233361,3.05056
Kyrgyz Republic,KGZ,2000,0.4517117988888946,97.64,80.1123774476418,7.06400633
Lithuania,LTU,2000,0.14137680262971142,89.94,521.799343451219,10.57103539
Morocco,MAR,2000,0.4228104354156924,88.5,143.244423675375,4.11556196
Moldova,MDA,2000,0.2643386788209596,93.11,124.540222789945,8.52794456
North Macedonia,MKD,2000,0.12734839257489727,98.01,537.53067812623,14.71431541
Peru,PER,2000,0.1939780879533113,88.18,215.482857504425,10.76997662
Philippines,PHL,2000,0.38230889986587296,97.17,102.821933040413,6.51838589
Poland,POL,2000,0.15197805995500457,87.61,564.333435262893,8.38121891
Paraguay,PRY,2000,0.14614137617841313,90.77,417.524577825954,11.8494072
Romania,ROU,2000,0.2166179641100234,92.97,246.026072323928,8.65739632
Russian Federation,RUS,2000,0.1742385260513102,96.78,366.798169502002,9.72129631
Rwanda,RWA,2000,0.8969873174456251,91.56,21.7804527114344,3.54361153
Eswatini,SWZ,2000,0.20925798852697328,91.24,209.925583105027,9.79427242
Thailand,THA,2000,0.21307744307301432,94.37,226.053621678033,9.24875259
Tunisia,TUN,2000,0.17767026423025908,77.46000000000001,300.619191896892,10.54292107
Tanzania,TZA,2000,0.5457592999671348,94.99,35.7209386063051,6.05200052
United States,USA,2000,0.07881729201037134,94.06,4548.55482518934,16.16093826
Uzbekistan,UZB,2000,0.31580590857199814,91.86,159.591652250094,6.10871267
Armenia,ARM,2001,0.34865103019562194,88.01,137.599041293042,5.66264772
Bulgaria,BGR,2001,0.15755808514612857,92.72,469.278627742871,9.46551609
Bosnia and Herzegovina,BIH,2001,0.17994923266695179,85.9,394.056010421098,8.60074425
Belarus,BLR,2001,0.1697889865943738,95.93,367.78688402911,10.04257679
Bolivia,BOL,2001,0.25453251921290343,92.1,165.704082560183,8.18012047
Canada,CAN,2001,0.08338055712746353,97.1,2591.25879818127,15.27647972
Cameroon,CMR,2001,0.40705052450583823,79.42,91.3232099667445,5.34374762
Cabo Verde,CPV,2001,0.2543493061868648,97.19,142.872662297639,11.17305183
Czechia,CZE,2001,0.3417114081573607,99.43,1031.86220701417,11.83805084
Georgia,GEO,2001,0.2563458916896598,86.05,238.28911793678,6.75043344
Hungary,HUN,2001,0.13179404282574736,91.66,900.733980760049,9.66478729
Indonesia,IDN,2001,0.48845491577847183,97.44,111.717915210114,3.95831513
India,IND,2001,0.6128170538122817,85.14,95.4058154088415,2.90321684
Israel,ISR,2001,0.1364768379024891,87.76,1858.37215319485,9.33316898
Italy,ITA,2001,0.10433168214527372,91.19,2170.31340970543,12.20876884
Kazakhstan,KAZ,2001,0.21131571406023042,97.83,297.396598186705,8.40947342
Kyrgyz Republic,KGZ,2001,0.42715063139479803,97.32,82.8230887383507,7.13149929
Lithuania,LTU,2001,0.13103893757501117,88.52,564.961459432522,11.36786652
Moldova,MDA,2001,0.2328822559820001,91.24,139.642169276076,9.71184635
Nicaragua,NIC,2001,0.18182404842121805,84.05,159.959380618934,12.79048729
Pakistan,PAK,2001,0.3844070831481153,94.04,61.8534826574671,6.30668402
Poland,POL,2001,0.14323274672415537,87.6,630.267495766063,8.89294815
Romania,ROU,2001,0.19313666652495232,93.0,281.544304095558,9.60567093
Russian Federation,RUS,2001,0.20054376949479924,98.07,413.119757097163,9.67133141
Senegal,SEN,2001,0.44767483618096704,98.4,75.2441907337137,9.01053238
United States,USA,2001,0.07599926889088625,94.18,4901.67536216281,16.76017952
Albania,ALB,2002,0.22067625199166882,76.63,257.051227793997,8.20897484
Armenia,ARM,2002,0.28124255094617795,88.53,261.677018919282,5.3255291
Azerbaijan,AZE,2002,0.5442160283412366,93.03,111.519657988715,3.19315743
Belarus,BLR,2002,0.17310868640800478,96.16,389.188367334049,9.32076073
Bolivia,BOL,2002,0.26019560731119307,91.77,172.105025673811,7.8159523
Canada,CAN,2002,0.08019871309904025,97.0,2727.0447698299,15.88256645
China,CHN,2002,0.32275368578035574,87.73,153.543707505455,6.02580309
Cote d'Ivoire,CIV,2002,0.48315024272796797,81.53,95.9781370709401,4.14795876
Czechia,CZE,2002,0.30916347427621654,99.25,1127.05589555227,12.18289185
Djibouti,DJI,2002,0.5816859035897558,98.86,84.9293440276589,5.49563599
Georgia,GEO,2002,0.23310219590088535,86.23,283.725326802592,7.02040815
Guinea,GIN,2002,0.5057089137943189,90.33,65.8833758377763,4.44303322
Guinea-Bissau,GNB,2002,0.8654034315079421,94.51,42.4157692645454,2.52350521
Hungary,HUN,2002,0.13173897744738408,90.3,1032.77498460196,9.66882706
Indonesia,IDN,2002,0.492944341419273,97.71,109.350278655416,3.98283839
Israel,ISR,2002,0.14664794666192865,87.86,1854.44348384301,8.68584538
Jamaica,JAM,2002,0.18168292737345149,89.62,382.287986260346,8.66761017
Jordan,JOR,2002,0.19699859241648177,98.52,604.100857834215,13.38210011
Kazakhstan,KAZ,2002,0.1862856214724537,97.88,343.568143784741,9.42059898
Kyrgyz Republic,KGZ,2002,0.41015210862389007,97.6,89.5114157241061,7.56329107
Lao PDR,LAO,2002,0.4350920303462459,96.93,83.1760958955142,6.12984419
Lithuania,LTU,2002,0.11628937106737236,87.92,641.827038469407,12.7128334
Latvia,LVA,2002,0.15605281769547627,90.81,578.263433090025,8.16237354
Moldova,MDA,2002,0.19211686585671767,90.42,181.921681252169,11.53735256
North Macedonia,MKD,2002,0.12579607893242445,93.42,559.140278442583,12.38785744
Mongolia,MNG,2002,0.27140970341343096,98.72,219.676844585463,10.90433216
Mozambique,MOZ,2002,0.9999999999999765,99.17,18.4831507452979,6.31664944
Poland,POL,2002,0.13562813445927896,87.71000000000001,715.971942783324,9.391572
Romania,ROU,2002,0.17252041117071693,92.39,326.26868972151,10.54747868
Russian Federation,RUS,2002,0.15643098917970127,96.84,473.454964829201,9.51892662
Thailand,THA,2002,0.2081833944952086,96.02,271.727906178773,8.71551132
Turkiye,TUR,2002,0.16629999826822572,93.99,462.405801315857,8.63695431
Uganda,UGA,2002,0.3770598287608457,90.43,51.7066588334314,8.74810505
Ukraine,UKR,2002,0.21069016615891553,87.59,295.673439591646,8.10631752
United States,USA,2002,0.07396913245849783,93.68,5327.93694234898,17.22017479
Uzbekistan,UZB,2002,0.3239884906098861,93.8,175.44966772588,5.58452082
Viet Nam,VNM,2002,0.26588817287811456,87.28,116.195131228637,8.61995983
Armenia,ARM,2003,0.26691339794096675,89.39,288.424583011174,5.37522793
Azerbaijan,AZE,2003,0.48756483589390165,93.01,124.037865253384,3.57235146
Benin,BEN,2003,0.34351191277735016,88.89,57.3988069383056,7.68920326
Burkina Faso,BFA,2003,0.44626686132486665,91.53999999999999,45.9000438327367,5.56972933
Belarus,BLR,2003,0.157162540804587,95.95,439.027305638964,10.07395458
Bhutan,BTN,2003,0.27822979846420653,94.62,143.267529452089,7.6382122
Canada,CAN,2003,0.07784141101664453,96.7,2897.40001637717,16.36354446
Czechia,CZE,2003,0.34014400381212423,99.37,1274.92730506871,11.61948967
Estonia,EST,2003,0.1215228355495879,89.96000000000001,672.703697615615,11.07697296
Georgia,GEO,2003,0.2149247271608099,87.95,333.604463440646,7.13276815
Hungary,HUN,2003,0.11009659433996045,87.63,1255.44650765541,11.56948948
India,IND,2003,0.6308182052195663,84.59,100.39838087148,2.67687607
Israel,ISR,2003,0.13794051127663606,88.3,1738.98863709116,9.23413563
Jamaica,JAM,2003,0.2235541669245457,89.63,359.429609639169,6.13759899
Kazakhstan,KAZ,2003,0.1733149485705218,97.68,392.159810668837,9.5652113
Kyrgyz Republic,KGZ,2003,0.37659216054745337,98.72,122.861730716217,8.07252979
"Korea, Rep.",KOR,2003,0.1701539535063513,91.67,1031.26959440773,7.48593473
Lithuania,LTU,2003,0.10425483823477821,88.49,743.03580632439,13.67591095
Latvia,LVA,2003,0.15760205161874508,89.5,603.085565731893,8.08213711
Moldova,MDA,2003,0.21897245436681256,89.39,188.043305083102,9.59353638
North Macedonia,MKD,2003,0.11689570480350359,93.27,578.590105129344,13.76112652
Nigeria,NGA,2003,0.4195206985388394,77.47,151.947780877129,4.00685167
Nepal,NPL,2003,0.4271851707417987,90.03,63.9174537235156,5.52154541
Panama,PAN,2003,0.09943418555596231,88.07,626.215378006361,17.18168831
Philippines,PHL,2003,0.3883086479831755,97.06,115.727563442286,5.4588623
Poland,POL,2003,0.1422818089572561,88.27,731.393089609383,8.952384
Romania,ROU,2003,0.13961122308022592,92.05,405.095649398029,12.99804401
Russian Federation,RUS,2003,0.2982326757651965,98.59,508.002454591701,9.20299911
Sierra Leone,SLE,2003,0.4263243085391307,64.07,68.440240316632,5.45097542
Serbia,SRB,2003,0.11723288156589186,92.25,585.422590251339,13.56351852
Syrian Arab Republic,SYR,2003,0.24189189037356076,94.46,233.125708036007,7.51466179
Chad,TCD,2003,0.33053055771386264,93.72,59.3205798268326,8.98155689
Turkiye,TUR,2003,0.15832247552911943,95.27,473.913584390073,9.29146957
Ukraine,UKR,2003,0.17755494310608458,89.78,363.412242510875,9.38550282
United States,USA,2003,0.07276369945837194,94.21,5732.24369331565,17.5054512
Uzbekistan,UZB,2003,0.3028172463930237,93.34,185.780236308559,6.01096392
Argentina,ARG,2004,0.09269985329766642,83.1,859.721256884155,14.93299007
Armenia,ARM,2004,0.2506334774693359,83.53999999999999,277.528911953218,6.27547503
Azerbaijan,AZE,2004,0.47342482564203653,92.37,134.272396332243,3.55759931
Belarus,BLR,2004,0.14814883212499871,96.73,502.898047572918,9.99574471
Canada,CAN,2004,0.075254369606267,96.8,3057.41927474776,16.9260788
"Congo, Dem. Rep.",COD,2004,1.0,94.19,19.7649795275692,2.49895263
Costa Rica,CRI,2004,0.07620289188451801,95.64,638.741883417573,25.73747253
Czechia,CZE,2004,0.27829598964595886,99.18,1329.6021429386,13.14472771
Estonia,EST,2004,0.110673081999356,88.43,773.81126179819,11.50922489
Ethiopia,ETH,2004,1.0000000000000824,99.18,24.082866233605,5.72665405
Georgia,GEO,2004,0.21899701984789763,88.24,367.732594270678,6.25
Honduras,HND,2004,0.32956823957500836,98.86,205.734823839806,9.59641266
Croatia,HRV,2004,0.12019632476509486,97.61,954.518033212497,10.59734058
Hungary,HUN,2004,0.11489320909489757,89.73,1260.98469924248,11.08648109
Indonesia,IDN,2004,0.4461114037600693,97.94,131.431859149521,4.20149517
Israel,ISR,2004,0.13294930999335405,87.63,1823.98454141895,9.58080482
Jamaica,JAM,2004,0.18222171657311598,89.8,434.746511794726,7.64527464
Kazakhstan,KAZ,2004,0.14748551223528963,97.37,469.091390586397,10.94160748
Kyrgyz Republic,KGZ,2004,0.26383331345951666,91.38,142.612046533621,8.21259594
"Korea, Rep.",KOR,2004,0.1534677456912782,91.75,1102.66498622514,8.29986382
Lithuania,LTU,2004,0.12572611090348967,88.02,713.57653964931,10.13123989
Latvia,LVA,2004,0.128144116944377,87.92,757.087107803931,9.9400692
Moldova,MDA,2004,0.14195875122072768,90.56,265.744397851625,15.25031948
Maldives,MDV,2004,0.13264107014968496,92.67,828.120500716886,9.60306931
North Macedonia,MKD,2004,0.11543160325658823,92.81,591.410797433509,13.83370781
Mauritania,MRT,2004,0.5989900253997436,89.46000000000001,98.0962952420062,2.96115541
Malawi,MWI,2004,0.9644549797164821,99.69,40.6890652066302,4.99515104
Pakistan,PAK,2004,0.5669022154342662,96.63,62.0847512223923,4.51193905
Poland,POL,2004,0.13982170212338935,87.26,783.504642444952,9.10989761
West Bank and Gaza,PSE,2004,0.21944541795386663,92.09,304.624445897564,7.39701176
Romania,ROU,2004,0.1359219757796387,90.38,490.854630694608,11.96030045
Russian Federation,RUS,2004,0.1512399321475545,97.56,517.623550729638,9.44207001
Serbia,SRB,2004,0.10994076653913383,91.43,664.98300282741,13.70559883
Slovak Republic,SVK,2004,0.09715950763981987,94.72,970.308366603134,13.11000252
Thailand,THA,2004,0.17685676237687636,96.17,299.621550631869,10.7134676
Turkiye,TUR,2004,0.14345803158813691,94.43,526.652459743728,10.18661499
Ukraine,UKR,2004,0.1844073996511393,89.67,395.913880548956,8.1810751
United States,USA,2004,0.07105288367662496,94.42,6071.84414824311,17.92694855
Viet Nam,VNM,2004,0.24660151667921817,84.09,157.804286595422,8.6892519
Zambia,ZMB,2004,0.38288697264356447,97.21,113.031216336957,5.65226936
Albania,ALB,2005,0.1859002962226131,80.49,328.991135915059,9.30094719
Armenia,ARM,2005,0.2148564880755317,87.96000000000001,317.313182370138,7.44000816
Azerbaijan,AZE,2005,0.4285931235228964,91.88,146.717465138052,3.95949173
Bangladesh,BGD,2005,0.5552977774183794,87.66,41.5811443703718,4.38883734
Bulgaria,BGR,2005,0.11792850908025967,89.66,706.363755559382,11.16988087
Bahrain,BHR,2005,0.13938522317796243,96.77,1467.96388028201,9.13842487
Belarus,BLR,2005,0.1351736365623072,97.65,604.64415090204,10.05169773
Canada,CAN,2005,0.07435400821496109,96.3,3262.43880505192,17.13103867
Czechia,CZE,2005,0.27224206197640965,99.06,1402.73724293634,12.75457001
Estonia,EST,2005,0.11004098191025721,89.21000000000001,878.235843087226,11.57533646
Gabon,GAB,2005,0.2508983424691783,94.33,404.735291547992,5.07680273
United Kingdom,GBR,2005,0.10071565148854275,97.97,2742.26924220039,17.72014999
Georgia,GEO,2005,0.22839248946849772,84.96000000000001,418.119640413477,5.57707214
Ghana,GHA,2005,0.2613098560400501,96.89,107.10340128819,13.63450813
Hungary,HUN,2005,0.11214361581616912,89.38,1364.59936227295,11.35830498
Indonesia,IDN,2005,0.3991676847480891,97.86,168.920594088728,4.2081809
"Iran, Islamic Rep.",IRN,2005,0.141441245723091,88.69,719.539663197571,9.00558662
Israel,ISR,2005,0.13307693992079453,87.3,1822.04175177104,9.57161617
Kazakhstan,KAZ,2005,0.19909506148590414,98.3,516.04855836536,11.53032875
Kenya,KEN,2005,0.3283183757181906,94.45,98.8573699282759,6.89238787
Kyrgyz Republic,KGZ,2005,0.1777501455002918,95.39,174.893759506111,13.06986713
"Korea, Rep.",KOR,2005,0.14340329411336644,90.41,1226.39808628021,8.8823719
Sri Lanka,LKA,2005,0.20140306547206446,93.72,220.283518609559,10.13588715
Latvia,LVA,2005,0.136421859558345,87.52,807.581992358066,9.33693027
Moldova,MDA,2005,0.1475596138071698,89.25,314.521027376197,13.57666016
Madagascar,MDG,2005,0.564535327482173,99.79,70.020143377452,10.54040527
North Macedonia,MKD,2005,0.11751140236829061,92.94,587.454313016582,13.46777534
Niger,NER,2005,0.36663685879068375,96.26,52.0516021208594,12.34742451
Poland,POL,2005,0.14160785124939446,85.39,806.794338027663,8.9949913
West Bank and Gaza,PSE,2005,0.20066716244384858,93.75,330.048956955114,8.14653969
Romania,ROU,2005,0.12459685342228743,89.94,529.231123306773,13.16346741
Rwanda,RWA,2005,0.4534280588313015,97.65,70.5974462238243,8.09271908
Senegal,SEN,2005,0.438636925386549,98.62,86.3619946665707,8.54413509
Serbia,SRB,2005,0.10335073007744046,89.17,759.03666897031,13.61884022
Slovak Republic,SVK,2005,0.10027728856937897,94.9,1096.34465541369,12.70239162
Trinidad and Tobago,TTO,2005,0.15871007935656,97.42,1011.01113708389,8.02571201
Tunisia,TUN,2005,0.15025631117398058,78.09,415.488201597353,11.35010338
Turkiye,TUR,2005,0.1363349437709232,94.89,575.372111403113,10.3244648
Uganda,UGA,2005,0.33661763066395506,79.7,74.2251793934364,7.13526297
Ukraine,UKR,2005,0.17318851013961198,91.8,436.569430634796,8.43188095
Uruguay,URY,2005,0.09590955666993556,95.46,1036.10679738419,13.28085995
United States,USA,2005,0.07099558947348789,94.33,6428.60205272132,17.94141579
"Yemen, Rep.",YEM,2005,0.38141091911238156,84.6,162.079144385695,4.50115108
South Africa,ZAF,2005,0.20315564650964243,98.25,716.452186733678,10.91880608
Armenia,ARM,2006,0.19314506071186666,89.17,371.503625829309,7.93185902
Burundi,BDI,2006,0.39117449168862806,87.53999999999999,50.4960159826945,6.48141956
Belarus,BLR,2006,0.15086822301782662,97.14,633.415825062601,8.44287395
Canada,CAN,2006,0.07590179124808077,96.0,3536.91768422493,16.78170395
Switzerland,CHE,2006,0.13635208523501427,90.89,4436.50621101903,9.34170818
Chile,CHL,2006,0.09501853392010684,90.81,941.869297803874,13.40539932
Czechia,CZE,2006,0.2756015444606431,99.08,1476.81127694482,12.71145344
Spain,ESP,2006,0.08671647707795786,94.58,2441.96995138065,14.68880463
Finland,FIN,2006,0.0938315958108,92.88,2854.29498099062,13.57497311
Georgia,GEO,2006,0.24353103703664072,83.71000000000001,448.921563598531,5.23038626
Hungary,HUN,2006,0.11954577961620101,89.91,1429.15092740082,10.65500927
Indonesia,IDN,2006,0.4676705420780554,98.18,187.56033863635,4.51137447
India,IND,2006,0.5638656548387737,83.16,118.165322607228,2.88599753
Iraq,IRQ,2006,0.4180269220386013,96.71,254.9340314096,3.0470798
Israel,ISR,2006,0.12930521820660065,88.72,1820.61273784922,9.85081196
Kyrgyz Republic,KGZ,2006,0.16164815761321663,96.04,205.963879149226,14.45895767
Kiribati,KIR,2006,0.9999999999999389,100.0,195.145513519676,11.40626049
"Korea, Rep.",KOR,2006,0.13273272182653392,89.22,1398.63571125546,9.59643841
Sri Lanka,LKA,2006,0.2041085229607406,94.45,241.048458495878,9.56101894
Latvia,LVA,2006,0.13237215990172363,89.09,900.809029595684,9.62257767
Morocco,MAR,2006,0.29038227850473797,78.0,261.33224457844,5.01113462
Moldova,MDA,2006,0.14417380144471229,84.94,375.941456963825,12.89050865
North Macedonia,MKD,2006,0.11441177248231148,92.16,626.553264317525,13.40144539
Mali,MLI,2006,0.43996920918398386,96.62,82.2214126791613,5.54588985
Mauritius,MUS,2006,0.1843985081149855,95.06,443.192419813241,7.30248404
Peru,PER,2006,0.16473669718067507,89.26,313.753413329789,11.56533909
Philippines,PHL,2006,0.2910811020593135,95.61,172.966556900955,6.63096142
Poland,POL,2006,0.14147396594645742,86.18,878.891553239223,9.0035038
West Bank and Gaza,PSE,2006,0.2239817751588885,92.85,313.988631981815,6.95828247
Romania,ROU,2006,0.12942504017084286,89.38,584.294952842328,11.28106403
Serbia,SRB,2006,0.10163905914242118,89.72,865.523312455179,12.53220367
Slovak Republic,SVK,2006,0.10187397995765671,96.24,1295.77939892026,12.50330448
Seychelles,SYC,2006,0.9876239597383498,99.93,667.073607342364,7.90729713
Togo,TGO,2006,0.5839083482836566,89.35,57.924800034909,3.83191919
Thailand,THA,2006,0.15719809537458235,96.41,338.253744775406,12.11568642
Turkiye,TUR,2006,0.122120055870401,95.0,694.463456352896,10.55690098
Ukraine,UKR,2006,0.16049527987269152,91.64,492.702278504541,8.69689655
United States,USA,2006,0.06857691916446584,94.58,6802.47531175785,18.57419968
Viet Nam,VNM,2006,0.23176261861303118,85.59,193.640564043264,8.76698685
Zambia,ZMB,2006,0.3523591669022608,98.15,132.630006451562,6.74704027
Afghanistan,AFG,2007,0.6100787726817056,95.16,112.257676068474,2.61078191
Armenia,ARM,2007,0.19340054437613635,91.7,409.876589128493,7.19854879
Bosnia and Herzegovina,BIH,2007,0.11244034959278057,89.75,783.072519407999,11.32833004
Belarus,BLR,2007,0.15677953923688878,96.57,724.905798469884,8.12453842
Bhutan,BTN,2007,0.25969328709726397,96.57,200.374591325424,7.46379232
Canada,CAN,2007,0.07462783035394648,96.0,3710.89179416931,17.06818199
Switzerland,CHE,2007,0.13329402850676805,89.64,4799.64459898341,9.55602741
China,CHN,2007,0.2285575434062359,81.56,249.507331917602,7.90135717
Cameroon,CMR,2007,0.46123839686044976,91.99,106.932220315413,4.22608185
Cabo Verde,CPV,2007,0.21923343050397007,97.95,213.885371355189,10.09019661
Czechia,CZE,2007,0.22003959895429592,98.58,1580.4068099117,12.40300465
Dominican Republic,DOM,2007,0.1599682741896325,82.34,408.435473321699,10.32302856
Spain,ESP,2007,0.08732426418063906,94.6,2616.33450211378,14.58656883
Georgia,GEO,2007,0.32217493246584555,82.26,509.377429745209,3.95363283
Hungary,HUN,2007,0.1300542942800657,88.46000000000001,1374.43367482925,9.79407406
Indonesia,IDN,2007,0.3068718033893567,97.46,217.952233217532,5.43742085
India,IND,2007,0.5594538971188323,87.02,125.625045286917,2.78734279
"Iran, Islamic Rep.",IRN,2007,0.11042870456838888,88.59,783.170073777322,11.53469467
Israel,ISR,2007,0.12889060763532392,87.88,1945.01643137125,9.88249969
Kazakhstan,KAZ,2007,0.18014607435185603,96.71,448.215051223121,7.57602596
Kyrgyz Republic,KGZ,2007,0.22150870245241114,97.36,190.386904926958,10.42505074
St. Kitts and Nevis,KNA,2007,0.1964802238904642,95.87,1021.86425510155,6.48289871
"Korea, Rep.",KOR,2007,0.12591142163099212,88.17,1516.24020907675,10.11632919
Lao PDR,LAO,2007,0.4872800396358054,89.88,106.445277999075,3.90299487
Liberia,LBR,2007,0.547604586537181,92.14,52.6807179584917,4.25491762
Latvia,LVA,2007,0.13111006043298834,84.63,1001.82521819784,9.7152071
Moldova,MDA,2007,0.13695101916306537,85.55,416.696585079543,13.18110943
Pakistan,PAK,2007,0.6331228854423233,97.29,96.3473914159621,2.82084775
Panama,PAN,2007,0.0702982241721177,96.69,996.273372500364,22.24735832
Poland,POL,2007,0.13351720517247567,85.82,986.993088290802,9.54005432
West Bank and Gaza,PSE,2007,0.22100032628722546,90.61,298.075140046378,7.4269166
Romania,ROU,2007,0.12169562202560462,89.43,680.145225085951,10.90507507
Serbia,SRB,2007,0.09394267537265193,88.59,1051.51854596173,13.55892181
Slovak Republic,SVK,2007,0.09280469583671164,96.26,1523.9607583405,13.72518253
Slovenia,SVN,2007,0.10458170302145162,97.37,2079.35415446143,12.17958164
Syrian Arab Republic,SYR,2007,0.2684713051437768,93.12,205.521887831326,6.85482645
Thailand,THA,2007,0.15041601787803036,96.86,374.292196480279,12.38446522
Tajikistan,TJK,2007,0.3914716399500828,93.54,108.730947290951,5.30023098
Timor-Leste,TLS,2007,0.9999999999999998,97.64,85.6384888858452,1.27376139
Turkiye,TUR,2007,0.11630097391523173,94.86,772.124718326201,10.95228481
Tanzania,TZA,2007,0.2993275300196805,97.76,121.511256918191,10.88657188
Ukraine,UKR,2007,0.16144671783965278,90.93,515.896755347899,8.16024208
Angola,AGO,2008,0.3508159804885908,87.74,221.018857513397,4.0603714
Albania,ALB,2008,0.1843028844439814,86.09,446.390677735541,7.25106478
Armenia,ARM,2008,0.1903277741001486,91.74,542.033589305765,6.69246197
Belarus,BLR,2008,0.2194851147706568,95.94,759.896155071899,5.80340672
Brazil,BRA,2008,0.14508234615242566,84.93,1077.13686756609,8.77957535
Central African Republic,CAF,2008,0.5944049112543374,93.25,32.8893014008349,5.28349304
Canada,CAN,2008,0.07370489687900784,95.7,3850.42762549652,17.28190994
Switzerland,CHE,2008,0.13024515038858195,93.1,5132.87084124926,9.77972221
Cote d'Ivoire,CIV,2008,0.4080996064949506,82.56,127.226094166407,4.65788126
Colombia,COL,2008,0.09659776541230461,79.99,698.00166072678,16.6930294
Czechia,CZE,2008,0.15089640816176214,98.04,1777.90515369627,12.54553795
"Egypt, Arab Rep.",EGY,2008,0.2710564953335673,87.43,384.65691893663,4.69924688
Spain,ESP,2008,0.08593215226819632,94.16,2828.64095120369,14.82287312
Fiji,FJI,2008,0.3803031686824722,99.22,251.365178279479,9.78181839
Georgia,GEO,2008,0.26368131084610436,77.88,607.99154245463,4.83068514
Grenada,GRD,2008,0.18099748195144463,96.83,592.486456865113,7.03745365
Croatia,HRV,2008,0.10211783522827204,97.73,1603.33224521352,13.83800697
"Iran, Islamic Rep.",IRN,2008,0.13443153293754223,87.4,825.853896161973,9.47516823
Israel,ISR,2008,0.12818213041875715,88.96000000000001,1972.62167521108,9.93712139
Jordan,JOR,2008,0.14972566198234316,98.28,762.560761124852,15.12543488
Kazakhstan,KAZ,2008,0.1580521186389436,96.35,522.794475411084,8.41329765
Kyrgyz Republic,KGZ,2008,0.20824765725087752,96.33,196.927856024391,10.38534927
"Korea, Rep.",KOR,2008,0.1300321998600734,88.9,1661.10742127808,9.79573822
Lithuania,LTU,2008,0.10911208882244741,87.15,1298.46141307335,11.67387962
Latvia,LVA,2008,0.14475276262850673,84.9,1085.89409916753,8.79956532
Moldova,MDA,2008,0.1352027550789815,85.07,455.954977328121,12.7215929
Mexico,MEX,2008,0.1350073990176527,96.42,853.944386403223,9.43475246
Malta,MLT,2008,0.1058995583924393,83.8,2093.54365749167,12.02801418
Mozambique,MOZ,2008,0.8196114009826013,98.81,37.8828062319655,5.66810656
Panama,PAN,2008,0.07362633420380627,96.91,1014.27274369661,20.06934547
Peru,PER,2008,0.15522323564839247,88.43,402.027471399456,10.98999786
Poland,POL,2008,0.12398832816876305,86.0,1167.31725923555,10.27323627
Romania,ROU,2008,0.11794264830351692,88.52,838.941273393197,10.79983711
Serbia,SRB,2008,0.0985154497577244,90.42,1195.34585866273,12.92955971
Slovak Republic,SVK,2008,0.0893602351947376,95.66,1651.42538569973,14.2542305
Thailand,THA,2008,0.13720953232850475,97.03,417.271091770892,13.49731636
Turkiye,TUR,2008,0.11315789046094847,96.26,830.845515993442,11.25649643
Ukraine,UKR,2008,0.1879835498752623,94.17,493.712551015265,6.77591944
United States,USA,2008,0.06998215615196572,95.44,7364.93852233971,18.201231
Viet Nam,VNM,2008,0.23791074200681772,85.45,211.215031699394,8.12048721
South Africa,ZAF,2008,0.0978708688113308,97.07,895.346293557967,13.01471424
Armenia,ARM,2009,0.20075354586930733,90.26,598.690644088707,6.34490108
Australia,AUS,2009,0.0831242460592066,97.67,3545.91580074301,15.88237
Belgium,BEL,2009,0.08854740668939087,88.55,4010.79218849231,14.38507843
Burkina Faso,BFA,2009,0.41137092894180516,96.48,70.6610282519379,7.62939405
Belarus,BLR,2009,0.18923759338678425,96.47,756.308025796097,6.73101664
Botswana,BWA,2009,0.5405309452166123,99.0,773.701880162555,6.25206232
Canada,CAN,2009,0.07351950568663414,95.6,4135.87675541776,17.32548904
Switzerland,CHE,2009,0.12771161199008632,90.95,5376.38982986911,9.97373199
Cyprus,CYP,2009,0.20800188226997166,83.95,2221.2153603373,6.12379742
Czechia,CZE,2009,0.11347396631816564,97.81,2015.82280237493,13.54469585
Spain,ESP,2009,0.08612536059410933,94.46,2955.29403383697,14.7896204
Georgia,GEO,2009,0.21647221511809767,73.94,671.538278027402,5.88417959
Croatia,HRV,2009,0.09422816542689172,97.54,1632.66807796462,13.51784134
Indonesia,IDN,2009,0.30081709691383357,96.5,221.317461135779,5.41294384
India,IND,2009,0.5041878421387462,86.03,137.832924244441,3.1219337
Ireland,IRL,2009,0.0736198262174045,94.41,4377.33388396938,17.30187988
"Iran, Islamic Rep.",IRN,2009,0.10291304286387051,86.28,1019.30810861941,12.3770647
Israel,ISR,2009,0.12737771822895028,87.63,2005.12422766386,9.99987602
Kazakhstan,KAZ,2009,0.12728004992502367,97.35,604.017205076549,11.36352253
Kyrgyz Republic,KGZ,2009,0.1980755484058601,96.03,213.318574250138,10.6962328
Cambodia,KHM,2009,0.3076819679957792,81.23,180.060072048816,5.96768332
"Korea, Rep.",KOR,2009,0.12626508679334422,87.89,1774.55079351671,10.08799362
Sri Lanka,LKA,2009,0.2114815945860123,95.31,307.323766913595,7.83871508
Latvia,LVA,2009,0.158010804284598,84.53999999999999,1027.84755532368,8.06122971
Moldova,MDA,2009,0.12512722779010854,83.47,539.448048941415,12.87592316
Maldives,MDV,2009,0.08090015209975415,80.17,1246.25421091543,15.74485779
North Macedonia,MKD,2009,0.1124320791537357,94.73,715.295820862808,12.19207191
Mali,MLI,2009,0.6348173872208208,95.59,85.4614217296957,2.92606354
Mongolia,MNG,2009,0.23762026685406817,98.16,320.582945927231,8.74871159
Namibia,NAM,2009,0.22522750399221478,98.78,790.02046121138,13.49217892
Nigeria,NGA,2009,0.42121520775224147,75.23,167.29287939511,3.69395757
Nicaragua,NIC,2009,0.12845511145953734,83.82,298.184161231995,16.76971817
Peru,PER,2009,0.14356353930920118,89.36,446.02163620985,11.67159462
Philippines,PHL,2009,0.26942956183355293,95.5,214.775827535002,6.64473581
Poland,POL,2009,0.12133369606267122,85.6,1267.95639009306,10.49800205
West Bank and Gaza,PSE,2009,0.18773390557813907,91.11,381.552064533282,8.17275143
Romania,ROU,2009,0.12193723694813216,87.85,874.741534913346,10.44604111
Sudan,SDN,2009,0.15530225602917053,81.64,238.635902014846,14.01954556
Serbia,SRB,2009,0.09456475484681247,91.7,1169.15938066497,13.46972656
Slovak Republic,SVK,2009,0.09666338024484054,95.52,1835.70926035238,13.17728996
Thailand,THA,2009,0.1409446651846506,96.78,433.026646176125,12.45869255
Tajikistan,TJK,2009,0.4121210733179775,84.62,127.116609488583,4.59137583
Turkiye,TUR,2009,0.10721361785862983,96.41,843.466123168682,11.8805933
Uganda,UGA,2009,0.31083664742498057,83.23,117.703625454614,7.03290558
Ukraine,UKR,2009,0.16488390577428322,93.17,508.99051432093,7.91855955
United States,USA,2009,0.06989018926416589,95.3,7614.82434448835,18.22518158
Armenia,ARM,2010,0.19790923914819403,82.48,680.693748561581,6.43608856
Bangladesh,BGD,2010,0.5077760513890415,85.78,64.837141432994,4.43941641
Bulgaria,BGR,2010,0.11739780275324647,87.16,1057.35085846301,10.84995937
Belarus,BLR,2010,0.14665670637338285,95.56,867.113271693257,8.68532658
Switzerland,CHE,2010,0.12420386921523456,91.85,5437.63100515866,10.25540829
Czechia,CZE,2010,0.1298780908494363,98.05,2108.1628537198,14.69500732
Germany,DEU,2010,0.1494605614323308,98.47,4301.94597121756,17.12050629
Denmark,DNK,2010,0.08062094723032129,97.07,4560.71864377435,15.79938507
Spain,ESP,2010,0.08637625097173379,94.3,2922.45425954828,14.74666214
Estonia,EST,2010,0.10710199115422236,91.21000000000001,1423.47459356654,11.89297581
United Kingdom,GBR,2010,0.12521509982719584,98.27,3571.77385068927,17.96255302
Georgia,GEO,2010,0.20700131554639867,75.03999999999999,676.195197328827,6.15339756
"Gambia, The",GMB,2010,0.6313648985715181,99.39,93.3813316866521,6.30897522
Guinea-Bissau,GNB,2010,0.7614767497492508,93.74,66.7221573057338,2.52350521
Greece,GRC,2010,0.10200919943289082,85.36,2678.7488914962,12.48673058
Croatia,HRV,2010,0.09246540727819866,97.2,1599.12012876857,13.77554512
Indonesia,IDN,2010,0.3474200144729091,96.55,233.134813024442,3.91489625
"Iran, Islamic Rep.",IRN,2010,0.10170884137609755,86.28,1109.26115388183,12.52360535
Israel,ISR,2010,0.11956977367471469,90.28999999999999,2096.7344661811,10.65287113
Italy,ITA,2010,0.09105753274301132,90.71000000000001,3112.51426490727,13.98853397
Jordan,JOR,2010,0.09297575428558723,97.71,769.363913439253,17.02058601
Japan,JPN,2010,0.06727743421322308,90.9,3199.56734792397,18.93296623
Kazakhstan,KAZ,2010,0.16201715186876675,96.63,510.116936342919,8.20522785
"Korea, Rep.",KOR,2010,0.11283531927595485,87.3,1948.68754817183,11.28867626
Lesotho,LSO,2010,0.27910968406459624,95.49,165.19003187928,7.1979928
Luxembourg,LUX,2010,0.0934932062087441,96.62,6078.01598552864,13.62410641
Latvia,LVA,2010,0.15936097235629565,82.82,1067.80755544591,7.99293184
Moldova,MDA,2010,0.12299326633734804,81.89,520.440903516068,13.62691975
Madagascar,MDG,2010,0.33979809393774996,98.36,68.7674458693313,15.20979691
Mexico,MEX,2010,0.12235558293158189,97.12,873.354024114533,10.41032505
North Macedonia,MKD,2010,0.10729451568954622,92.12,763.919647502593,12.50852871
Mongolia,MNG,2010,0.37046978496325217,98.67,285.487478792189,7.74286652
Malawi,MWI,2010,0.5591785793815642,98.36,72.5293167596143,5.77464294
Nigeria,NGA,2010,0.5221913686034204,81.13,149.82187000862,2.70293093
Pakistan,PAK,2010,0.632546275594673,96.96,91.9802917277889,2.88974142
Peru,PER,2010,0.14174252647160324,88.7,462.356126766327,11.6243124
Poland,POL,2010,0.12760531291016874,86.53999999999999,1351.69377197768,9.98204041
West Bank and Gaza,PSE,2010,0.18215465962163815,93.96,337.289202306835,9.46368885
Romania,ROU,2010,0.11128204754417723,87.74,976.408782791312,11.44624329
Russian Federation,RUS,2010,0.14821807620028643,96.2,1083.14717603532,8.59383297
Sao Tome and Principe,STP,2010,0.8770594855073488,99.14,158.173156785954,4.10028458
Slovak Republic,SVK,2010,0.0960074118159608,96.22,1947.52381787727,13.26732349
Slovenia,SVN,2010,0.10334367152948885,95.41,2384.84009606316,12.32549
Thailand,THA,2010,0.14738509901989907,97.23,438.416635712583,11.56414127
Tunisia,TUN,2010,0.11922030337062568,83.31,592.09388729777,13.03182125
Turkiye,TUR,2010,0.11540125172840406,96.16,868.316172682507,11.03767395
Ukraine,UKR,2010,0.16982355828051143,93.09,554.799896827547,7.50049877
Viet Nam,VNM,2010,0.20940484901493106,88.68,273.312143054933,8.6057291
Zambia,ZMB,2010,0.5187352692618278,99.71,128.06586443791,8.63391781
Armenia,ARM,2011,0.1900847088384055,87.2,740.428516428546,6.70101976
Benin,BEN,2011,0.5040758450931526,93.33,67.914803193234,4.4236145
Bosnia and Herzegovina,BIH,2011,0.09519791660465761,91.44,918.466395434662,13.38013935
Belarus,BLR,2011,0.16618091197345913,95.37,806.445500593522,7.66490793
Switzerland,CHE,2011,0.12131058650445566,90.81,5807.66330768651,10.50000191
Chile,CHL,2011,0.09091473349304503,88.65,1368.16889903117,14.01050568
"Congo, Rep.",COG,2011,0.7124434682130648,95.42,90.6888917254084,2.33683133
Czechia,CZE,2011,0.11896221299715405,97.95,2186.79021824358,14.7419138
Ecuador,ECU,2011,0.15991471714856048,81.63,645.234484268013,7.96525431
Spain,ESP,2011,0.08725245478913121,94.34,2955.81044047874,14.59857368
Ethiopia,ETH,2011,0.9999999999999942,98.12,49.0745651893731,2.09114432
Georgia,GEO,2011,0.25264718176329337,76.03,655.431030154597,5.04166079
Guatemala,GTM,2011,0.13410950842668382,90.64,409.439636459184,13.75957489
Indonesia,IDN,2011,0.3214524818174668,96.13,267.164669784463,3.96251845
India,IND,2011,0.4721722301305079,82.09,144.61488083058,3.38130069
"Iran, Islamic Rep.",IRN,2011,0.10593730586746461,85.88,1127.31973113408,12.02372837
Israel,ISR,2011,0.1196087496672203,88.82,2215.29927023316,10.64939976
Japan,JPN,2011,0.05871856020772344,90.8,3790.28761643492,21.69265366
Kazakhstan,KAZ,2011,0.24137219183160957,98.17,524.635376244032,8.67686558
"Korea, Rep.",KOR,2011,0.11526493172598128,87.72,2036.70051672296,11.05072784
Latvia,LVA,2011,0.14853678297834144,81.4,1093.86833709592,8.57539368
Moldova,MDA,2011,0.1277861977755868,84.37,505.158272894344,13.03699017
Mali,MLI,2011,0.7019666355848659,97.44,69.0869406398731,2.94121718
Montenegro,MNE,2011,0.1187023487485923,90.69,1130.10461553542,10.73071766
Mongolia,MNG,2011,0.39467035658175176,98.25,322.557747961667,5.62042999
Niger,NER,2011,0.3776698492334341,93.37,51.7689400933368,8.29973888
Pakistan,PAK,2011,0.6902106769546946,96.24,86.5621016605373,2.54319167
Peru,PER,2011,0.14002245606238928,88.77,472.072171711646,11.69203568
Poland,POL,2011,0.126687232704948,86.1,1424.48794440508,10.05437851
Portugal,PRT,2011,0.10164865858774522,81.62,2601.13011709974,12.53102016
Paraguay,PRY,2011,0.10170158937444378,89.46000000000001,666.169031873887,15.79585648
Romania,ROU,2011,0.1439914676602363,86.98,839.334375104012,8.84608936
Russian Federation,RUS,2011,0.141032785629228,96.09,1084.95908851364,9.03166866
Senegal,SEN,2011,0.3800769369845051,96.67,113.148288681585,5.62811661
Sierra Leone,SLE,2011,0.3660168418076449,62.91,133.202480055863,5.35433006
Chad,TCD,2011,0.5783401704691398,91.31,68.2025976259662,3.68802667
Togo,TGO,2011,0.4101838496767265,88.88,70.9298014883072,5.66925287
Thailand,THA,2011,0.13598730400826822,97.8,471.989452248536,12.84227848
Turkiye,TUR,2011,0.11351539311868508,96.65,911.680488963861,11.22104549
Tanzania,TZA,2011,0.32706533988535724,94.36,107.659844048477,6.76211929
Ukraine,UKR,2011,0.1699977851305079,92.99,599.452240979614,7.49281168
United States,USA,2011,0.06729778016029003,95.28,8015.78094831055,18.92724228
Albania,ALB,2012,0.1464540366156054,83.28,646.010453356754,8.69734573
Armenia,ARM,2012,0.18091263124772666,86.1,845.259885596716,7.04075432
Belarus,BLR,2012,0.14385420146841393,94.27,948.564247815388,8.85453033
Bhutan,BTN,2012,0.25290433688130093,95.99,262.178395609454,6.45828485
Switzerland,CHE,2012,0.11723878800201823,90.61,6141.69828106055,10.86467552
"Congo, Dem. Rep.",COD,2012,0.929327724581542,95.18,20.8689555172552,3.87759209
Costa Rica,CRI,2012,0.05390195805474884,92.18,1153.18506189664,31.73282051
Czechia,CZE,2012,0.1165884241067751,97.9,2222.76234717878,14.37806797
Djibouti,DJI,2012,0.3586648061847255,97.75,118.531318557967,7.13329363
"Egypt, Arab Rep.",EGY,2012,0.2904543875922225,73.8,487.155387906785,4.38540936
Spain,ESP,2012,0.0954068991763727,94.37,2935.21069675129,13.35083103
Finland,FIN,2012,0.09243606644699157,93.72,3918.01100832372,13.77991772
Georgia,GEO,2012,0.2313401857460452,76.69,776.949362323195,5.50601006
Ghana,GHA,2012,0.2968898038412793,98.52,196.590909302413,8.9727478
Guinea,GIN,2012,0.7627382359504964,93.03,60.6597939264606,2.63003397
Haiti,HTI,2012,0.5017544531803951,90.57,157.489333218941,2.78391457
Indonesia,IDN,2012,0.3127057739029352,96.55,277.738478849921,4.07335424
"Iran, Islamic Rep.",IRN,2012,0.08382826107349625,86.13,999.486134484079,15.60608864
Iraq,IRQ,2012,0.5414813470855652,96.3,387.9416074278,2.3523643
Israel,ISR,2012,0.11791012121423246,89.42,2344.71563857451,10.80281639
Japan,JPN,2012,0.057313391151285316,90.7,4003.80479205547,22.22449875
Kazakhstan,KAZ,2012,0.2085978407119831,98.09,648.977936893201,9.44636345
"Korea, Rep.",KOR,2012,0.11598170941592408,87.66,2114.10783410827,10.98243332
Lebanon,LBN,2012,0.1263729419333503,73.4,1129.16517099988,10.07938385
Sri Lanka,LKA,2012,0.19952964050530797,94.22,338.898230427522,8.06339073
Luxembourg,LUX,2012,0.12028808776711478,96.41,5175.36534085332,10.58925629
Latvia,LVA,2012,0.15152938648930925,82.23,1146.00607319404,8.40603542
Moldova,MDA,2012,0.1235717050797677,83.69,538.928364491218,13.17397022
Madagascar,MDG,2012,0.3556196228910955,97.13,57.242961562924,12.93699551
Mexico,MEX,2012,0.11950503746264336,97.48,976.112779671033,10.65864182
Montenegro,MNE,2012,0.10975105214172486,92.22,1126.42214768253,11.60591507
Mongolia,MNG,2012,0.24347605484027357,97.84,397.852535747013,6.50338697
Mauritius,MUS,2012,0.15311392975150748,94.41,709.137725521315,8.31904316
Nigeria,NGA,2012,0.43181777720294784,83.12,159.705271406325,3.66798377
Peru,PER,2012,0.13189219424976276,88.28999999999999,510.377265584211,12.24156475
Philippines,PHL,2012,0.262119770286884,93.87,254.563194022443,6.20142746
Poland,POL,2012,0.12643087590127638,86.07,1477.89280512492,10.07476521
Romania,ROU,2012,0.13257813554346187,88.01,891.506628679956,9.60762787
Russian Federation,RUS,2012,0.1378272766524455,96.95,1190.65379224731,9.24172211
Slovenia,SVN,2012,0.10224618864474852,95.83,2533.16029226746,12.45778847
Thailand,THA,2012,0.13105828056763535,97.48,514.935772168288,12.64099789
Turkiye,TUR,2012,0.12356364321133573,96.94,916.517323310264,10.30854511
Uganda,UGA,2012,0.298216492854249,84.26,137.743790303745,7.05044317
Ukraine,UKR,2012,0.1667137806395726,92.31,654.561052533931,7.64040852
United States,USA,2012,0.06485368751717348,95.01,8262.29308300491,19.64053917
Viet Nam,VNM,2012,0.18557051698112711,90.86,318.953561520804,9.5150404
Afghanistan,AFG,2013,0.7175839173719359,85.37,184.226283879341,1.77506959
Armenia,ARM,2013,0.22034039741530884,83.95,1009.29482915641,5.78087997
Burundi,BDI,2013,0.5922586977121705,96.71,59.3087631704916,4.43170166
Belarus,BLR,2013,0.14567359784806191,92.98,1080.54208098632,8.74394131
Bolivia,BOL,2013,0.17873707626115215,89.92,367.351171499099,9.20546436
Switzerland,CHE,2013,0.12067577560993079,92.5,6530.66238112341,10.55523682
China,CHN,2013,0.14412660518210108,81.15,563.056307637782,9.41684246
Czechia,CZE,2013,0.09520266817750785,97.73,2309.5387577344,14.84314823
Ecuador,ECU,2013,0.154178277165544,89.69,765.689002022544,8.26161385
Spain,ESP,2013,0.091765838126741,94.07,2973.0430342622,13.88056183
United Kingdom,GBR,2013,0.12586683772561819,98.36,3993.16150484047,18.97663307
Georgia,GEO,2013,0.18590679049790604,75.39,843.653328927762,6.85161304
Haiti,HTI,2013,0.5386723578880338,88.46000000000001,124.901867518483,2.99846768
Indonesia,IDN,2013,0.29842421274407843,96.26,283.090364901469,4.34042978
"Iran, Islamic Rep.",IRN,2013,0.08703119370196588,84.19,892.215673040316,16.34275436
Israel,ISR,2013,0.11673164172021595,89.16,2514.02722792017,10.91187763
Japan,JPN,2013,0.057328761435609187,90.9,4196.74867143611,22.21854019
Kazakhstan,KAZ,2013,0.22793606101122918,98.19,632.541101474376,9.324193
"Korea, Rep.",KOR,2013,0.11051942276824228,87.69,2190.77860540843,11.52522659
Lao PDR,LAO,2013,0.5438637138004984,86.51,125.310530168583,2.94007111
Luxembourg,LUX,2013,0.11963150463722584,96.67,5346.19664668479,10.64737415
Latvia,LVA,2013,0.15126578923721742,81.96000000000001,1217.72892723867,8.42068386
Morocco,MAR,2013,0.21282846282707807,86.6,401.27846681529,6.00545788
Moldova,MDA,2013,0.12301340529973112,83.95,580.869960702299,12.49917507
Montenegro,MNE,2013,0.11920723260082637,90.87,1235.67971186631,10.68526936
Malawi,MWI,2013,0.30297307384517624,93.38,123.972172016742,7.15567255
Malaysia,MYS,2013,0.4730712545742307,98.9,825.146980637971,6.81631851
Nepal,NPL,2013,0.3996424445190149,89.69,123.069881376699,4.88382769
Pakistan,PAK,2013,0.5593013558041693,94.39,100.862315440971,3.24930596
Peru,PER,2013,0.12850870111707513,89.53,537.124552732904,12.31632423
Poland,POL,2013,0.12139105048983038,86.71000000000001,1575.0455734278,10.49304199
Romania,ROU,2013,0.11056235743659458,87.45,1026.13185618891,11.520751
Russian Federation,RUS,2013,0.1392552444018159,95.16,1314.77490035272,9.14695454
Rwanda,RWA,2013,0.3933189536342719,98.37,102.444239012266,8.30411816
Saudi Arabia,SAU,2013,0.25711215827632433,98.27,2655.67011143147,8.74786663
Singapore,SGP,2013,0.09123408522103345,90.99,3067.23108647111,13.96146393
Serbia,SRB,2013,0.09668181762010421,90.97,1359.00886915427,13.17477703
Seychelles,SYC,2013,0.15034910803826995,97.44,832.788647411511,8.47202492
Thailand,THA,2013,0.13323834998348086,97.8,525.427084250664,12.16323185
Tajikistan,TJK,2013,0.27464328077827854,92.43,191.949695449078,6.86730862
Turkiye,TUR,2013,0.1253476152281071,96.36,974.66536298297,10.16183186
Ukraine,UKR,2013,0.18341606789181752,92.79,728.5452748612,6.94465542
United States,USA,2013,0.06255735786195261,95.23,8412.25161694737,20.36149597
Armenia,ARM,2014,0.20298143800549348,80.53,1021.96694214014,6.27526045
Burkina Faso,BFA,2014,0.3910975873984312,96.87,83.0704098408653,7.77367115
Belarus,BLR,2014,0.14666495189284606,93.53,1023.12317355307,8.68483829
Bolivia,BOL,2014,0.17185420636185986,93.75,415.513214249279,8.95201874
Canada,CAN,2014,0.06714646705300245,96.5,4678.0342602899,18.96989441
Switzerland,CHE,2014,0.11801144739252592,91.3,6768.53336961043,10.79354095
Cote d'Ivoire,CIV,2014,0.36099251635333957,87.57,152.132339320008,5.11125422
Cameroon,CMR,2014,0.5026292850809821,89.28999999999999,148.577059314443,2.9397316
Comoros,COM,2014,0.4290095956417503,91.19,153.886821992236,3.81965494
Czechia,CZE,2014,0.11720896360611287,97.95,2471.6316360658,14.96242809
Spain,ESP,2014,0.09037980928900419,93.61,3087.21593037643,14.09342861
United Kingdom,GBR,2014,0.09258346091067181,97.97,4118.59961759167,19.27662277
Guatemala,GTM,2014,0.11249689125748812,88.55,485.020915257109,16.46030045
Indonesia,IDN,2014,0.26167740867009553,95.62,298.350836609965,5.40550184
"Iran, Islamic Rep.",IRN,2014,0.0671716160898788,84.03999999999999,1050.12262271797,23.14384651
Japan,JPN,2014,0.05643197614454738,90.9,4236.89480951135,22.57162476
Kazakhstan,KAZ,2014,0.19328972922595908,98.07,712.678284811402,10.03429031
Cambodia,KHM,2014,0.3003664622613279,86.84,181.505816559127,6.16770315
"Korea, Rep.",KOR,2014,0.10851006424210306,87.15,2322.1120535281,11.73864746
Liberia,LBR,2014,0.5778881967592286,77.67,134.373041564772,2.46118927
Luxembourg,LUX,2014,0.1173568820399324,97.03,5573.94465329028,10.8537426
Latvia,LVA,2014,0.15208225326547445,81.16,1296.14950056518,8.37547684
Moldova,MDA,2014,0.11927549187138567,83.66,606.256565287148,12.75728226
Mexico,MEX,2014,0.12311904155804818,97.38,1007.54661974902,10.34577084
Mali,MLI,2014,0.4909955717993223,96.54,82.346286844008,4.45473289
Montenegro,MNE,2014,0.11596886981801596,91.14,1211.21894951398,10.98364925
Mongolia,MNG,2014,0.17731317436666483,96.96,466.776719046787,7.48502493
Mozambique,MOZ,2014,0.6292894923709013,98.39,72.7491636302105,4.31728172
Mauritania,MRT,2014,0.3706804533122443,88.34,134.014205568576,5.24069929
Nicaragua,NIC,2014,0.1173352677666168,75.27,404.262174316513,16.91161156
Nepal,NPL,2014,0.3580089504388583,89.8,147.250089359703,5.26823664
Peru,PER,2014,0.12059908553828098,90.83,573.868653766108,13.09590244
Poland,POL,2014,0.12164654384372996,86.46000000000001,1626.76685300068,10.47100353
Russian Federation,RUS,2014,0.13899183282782074,95.13,1345.72476034453,9.16428947
Sudan,SDN,2014,0.18963688025835074,87.53999999999999,241.838955768538,10.61807156
Thailand,THA,2014,0.12925715505880964,97.86,566.132021162177,12.66222954
Tajikistan,TJK,2014,0.2487736892579212,91.58,212.930415363976,7.56245518
Timor-Leste,TLS,2014,0.3695062428167459,97.39,217.407250451264,3.71855545
Trinidad and Tobago,TTO,2014,0.17040751622831674,96.12,1477.67273285456,7.47479582
Turkiye,TUR,2014,0.1237859571824457,96.31,1031.17203598621,10.29003143
Ukraine,UKR,2014,0.16501314544821521,92.24,717.734371300855,7.71915102
United States,USA,2014,0.059303723901896144,95.1,8796.33933361209,21.47860718
Viet Nam,VNM,2014,0.18506644935519012,90.18,342.281132872247,9.12324142
"Yemen, Rep.",YEM,2014,0.4620622634200252,84.17,181.918965324669,2.82031083
South Africa,ZAF,2014,0.2234483836727702,98.97,1051.53110465942,14.9161272
Armenia,ARM,2015,0.20829080450606804,77.57,1015.35194765081,6.11530304
Australia,AUS,2015,0.06964624777269014,97.53,4760.54357572354,18.28901672
Benin,BEN,2015,0.6181080733738049,94.45,74.3508582501171,3.25478005
Bulgaria,BGR,2015,0.12446670183949417,86.93,1388.45076597855,10.23375225
Bahrain,BHR,2015,0.14366820706557074,95.12,2283.39810616744,8.8659935
Bosnia and Herzegovina,BIH,2015,0.08500752661088858,91.82,1120.60829265156,14.9841013
Belarus,BLR,2015,0.14431288032483938,91.68,1096.81250685851,8.82638741
Bolivia,BOL,2015,0.15589204341833157,93.98,468.504622088813,9.67435074
Botswana,BWA,2015,0.12229023687556319,95.68,863.173293373375,10.41588783
Canada,CAN,2015,0.0668005186927493,96.7,4773.7481512308,19.06813622
Switzerland,CHE,2015,0.11659248800827247,92.05,7166.58637587459,10.92490101
Cyprus,CYP,2015,0.19213499247204913,85.26,2136.11670471907,6.62951279
Czechia,CZE,2015,0.10732113075927716,97.84,2489.06836173485,14.75402832
"Egypt, Arab Rep.",EGY,2015,0.2518321970449875,68.78,581.864496371668,5.05797672
Spain,ESP,2015,0.08622480133006938,92.98,3233.04254906521,14.77256393
Ethiopia,ETH,2015,0.5906583976776831,97.88,62.4177160410784,5.57211685
Georgia,GEO,2015,0.1325650163693095,70.94,1043.96680383389,9.60857868
"Gambia, The",GMB,2015,0.9056722948589004,99.8,63.2149503666416,5.0990448
Hungary,HUN,2015,0.1381281307701194,87.52,1842.37776890944,9.2215929
Indonesia,IDN,2015,0.23823270458434567,96.39,293.233792506128,6.57872438
"Iran, Islamic Rep.",IRN,2015,0.060753599658742,82.97,1147.52076688832,25.84053993
Israel,ISR,2015,0.10934839338080742,88.37,2620.64548850889,11.64865208
Japan,JPN,2015,0.055021406660595955,90.8,4392.67629747452,23.15028763
Kazakhstan,KAZ,2015,0.1517328762781698,97.46,683.639620397393,8.39476204
Kenya,KEN,2015,0.2529176929127914,94.81,175.250024188806,8.07448006
"Korea, Rep.",KOR,2015,0.10512700248033616,86.49,2573.42287690324,12.11640549
Luxembourg,LUX,2015,0.11977904277567591,96.65,5546.68241910198,10.63425922
Latvia,LVA,2015,0.14837835469976074,80.58,1405.77567653213,8.5845499
Moldova,MDA,2015,0.12037213647141633,81.51,623.654913006427,12.21473503
Mali,MLI,2015,0.5521671196654934,97.87,80.5693365319561,4.39033413
Malta,MLT,2015,0.09106837921876704,84.06,3380.96255732967,13.9868679
Myanmar,MMR,2015,0.3139750478384119,86.18,231.926060209617,4.81628418
Montenegro,MNE,2015,0.10947850027964393,89.73,1460.07615605329,11.63480854
Namibia,NAM,2015,0.20843650972299638,98.48,1044.60998277259,12.35063553
Nigeria,NGA,2015,0.326171308861364,81.47,185.883651818011,5.33124638
Nepal,NPL,2015,0.3516169105741871,90.16,161.650878659451,5.1459527
Pakistan,PAK,2015,0.48344727574848184,95.53,111.779544365698,3.85042071
Peru,PER,2015,0.11797778496384415,91.74,578.203049484522,13.54340839
Philippines,PHL,2015,0.21625411820843027,93.69,268.757499478344,8.25687599
Poland,POL,2015,0.11977401585864661,85.23,1717.35929009022,10.63470554
El Salvador,SLV,2015,0.0954895036280488,97.7,694.855934432273,17.73853302
Serbia,SRB,2015,0.10687700476131527,91.95,1312.5111832535,11.91801167
Slovak Republic,SVK,2015,0.10589051606788459,97.35,2033.76661924823,12.02904129
Slovenia,SVN,2015,0.10300721395181159,97.49,2689.42033520024,12.36574936
Togo,TGO,2015,0.4606881399859551,73.55,117.430109041544,4.03825331
Thailand,THA,2015,0.16163200356382285,98.12,608.321119856769,12.47859097
Tunisia,TUN,2015,0.11633843947186004,83.26,669.961007011244,12.1791687
Turkiye,TUR,2015,0.128558571502749,96.49,1040.8461041687,9.90802383
Ukraine,UKR,2015,0.1486458214267007,92.87,733.095386435762,8.56910324
United States,USA,2015,0.05707300156577811,95.6,9200.93133248374,22.3181076
Zambia,ZMB,2015,0.5943568633936792,99.72,147.84147758589,7.56145144
Afghanistan,AFG,2016,0.5949083048648223,76.16,261.566866928026,2.14110541
Armenia,ARM,2016,0.21041569678769032,80.71000000000001,1078.44064546615,6.05354738
Bangladesh,BGD,2016,0.46729747942941907,75.58,109.412957923441,4.09935808
Bulgaria,BGR,2016,0.10769223636096416,77.71000000000001,1537.63886097561,11.82779217
Belarus,BLR,2016,0.12358799648003926,90.47,1050.702270065,10.30651379
Barbados,BRB,2016,0.1371863520459109,83.63,1115.96201394759,9.28489876
Canada,CAN,2016,0.06717790237841585,96.6,5103.64665868687,18.96101761
Switzerland,CHE,2016,0.11397660329789679,92.85,7543.55137038756,11.17563915
Chile,CHL,2016,0.07604162017149953,85.4,1990.21504920164,16.75084496
Colombia,COL,2016,0.07683707903330529,91.81,1056.38520605909,17.65917969
Spain,ESP,2016,0.08437386755177669,92.72,3343.15398260259,15.09663391
Finland,FIN,2016,0.09536384040391509,93.28,4213.80738451905,13.35685921
United Kingdom,GBR,2016,0.08477587773927843,97.91,4348.86937179224,19.95613861
Georgia,GEO,2016,0.12334863056364677,69.26,1165.1821085307,10.32651424
Ghana,GHA,2016,0.4387640043992873,98.67,169.893855002895,6.53767872
Greece,GRC,2016,0.14459901194196093,83.11,2322.72643625741,8.80892181
Hungary,HUN,2016,0.12598664962741676,88.09,1959.38089676645,10.11028862
Indonesia,IDN,2016,0.2062731066180144,95.69,310.081437615651,8.12968636
"Iran, Islamic Rep.",IRN,2016,0.06318879464689649,84.22,1137.13457356271,24.21533966
Japan,JPN,2016,0.05495863907194482,90.6,4324.3399171434,23.17672729
Kyrgyz Republic,KGZ,2016,0.2395456684545082,96.53,298.447210734546,6.41580772
"Korea, Rep.",KOR,2016,0.1003331822707873,86.05,2760.95388600378,12.69531536
Liberia,LBR,2016,0.4196241262513075,93.25,157.762615323847,3.89701653
St. Lucia,LCA,2016,0.1495760861974983,93.83,690.469941850936,8.51580906
Sri Lanka,LKA,2016,0.1677976000372767,94.56,458.012241088255,8.56482697
Luxembourg,LUX,2016,0.11913292017249531,96.48,5806.30467269822,10.69193459
Latvia,LVA,2016,0.13947173864291373,78.59,1631.07362884453,9.13275623
Moldova,MDA,2016,0.12067004444029211,82.85,620.854217678566,12.20803356
Maldives,MDV,2016,0.06450047670806318,89.73,1920.75895112192,19.74809265
Mexico,MEX,2016,0.24428212999795293,98.46,1082.62991948582,10.41155815
Mali,MLI,2016,0.5239183333582035,98.05,80.0365339758319,5.43063307
Mongolia,MNG,2016,0.19711637516578784,95.51,489.036877585581,6.46197653
Malaysia,MYS,2016,0.22910611334737732,98.04,935.790627376657,8.26288128
Nepal,NPL,2016,0.3446711095510324,89.34,161.418749208597,5.31455946
Peru,PER,2016,0.11079300617381878,91.53999999999999,604.265407844917,14.63433075
Poland,POL,2016,0.11635347546212385,84.96000000000001,1856.86220963737,10.94734287
West Bank and Gaza,PSE,2016,0.156391031856007,91.0,514.542791976022,8.7594099
Romania,ROU,2016,0.11157984466129146,86.58,1210.83316276544,11.41569424
Rwanda,RWA,2016,0.507575228836771,98.85,111.397438778553,6.23024607
El Salvador,SLV,2016,0.09141714363651335,95.1,736.857034491996,17.65205383
"Somalia, Fed. Rep.",SOM,2016,0.8880907593524641,99.45,37.4867276163693,5.77611828
Suriname,SUR,2016,0.09605387916817709,95.13,867.481983819115,13.70886993
Eswatini,SWZ,2016,0.15499552165207214,95.0,593.221410414995,8.21805286
Thailand,THA,2016,0.13597858687867084,98.01,656.681703204639,13.58028507
Tajikistan,TJK,2016,0.2904876167029433,90.85,202.905221649611,6.09424782
Turkiye,TUR,2016,0.12809656741719755,96.27,1110.57942653774,9.94375896
Uganda,UGA,2016,0.3950979717025002,84.73,111.678899331241,5.17819309
Ukraine,UKR,2016,0.14250000862543868,91.07,777.953065501439,8.93867588
Uruguay,URY,2016,0.08203985511506748,97.89,1973.08320128514,20.24422646
United States,USA,2016,0.056642520737414395,95.53,9535.60048808215,22.4877243
Viet Nam,VNM,2016,0.16683576988306895,90.61,407.834094831029,9.59658623
Albania,ALB,2017,0.1338802829240362,91.15,832.955874831663,9.51418209
Argentina,ARG,2017,0.0783774414729282,90.43,2399.4439117441,16.25163269
Armenia,ARM,2017,0.24154132819175447,78.56,1278.00393260604,5.27347183
Bulgaria,BGR,2017,0.10761227988731242,78.84,1661.7176383074,11.83658028
Belarus,BLR,2017,0.12493265246210544,89.8,1056.47330120896,10.1955843
Brazil,BRA,2017,0.14273223883776234,88.19,1378.92393296078,8.92413235
Bhutan,BTN,2017,0.20277900433491627,96.02,352.284445101614,7.58420563
Canada,CAN,2017,0.06772079089284508,96.2,5240.51940680873,18.80901527
Switzerland,CHE,2017,0.11251559607904292,92.1,7755.17727442833,11.32075405
Djibouti,DJI,2017,0.5543860880098386,98.53,115.971571825083,4.8029952
"Egypt, Arab Rep.",EGY,2017,0.23501359778823755,68.86,594.79720776435,5.41994762
Spain,ESP,2017,0.08335464302857513,92.91,3598.63989037334,15.28122902
Gabon,GAB,2017,0.16505047172995999,96.17,411.455794024276,9.7150774
United Kingdom,GBR,2017,0.07703979601029946,97.8,4470.11052488707,19.74937057
Georgia,GEO,2017,0.13381215859295137,68.61,1173.32799010833,9.5190258
Hungary,HUN,2017,0.12889527199440537,88.39,1999.00851890888,9.88214207
Indonesia,IDN,2017,0.20502011709242154,95.48,310.387468170017,8.2089262
India,IND,2017,0.4085619760838522,82.53999999999999,180.407423467841,3.66080451
"Iran, Islamic Rep.",IRN,2017,0.06213033253871695,83.14,1163.12432794892,24.50479889
Iraq,IRQ,2017,0.266760755633613,80.43,422.367697072078,4.77492046
Israel,ISR,2017,0.1082718002816831,88.16,2949.81977416572,11.76447964
Jordan,JOR,2017,0.12275897748792625,93.64,658.735447420871,11.0992403
Japan,JPN,2017,0.05207104455747155,90.4,4413.18629236203,24.46199036
Kazakhstan,KAZ,2017,0.16211093286527356,97.16,731.764378703708,7.85734415
"Korea, Rep.",KOR,2017,0.09670689254521278,86.78999999999999,2926.77117938189,13.17136097
Luxembourg,LUX,2017,0.12076137159208508,95.31,5961.60261392162,10.54775524
Moldova,MDA,2017,0.10937403897411907,83.71000000000001,794.869290604907,11.64592075
Mali,MLI,2017,0.5621045052673072,98.49,80.3813146139896,5.13726282
Myanmar,MMR,2017,0.3756120440013002,87.28999999999999,220.83173177914,3.52443361
Mauritius,MUS,2017,0.12482553747550953,91.8,1239.78175534862,10.20433331
Panama,PAN,2017,0.061247168544675434,93.8,2407.87885995687,20.79706573
Peru,PER,2017,0.11027369825042661,92.03,621.620109136811,14.43339157
Poland,POL,2017,0.11644907644686187,84.49,1972.36793970352,10.93835545
Qatar,QAT,2017,0.3725004344403074,98.7,3002.03810876146,7.82535124
El Salvador,SLV,2017,0.09442271934282466,96.1,755.122853753257,16.31419945
"Somalia, Fed. Rep.",SOM,2017,0.9999999999999554,99.87,42.2444179689043,4.72644377
Sao Tome and Principe,STP,2017,0.18453388346752728,95.17,256.541219326376,10.76263332
Thailand,THA,2017,0.1148191788291081,97.78,677.059967108563,13.10431576
Tajikistan,TJK,2017,0.29455989216165196,91.15,206.78412651806,5.88567734
Turkiye,TUR,2017,0.1278838320585001,95.54,1139.10260447613,9.96030045
Ukraine,UKR,2017,0.15079508229237604,92.7,813.704638495788,8.44696903
United States,USA,2017,0.05639887753374052,95.5,9822.60605528924,22.58487129
Zimbabwe,ZWE,2017,0.29355573866404616,88.18,149.767935707889,6.97941875
Angola,AGO,2018,0.3219444117241401,64.47,190.30933929081,5.36431932
Benin,BEN,2018,0.4843695622140606,85.71000000000001,101.821094387433,4.02434921
Burkina Faso,BFA,2018,0.2680559340883026,91.63,102.632669494356,8.78502369
Bulgaria,BGR,2018,0.11139947767471196,78.72,1753.56327690919,11.4341774
Belarus,BLR,2018,0.12360116043873136,90.01,1102.02202824589,10.30541611
Belize,BLZ,2018,0.13890081662944562,93.8,453.119819271393,12.2098484
Bolivia,BOL,2018,0.12086108442590109,95.74,591.229168070987,12.72148514
China,CHN,2018,0.14538226838200588,75.67,814.630086026044,8.76146317
Cote d'Ivoire,CIV,2018,0.36006964875911085,91.67,152.902803893692,5.11727667
Costa Rica,CRI,2018,0.050249226400828594,92.59,1566.32042725931,27.91470909
Czechia,CZE,2018,0.08188067609770319,96.15,3075.20614608327,15.55631256
Dominican Republic,DOM,2018,0.09624548444020273,91.83,758.960216959216,15.66787052
Spain,ESP,2018,0.08424616753291606,92.94,3731.49996051404,15.11951733
Ethiopia,ETH,2018,0.5129125379891646,96.52,69.2233849696006,4.76060486
United Kingdom,GBR,2018,0.07058706587872665,97.73,4614.18696766086,20.01935196
Georgia,GEO,2018,0.12336734954549926,70.01,1144.00984996743,10.32494736
Guinea,GIN,2018,0.6716086275964254,98.5,106.338307620256,3.87917757
Guinea-Bissau,GNB,2018,0.5326743004962033,94.95,149.85417712923,2.59429789
Hungary,HUN,2018,0.12892210859412873,87.69,2112.94481327715,9.88008499
Indonesia,IDN,2018,0.19812598699962314,95.26,326.103776326436,8.40313911
"Iran, Islamic Rep.",IRN,2018,0.07331291295923817,83.0,984.711822271363,20.78560066
Israel,ISR,2018,0.10834870575419334,87.19,3035.32613663784,11.75612926
Japan,JPN,2018,0.05201384816234176,90.3,4522.3413919771,24.48888969
Kazakhstan,KAZ,2018,0.14003473547180825,97.39,707.173944574643,9.09603882
"Korea, Rep.",KOR,2018,0.09289272895289741,88.03999999999999,3246.98677712342,13.71217537
Moldova,MDA,2018,0.10732842678611333,86.91,789.42537807563,12.02570248
Mexico,MEX,2018,0.12234583200292926,97.49,1095.91173650131,10.41115475
North Macedonia,MKD,2018,0.10260592769270138,91.59,1172.94149598749,12.41411114
Mali,MLI,2018,0.4949430460950805,97.94,83.9761350649616,5.66878557
Mongolia,MNG,2018,0.17268155532996582,92.82,565.673398471365,7.37636042
Niger,NER,2018,0.29844416922123984,93.48,67.5165256872818,8.3492775
Nigeria,NGA,2018,0.4213586655360557,84.21000000000001,157.105270993209,3.8811214
Pakistan,PAK,2018,0.38124376410139604,94.61,140.839066362795,4.89949369
Peru,PER,2018,0.10409701860663478,90.78999999999999,679.840135403432,14.89298248
Poland,POL,2018,0.11764362680870727,85.65,2021.77060101869,10.82728767
Saudi Arabia,SAU,2018,0.26242105076187494,98.69,3011.30378763351,11.04889965
Senegal,SEN,2018,0.36998592283644666,93.14,149.805101797199,4.96151876
Sierra Leone,SLE,2018,0.4622205393738187,83.6,139.926057014635,3.59921885
El Salvador,SLV,2018,0.09334999542243685,96.59,766.010657011516,16.46056175
Serbia,SRB,2018,0.10232252165494905,91.03,1507.56363488042,12.44849491
Slovenia,SVN,2018,0.09279482435654399,96.31,3236.61402075633,13.72664261
Chad,TCD,2018,0.46053368961954844,90.7,73.2799515768197,4.86149549
Togo,TGO,2018,0.3648144944822889,86.32,127.348479655682,5.4890213
Thailand,THA,2018,0.13481199608481934,97.96,730.379120444958,13.12356186
Tajikistan,TJK,2018,0.28246898591893077,90.2,215.260701328284,6.14457893
Turkiye,TUR,2018,0.13698007830529685,95.7,1124.65599319441,9.29888058
Tanzania,TZA,2018,0.26764870196757623,95.7,110.040920459283,9.41473198
Ukraine,UKR,2018,0.1524997453920541,92.22,893.6309938762,8.35254765
United States,USA,2018,0.05638922452234863,95.49,10180.4823229849,22.58873749
Viet Nam,VNM,2018,0.1464293805590152,89.97,503.180098442379,10.21770763
United Arab Emirates,ARE,2019,0.5494685646979757,99.628,3409.700148469,7.91993999
Armenia,ARM,2019,0.2246948315140067,75.14,1738.55875811611,5.66885042
Belarus,BLR,2019,0.11533630809157776,90.67,1305.00109860036,11.04388905
Bolivia,BOL,2019,0.1133029703726883,95.45,631.930127874865,13.54663086
Canada,CAN,2019,0.06729651200687524,96.5,5554.96352468819,18.92759895
Czechia,CZE,2019,0.08122365581707756,95.36,3422.44715438304,15.68214798
Spain,ESP,2019,0.08363669549759586,92.13,4075.97609213283,15.22969532
United Kingdom,GBR,2019,0.07261335270939254,97.78,4983.83652854371,20.52682686
Georgia,GEO,2019,0.1356909660539828,69.0,1201.65520322936,9.38722324
Indonesia,IDN,2019,0.19463543092219418,97.47,345.046001576198,8.54535389
"Iran, Islamic Rep.",IRN,2019,0.08207608318601116,84.65,832.175810194026,19.4479351
Japan,JPN,2019,0.0515732759346698,89.5,4679.33218824469,24.6980896
Kazakhstan,KAZ,2019,0.15437201450374963,97.09,799.701068382388,8.2512455
Kyrgyz Republic,KGZ,2019,0.25248392885574644,95.71,229.016769144427,7.09393597
Cambodia,KHM,2019,0.22429402338342053,82.14,311.269698199494,6.99103546
Lao PDR,LAO,2019,0.3212933359052995,91.6,202.090167288715,5.16324902
Luxembourg,LUX,2019,0.11687634368973006,95.48,6700.66965094926,10.89836788
Morocco,MAR,2019,0.19197294431224296,91.8,409.959564651381,7.30722809
Moldova,MDA,2019,0.10509163273141396,85.95,864.662968865747,12.1204834
North Macedonia,MKD,2019,0.09396076356495024,90.27,1412.93528345454,13.55631161
Mali,MLI,2019,0.5085236726917036,98.2,91.125148472922,4.83501434
Mozambique,MOZ,2019,0.34345745492795476,96.42,109.743746034701,6.52060223
Malawi,MWI,2019,0.3745863103754731,97.09,92.1473593931542,7.93860054
Malaysia,MYS,2019,0.3019989355765003,98.48,1111.03714581917,8.52427959
Peru,PER,2019,0.10044477558104781,91.59,709.342868059496,15.34553719
Poland,POL,2019,0.11568584238122315,85.14,2292.10627205968,11.01052094
Russian Federation,RUS,2019,0.1248832288523585,92.8,1759.39899967257,10.19961929
El Salvador,SLV,2019,0.08698279877114903,95.94,859.415342428711,16.971138
Serbia,SRB,2019,0.10587612043280538,91.47,1701.65775251246,12.03067684
Thailand,THA,2019,0.15303865982587667,98.13,756.757118622001,13.28045177
Turkiye,TUR,2019,0.13357231127783029,95.78,1200.39248868231,9.53611851
Ukraine,UKR,2019,0.1663783056531531,91.68,953.68413708251,7.65581417
United States,USA,2019,0.05666009538357382,95.65,10550.2206945449,22.48074913
Afghanistan,AFG,2020,0.29998893200879606,73.92,401.16333264641,4.24602795
Armenia,ARM,2020,0.16564680601221646,76.82,1844.10278234491,7.6896224
Burundi,BDI,2020,0.32629085306817207,95.23,84.301690937684,7.33287811
Belarus,BLR,2020,0.10672104291802147,86.5,1598.28283021619,11.93542862
United Kingdom,GBR,2020,0.06254838159988367,97.64,5808.38012848447,20.36441803
Georgia,GEO,2020,0.11867520059833304,69.33,1520.02829376448,10.73317242
Indonesia,IDN,2020,0.16559047519514114,97.77,401.223289913644,10.24196243
"Iran, Islamic Rep.",IRN,2020,0.08944270530225336,86.18,700.010304525198,19.02957344
Japan,JPN,2020,0.05801833250498535,89.1,4855.9607582898,21.95446396
Kazakhstan,KAZ,2020,0.1266021650198936,96.57,1089.86734426699,10.06113434
Kyrgyz Republic,KGZ,2020,0.2446868120867546,95.09,257.988148371502,6.9168787
Luxembourg,LUX,2020,0.11892784924270718,96.2,7088.20370765635,10.71037102
Moldova,MDA,2020,0.1029207113605873,88.03,944.398271281347,12.3761425
Mexico,MEX,2020,0.11056583542676661,95.56,1171.40563850852,11.5203886
Mongolia,MNG,2020,0.1840517186614593,85.28999999999999,646.029106133253,6.92067099
Peru,PER,2020,0.08992052298955816,90.33,817.581330350486,16.6725502
Poland,POL,2020,0.13158199020786635,84.76,2356.09113851299,9.6803627
Russian Federation,RUS,2020,0.08484270079127795,92.3,2538.82360457465,15.01321125
Thailand,THA,2020,0.16340383095740396,98.1,835.011548990053,12.15377808
United States,USA,2020,0.057121584444614924,96.02,11648.4953090229,22.29912567
Viet Nam,VNM,2020,0.16122091854146667,91.53999999999999,502.938679900366,8.42611885
Armenia,ARM,2021,0.166832623312699,80.11,2024.83372763285,7.6349659
Belarus,BLR,2021,0.0959644851209447,83.46000000000001,1784.44988282305,13.27325821
Bolivia,BOL,2021,0.09167540617198902,94.31,771.477813151763,16.9197998
Georgia,GEO,2021,0.08951305242851748,68.59,1951.38810169459,14.22989559
Indonesia,IDN,2021,0.1555461520002436,98.03,472.82176279231,12.14989853
"Iran, Islamic Rep.",IRN,2021,0.09696246614520664,84.64,726.492590719466,16.05150604
Japan,JPN,2021,0.05191481591734535,88.9,5358.70264015009,24.53560448
Kazakhstan,KAZ,2021,0.10964082291445454,96.28,1292.98944963159,11.61758327
Luxembourg,LUX,2021,0.11065479888409778,95.66,7734.7397617275,11.51112652
Moldova,MDA,2021,0.08711317239881676,85.85,1200.78340748975,14.62191486
Mali,MLI,2021,0.5384916616665952,98.3,83.1808303762911,5.03743124
Mongolia,MNG,2021,0.10853703787908381,85.97,1080.65806755941,11.73573017
Peru,PER,2021,0.07555312006232906,87.41,1019.321046243,18.98254204
Poland,POL,2021,0.12091294833960135,83.91,2607.16810590306,10.53453255
Thailand,THA,2021,0.12796651591319227,97.95,1043.31229823859,13.70460606
United States,USA,2021,0.05994835779541915,95.39,12080.0736201021,21.24764442
