Country Name,Country Code,Year,DEA_Efficiency,FPE,CHE_PPP,OOP_pct
Bangladesh,BGD,2000,0.6772728036295392,85.15,27.2905550706384,61.82206726
Belarus,BLR,2000,0.34211726572225454,97.29,316.620794668775,16.013731
Bolivia,BOL,2000,0.286487057131229,88.94,147.649016788093,33.50730133
Canada,CAN,2000,0.07339727570739199,96.7,2405.67150004447,16.60520935
Czechia,CZE,2000,0.1803994714225551,99.21,923.632574790482,10.1975069
Estonia,EST,2000,0.241632421193837,93.37,485.687718341864,20.33896255
United Kingdom,GBR,2000,0.08963232245100242,98.0,1895.92439875247,18.21689606
Georgia,GEO,2000,0.1636368798689899,87.62,217.030483039799,80.98433685
Guatemala,GTM,2000,0.1610452859782695,96.32,272.539677981635,58.98999405
Hungary,HUN,2000,0.15807966311070404,91.74,802.676557554202,27.32668304
India,IND,2000,0.3012592052893631,84.59,85.8442199233361,71.70202637
Kyrgyz Republic,KGZ,2000,0.3635680886202651,97.64,80.1123774476418,51.64644623
Lithuania,LTU,2000,0.20494645608149104,89.94,521.799343451219,27.15216637
Morocco,MAR,2000,0.24734903618914295,88.5,143.244423675375,53.86581421
Moldova,MDA,2000,0.2838723433983133,93.11,124.540222789945,47.17256546
North Macedonia,MKD,2000,0.1618193133394279,98.01,537.53067812623,42.08673859
Peru,PER,2000,0.22779357261652017,88.18,215.482857504425,40.28141403
Philippines,PHL,2000,0.3378907702690705,97.17,102.821933040413,41.19496918
Poland,POL,2000,0.18448785878573162,87.61,564.333435262893,31.12003899
Paraguay,PRY,2000,0.16285306537906685,90.77,417.524577825954,49.09693146
Romania,ROU,2000,0.3519576343142145,92.97,246.026072323928,19.41972351
Russian Federation,RUS,2000,0.2304875898592322,96.78,366.798169502002,30.20886612
Rwanda,RWA,2000,0.9679299585460523,91.56,21.7804527114344,26.58733177
Eswatini,SWZ,2000,0.3869865414326247,91.24,209.925583105027,18.52517891
Thailand,THA,2000,0.2534338034151434,94.37,226.053621678033,34.18558884
Tunisia,TUN,2000,0.21325782961200476,77.46000000000001,300.619191896892,38.62985992
Tanzania,TZA,2000,0.6338684704315858,94.99,35.7209386063051,38.47019196
United States,USA,2000,0.040932222649581955,94.06,4548.55482518934,15.11737442
Uzbekistan,UZB,2000,0.2213760021018323,91.86,159.591652250094,60.58262634
Armenia,ARM,2001,0.2588057127503635,88.01,137.599041293042,50.87960052
Bulgaria,BGR,2001,0.1676730895006957,92.72,469.278627742871,43.70613098
Bosnia and Herzegovina,BIH,2001,0.1855958015346309,85.9,394.056010421098,41.3520546
Belarus,BLR,2001,0.28023128525581725,95.93,367.78688402911,20.72087097
Bolivia,BOL,2001,0.28204410444040184,92.1,165.704082560183,33.05337524
Canada,CAN,2001,0.06889235216734943,97.1,2591.25879818127,15.92599487
Cameroon,CMR,2001,0.28534196591929967,79.42,91.3232099667445,75.10469818
Cabo Verde,CPV,2001,0.37953786891366,97.19,142.872662297639,23.3310833
Czechia,CZE,2001,0.16308973706703717,99.43,1031.86220701417,10.64326668
Georgia,GEO,2001,0.15562069862480155,86.05,238.28911793678,76.43830109
Hungary,HUN,2001,0.1439365682490699,91.66,900.733980760049,28.81419945
Indonesia,IDN,2001,0.3206623929471597,97.44,111.717915210114,40.49210739
India,IND,2001,0.2807279797839585,85.14,95.4058154088415,74.1062088
Israel,ISR,2001,0.0836478951991769,87.76,1858.37215319485,30.3302002
Italy,ITA,2001,0.07652661285743856,91.19,2170.31340970543,24.47626686
Kazakhstan,KAZ,2001,0.1997476783224341,97.83,297.396598186705,42.71286392
Kyrgyz Republic,KGZ,2001,0.3523153570170652,97.32,82.8230887383507,53.16455841
Lithuania,LTU,2001,0.19474858536239747,88.52,564.961459432522,27.58539391
Moldova,MDA,2001,0.2545670685593415,91.24,139.642169276076,51.94122314
Nicaragua,NIC,2001,0.24983220447881,84.05,159.959380618934,40.38275528
Pakistan,PAK,2001,0.40230881544853325,94.04,61.8534826574671,55.79309845
Poland,POL,2001,0.17915860157273514,87.6,630.267495766063,28.9781456
Romania,ROU,2001,0.33520397283691566,93.0,281.544304095558,18.94091988
Russian Federation,RUS,2001,0.2163323888522387,98.07,413.119757097163,30.79232025
Senegal,SEN,2001,0.3731114347646091,98.4,75.2441907337137,52.76372147
United States,USA,2001,0.0382057471668177,94.18,4901.67536216281,14.41595078
Albania,ALB,2002,0.18295498423285114,76.63,257.051227793997,50.85527039
Armenia,ARM,2002,0.1462163457168235,88.53,261.677018919282,75.23449707
Azerbaijan,AZE,2002,0.2604870312556969,93.03,111.519657988715,72.33946991
Belarus,BLR,2002,0.25868152667311123,96.16,389.188367334049,23.02361107
Bolivia,BOL,2002,0.2740425618172872,91.77,172.105025673811,33.92093658
Canada,CAN,2002,0.0657617760759979,97.0,2727.0447698299,15.9083395
China,CHN,2002,0.2247282821594846,87.73,153.543707505455,62.85082245
Cote d'Ivoire,CIV,2002,0.2768039620856343,81.53,95.9781370709401,75.83152771
Czechia,CZE,2002,0.15233174204600863,99.25,1127.05589555227,10.00170326
Djibouti,DJI,2002,0.38448305277146366,98.86,84.9293440276589,40.90150833
Georgia,GEO,2002,0.1374699379475583,86.23,283.725326802592,77.12854767
Guinea,GIN,2002,0.37777749553720524,90.33,65.8833758377763,59.40449905
Guinea-Bissau,GNB,2002,0.4673877056724588,94.51,42.4157692645454,57.38740921
Hungary,HUN,2002,0.13307590910062606,90.3,1032.77498460196,27.51259041
Indonesia,IDN,2002,0.31193119815250236,97.71,109.350278655416,46.37796402
Israel,ISR,2002,0.08523973537026937,87.86,1854.44348384301,27.84285736
Jamaica,JAM,2002,0.19830214112194572,89.62,382.287986260346,37.86093903
Jordan,JOR,2002,0.15856976580608978,98.52,604.100857834215,39.48170853
Kazakhstan,KAZ,2002,0.18176104397335952,97.88,343.568143784741,45.89466095
Kyrgyz Republic,KGZ,2002,0.3406289973088789,97.6,89.5114157241061,51.66136932
Lao PDR,LAO,2002,0.3615567439718737,96.93,83.1760958955142,49.66936493
Lithuania,LTU,2002,0.18639958859889819,87.92,641.827038469407,25.60276031
Latvia,LVA,2002,0.14627587480541382,90.81,578.263433090025,47.58166504
Moldova,MDA,2002,0.21876864172413593,90.42,181.921681252169,46.51903915
North Macedonia,MKD,2002,0.15799244440421642,93.42,559.140278442583,42.5700264
Mongolia,MNG,2002,0.35267304559029156,98.72,219.676844585463,20.9937973
Mozambique,MOZ,2002,0.9999999999999996,99.17,18.4831507452979,27.98241615
Poland,POL,2002,0.17205498699012559,87.71000000000001,715.971942783324,26.44939995
Romania,ROU,2002,0.32041139568193366,92.39,326.26868972151,17.83514595
Russian Federation,RUS,2002,0.2014276046821381,96.84,473.454964829201,31.21293449
Thailand,THA,2002,0.27285600209599603,96.02,271.727906178773,27.89708328
Turkiye,TUR,2002,0.24886120736765852,93.99,462.405801315857,20.32076836
Uganda,UGA,2002,0.49551255459427324,90.43,51.7066588334314,44.01206207
Ukraine,UKR,2002,0.19253024263991167,87.59,295.673439591646,45.11745834
United States,USA,2002,0.03528512432951153,93.68,5327.93694234898,14.32717609
Uzbekistan,UZB,2002,0.20563491824512814,93.8,175.44966772588,62.07057571
Viet Nam,VNM,2002,0.3255954499288968,87.28,116.195131228637,34.54223251
Armenia,ARM,2003,0.13638980105767864,89.39,288.424583011174,76.42555237
Azerbaijan,AZE,2003,0.24933672050324046,93.01,124.037865253384,69.0607605
Benin,BEN,2003,0.43395774404797616,88.89,57.3988069383056,51.67531586
Burkina Faso,BFA,2003,0.4760616569640925,91.53999999999999,45.9000438327367,52.65977097
Belarus,BLR,2003,0.2573117421531142,95.95,439.027305638964,20.16473579
Bhutan,BTN,2003,0.43789951801492805,94.62,143.267529452089,19.00845528
Canada,CAN,2003,0.062416255104630086,96.7,2897.40001637717,15.2514801
Czechia,CZE,2003,0.1360810989814062,99.37,1274.92730506871,10.36722469
Estonia,EST,2003,0.19402462889069247,89.96000000000001,672.703697615615,21.09503937
Georgia,GEO,2003,0.122358832031319,87.95,333.604463440646,79.20792389
Hungary,HUN,2003,0.11688431817861702,87.63,1255.44650765541,26.35519791
India,IND,2003,0.274357617894037,84.59,100.39838087148,73.42475128
Israel,ISR,2003,0.08922959102511682,88.3,1738.98863709116,28.62854767
Jamaica,JAM,2003,0.1823380533492193,89.63,359.429609639169,44.69155502
Kazakhstan,KAZ,2003,0.1773210565344884,97.68,392.159810668837,44.54787064
Kyrgyz Republic,KGZ,2003,0.2794430672206724,98.72,122.861730716217,51.07936859
"Korea, Rep.",KOR,2003,0.11167635625239761,91.67,1031.26959440773,45.23080063
Lithuania,LTU,2003,0.17346608723337073,88.49,743.03580632439,24.18149185
Latvia,LVA,2003,0.1419828586772702,89.5,603.085565731893,48.56236267
Moldova,MDA,2003,0.21133096019340017,89.39,188.043305083102,48.30680466
North Macedonia,MKD,2003,0.1531794213513195,93.27,578.590105129344,43.79019547
Nigeria,NGA,2003,0.2152838851386359,77.47,151.947780877129,72.81436157
Nepal,NPL,2003,0.40304106257245825,90.03,63.9174537235156,53.80937958
Panama,PAN,2003,0.16964012384499577,88.07,626.215378006361,33.06431961
Philippines,PHL,2003,0.2974983464748063,97.06,115.727563442286,47.70053482
Poland,POL,2003,0.16713504935693202,88.27,731.393089609383,27.58094215
Romania,ROU,2003,0.3028723149919527,92.05,405.095649398029,15.12717533
Russian Federation,RUS,2003,0.1883376719587294,98.59,508.002454591701,33.27987289
Sierra Leone,SLE,2003,0.31872752967924106,64.07,68.440240316632,78.75598145
Serbia,SRB,2003,0.19896106568130908,92.25,585.422590251339,24.97764397
Syrian Arab Republic,SYR,2003,0.18513072247536275,94.46,233.125708036007,51.56237793
Chad,TCD,2003,0.44537613931626413,93.72,59.3205798268326,47.41553116
Turkiye,TUR,2003,0.25230826462319705,95.27,473.913584390073,18.93056297
Ukraine,UKR,2003,0.1921200560094354,89.78,363.412242510875,41.02519226
United States,USA,2003,0.03290787842657308,94.21,5732.24369331565,14.1500597
Uzbekistan,UZB,2003,0.19988267838183854,93.34,185.780236308559,59.28883362
Argentina,ARG,2004,0.14960686561962117,83.1,859.721256884155,28.15113449
Armenia,ARM,2004,0.14299905795275183,83.53999999999999,277.528911953218,71.58870697
Azerbaijan,AZE,2004,0.2415147329213767,92.37,134.272396332243,65.92002106
Belarus,BLR,2004,0.2418318573506218,96.73,502.898047572918,19.22298622
Canada,CAN,2004,0.05938078614366584,96.8,3057.41927474776,15.28786945
"Congo, Dem. Rep.",COD,2004,0.9351464654702399,94.19,19.7649795275692,72.11377716
Costa Rica,CRI,2004,0.17016523718226914,95.64,638.741883417573,32.05981445
Czechia,CZE,2004,0.13063402648106434,99.18,1329.6021429386,10.70501423
Estonia,EST,2004,0.17180699790175422,88.43,773.81126179819,22.94197273
Ethiopia,ETH,2004,0.7897983336204614,99.18,24.082866233605,34.86631393
Georgia,GEO,2004,0.11953952112181791,88.24,367.732594270678,79.43696594
Honduras,HND,2004,0.19652578968522713,98.86,205.734823839806,50.05726242
Croatia,HRV,2004,0.15752571199475257,97.61,954.518033212497,18.12159729
Hungary,HUN,2004,0.11708277084567283,89.73,1260.98469924248,25.83203506
Indonesia,IDN,2004,0.27551429158852103,97.94,131.431859149521,45.9106369
Israel,ISR,2004,0.08584866860580455,87.63,1823.98454141895,28.72548866
Jamaica,JAM,2004,0.18128348242843015,89.8,434.746511794726,40.38105011
Kazakhstan,KAZ,2004,0.17405917192113773,97.37,469.091390586397,41.03963089
Kyrgyz Republic,KGZ,2004,0.2587259772549251,91.38,142.612046533621,46.596138
"Korea, Rep.",KOR,2004,0.10769354177049516,91.75,1102.66498622514,44.82784653
Lithuania,LTU,2004,0.15801491039284662,88.02,713.57653964931,32.91969299
Latvia,LVA,2004,0.1392670032401662,87.92,757.087107803931,40.63125992
Moldova,MDA,2004,0.2235254599933918,90.56,265.744397851625,38.17024994
Maldives,MDV,2004,0.11007912249243747,92.67,828.120500716886,59.50085068
North Macedonia,MKD,2004,0.15406117374945408,92.81,591.410797433509,42.53265762
Mauritania,MRT,2004,0.2830634796527413,89.46000000000001,98.0962952420062,70.48690033
Malawi,MWI,2004,1.0000000000000002,99.69,40.6890652066302,9.69992733
Pakistan,PAK,2004,0.3841800732510879,96.63,62.0847512223923,60.75031281
Poland,POL,2004,0.15622183080474994,87.26,783.504642444952,29.44409943
West Bank and Gaza,PSE,2004,0.22167739538330986,92.09,304.624445897564,36.20000076
Romania,ROU,2004,0.22268261252811347,90.38,490.854630694608,24.32698631
Russian Federation,RUS,2004,0.18512781431727746,97.56,517.623550729638,33.80615234
Serbia,SRB,2004,0.17790349590699198,91.43,664.98300282741,27.29331207
Slovak Republic,SVK,2004,0.14963471949884355,94.72,970.308366603134,21.23348236
Thailand,THA,2004,0.2713270032222076,96.17,299.621550631869,26.40885162
Turkiye,TUR,2004,0.23070636846616205,94.43,526.652459743728,20.18101692
Ukraine,UKR,2004,0.1851078250383911,89.67,395.913880548956,41.40994263
United States,USA,2004,0.031147562764238905,94.42,6071.84414824311,13.973526
Viet Nam,VNM,2004,0.27489416402993017,84.09,157.804286595422,34.6751709
Zambia,ZMB,2004,0.34377639440218777,97.21,113.031216336957,31.0702076
Albania,ALB,2005,0.1752382651519266,80.49,328.991135915059,49.31101227
Armenia,ARM,2005,0.14792575210550732,87.96000000000001,317.313182370138,62.93592072
Azerbaijan,AZE,2005,0.23609376999119117,91.88,146.717465138052,59.33625793
Bangladesh,BGD,2005,0.444507986135845,87.66,41.5811443703718,65.38332367
Bulgaria,BGR,2005,0.14754319399403817,89.66,706.363755559382,38.86741257
Bahrain,BHR,2005,0.10276871263764105,96.77,1467.96388028201,27.47366142
Belarus,BLR,2005,0.20562913418928058,97.65,604.64415090204,21.783041
Canada,CAN,2005,0.05588921732848875,96.3,3262.43880505192,15.36829376
Czechia,CZE,2005,0.12407539720856733,99.06,1402.73724293634,11.09285259
Estonia,EST,2005,0.15723828604043735,89.21000000000001,878.235843087226,23.02486992
Gabon,GAB,2005,0.15848638771893836,94.33,404.735291547992,51.96595001
United Kingdom,GBR,2005,0.06630605011074067,97.97,2742.26924220039,13.43031788
Georgia,GEO,2005,0.11581419971334043,84.96000000000001,418.119640413477,79.585495
Ghana,GHA,2005,0.4050462604503714,96.89,107.10340128819,23.53275681
Hungary,HUN,2005,0.11032862082340586,89.38,1364.59936227295,25.76445389
Indonesia,IDN,2005,0.2182829263763465,97.86,168.920594088728,55.3282814
"Iran, Islamic Rep.",IRN,2005,0.12117696864303205,88.69,719.539663197571,56.094944
Israel,ISR,2005,0.08501593108945206,87.3,1822.04175177104,30.24324989
Kazakhstan,KAZ,2005,0.18371627530813892,98.3,516.04855836536,34.41242981
Kenya,KEN,2005,0.3363331394595887,94.45,98.8573699282759,45.22662354
Kyrgyz Republic,KGZ,2005,0.23115371557097977,95.39,174.893759506111,42.56970215
"Korea, Rep.",KOR,2005,0.10118219373051415,90.41,1226.39808628021,44.41871262
Sri Lanka,LKA,2005,0.22560576618247102,93.72,220.283518609559,40.50283051
Latvia,LVA,2005,0.13289852819827852,87.52,807.581992358066,41.69103241
Moldova,MDA,2005,0.1961627282276918,89.25,314.521027376197,42.76385117
Madagascar,MDG,2005,0.7037027486371312,99.79,70.020143377452,33.02706909
North Macedonia,MKD,2005,0.15710887269592141,92.94,587.454313016582,41.23845673
Niger,NER,2005,0.45627480977647095,96.26,52.0516021208594,51.34446335
Poland,POL,2005,0.1567115446902558,85.39,806.794338027663,27.74561501
West Bank and Gaza,PSE,2005,0.2124913167874729,93.75,330.048956955114,37.0
Romania,ROU,2005,0.23751631591891548,89.94,529.231123306773,18.49896812
Rwanda,RWA,2005,0.5181275536949568,97.65,70.5974462238243,23.80013084
Senegal,SEN,2005,0.38497578152640466,98.62,86.3619946665707,39.51602173
Serbia,SRB,2005,0.15855510616071394,89.17,759.03666897031,29.81834602
Slovak Republic,SVK,2005,0.13298235520253326,94.9,1096.34465541369,23.60951996
Trinidad and Tobago,TTO,2005,0.11192866872812038,97.42,1011.01113708389,46.24819565
Tunisia,TUN,2005,0.17986456328912254,78.09,415.488201597353,42.11570358
Turkiye,TUR,2005,0.2036892108380872,94.89,575.372111403113,24.17697906
Uganda,UGA,2005,0.389802599605235,79.7,74.2251793934364,48.59907532
Ukraine,UKR,2005,0.18770326454473546,91.8,436.569430634796,37.95809555
Uruguay,URY,2005,0.13507731496056963,95.46,1036.10679738419,25.94186974
United States,USA,2005,0.029481507548355105,94.33,6428.60205272132,13.9126749
"Yemen, Rep.",YEM,2005,0.2145181265335896,84.6,162.079144385695,64.78065491
South Africa,ZAF,2005,0.21844292364314202,98.25,716.452186733678,11.31283569
Armenia,ARM,2006,0.14508509984545778,89.17,371.503625829309,61.17357254
Burundi,BDI,2006,0.5271868284082997,87.53999999999999,50.4960159826945,39.72788239
Belarus,BLR,2006,0.1914704829795786,97.14,633.415825062601,24.38873672
Canada,CAN,2006,0.05172041863783555,96.0,3536.91768422493,15.88811302
Switzerland,CHE,2006,0.04022749103216112,90.89,4436.50621101903,27.3494606
Chile,CHL,2006,0.12296410581856956,90.81,941.869297803874,40.74998093
Czechia,CZE,2006,0.11788902372217422,99.08,1476.81127694482,11.6460247
Spain,ESP,2006,0.07015391460534812,94.58,2441.96995138065,22.04916763
Finland,FIN,2006,0.06213909324223159,92.88,2854.29498099062,18.81658745
Georgia,GEO,2006,0.11625269732316448,83.71000000000001,448.921563598531,77.264328
Hungary,HUN,2006,0.10716410013325771,89.91,1429.15092740082,25.01134109
Indonesia,IDN,2006,0.20472500403333233,98.18,187.56033863635,53.37503815
India,IND,2006,0.2520277840717092,83.16,118.165322607228,72.25708008
Iraq,IRQ,2006,0.25236619261475646,96.71,254.9340314096,32.58729172
Israel,ISR,2006,0.08782723223509127,88.72,1820.61273784922,25.72410393
Kyrgyz Republic,KGZ,2006,0.23521546530577478,96.04,205.963879149226,39.18014526
Kiribati,KIR,2006,1.0000000000000002,100.0,195.145513519676,0.05934824
"Korea, Rep.",KOR,2006,0.09427892816997342,89.22,1398.63571125546,42.52562332
Sri Lanka,LKA,2006,0.21858451877219118,94.45,241.048458495878,40.94941711
Latvia,LVA,2006,0.1332950614045382,89.09,900.809029595684,35.59818268
Morocco,MAR,2006,0.16306361573343492,78.0,261.33224457844,58.74881363
Moldova,MDA,2006,0.17506023439614582,84.94,375.941456963825,46.45158386
North Macedonia,MKD,2006,0.16082049237320878,92.16,626.553264317525,37.00005722
Mali,MLI,2006,0.34388918056031204,96.62,82.2214126791613,56.74286652
Mauritius,MUS,2006,0.15190229249199946,95.06,443.192419813241,52.91299438
Peru,PER,2006,0.2042913445574215,89.26,313.753413329789,40.32910538
Philippines,PHL,2006,0.2159176338500901,95.61,172.966556900955,54.03545761
Poland,POL,2006,0.14933101103793886,86.18,878.891553239223,27.10572624
West Bank and Gaza,PSE,2006,0.20098508459823744,92.85,313.988631981815,41.29999924
Romania,ROU,2006,0.21678320275216312,89.38,584.294952842328,19.99056435
Serbia,SRB,2006,0.14090710473863427,89.72,865.523312455179,32.84013367
Slovak Republic,SVK,2006,0.11389280835071396,96.24,1295.77939892026,26.58822823
Seychelles,SYC,2006,0.23152428399943706,99.93,667.073607342364,19.81629562
Togo,TGO,2006,0.3553142919731478,89.35,57.924800034909,73.64611053
Thailand,THA,2006,0.31570244047042345,96.41,338.253744775406,17.65686226
Turkiye,TUR,2006,0.1826948593700224,95.0,694.463456352896,23.6489296
Ukraine,UKR,2006,0.18299338417567057,91.64,492.702278504541,36.13279724
United States,USA,2006,0.027927524896695595,94.58,6802.47531175785,13.67793274
Viet Nam,VNM,2006,0.26162074813362546,85.59,193.640564043264,34.69738388
Zambia,ZMB,2006,0.3602624956790871,98.15,132.630006451562,25.69581223
Afghanistan,AFG,2007,0.25087265048336016,95.16,112.257676068474,78.16998291
Armenia,ARM,2007,0.14603596640101507,91.7,409.876589128493,58.22918701
Bosnia and Herzegovina,BIH,2007,0.1314006461373299,89.75,783.072519407999,44.27066803
Belarus,BLR,2007,0.1722885682625102,96.57,724.905798469884,25.79533768
Bhutan,BTN,2007,0.4559648304782384,96.57,200.374591325424,14.33664703
Canada,CAN,2007,0.049506612863615955,96.0,3710.89179416931,15.61163616
Switzerland,CHE,2007,0.03744036563591872,89.64,4799.64459898341,27.33333206
China,CHN,2007,0.18305053597740312,81.56,249.507331917602,51.29121017
Cameroon,CMR,2007,0.26163226672586853,91.99,106.932220315413,75.56835175
Cabo Verde,CPV,2007,0.3374934176151961,97.95,213.885371355189,22.91623306
Czechia,CZE,2007,0.10901533240546545,98.58,1580.4068099117,13.63102531
Dominican Republic,DOM,2007,0.1707685140440624,82.34,408.435473321699,46.18055725
Spain,ESP,2007,0.06608506941009659,94.6,2616.33450211378,21.9079361
Georgia,GEO,2007,0.11389156978224778,82.26,509.377429745209,75.67359161
Hungary,HUN,2007,0.10923505992831005,88.46000000000001,1374.43367482925,26.2612381
Indonesia,IDN,2007,0.19381957713841538,97.46,217.952233217532,49.54561996
India,IND,2007,0.24499001678964288,87.02,125.625045286917,70.81672668
"Iran, Islamic Rep.",IRN,2007,0.11988151478675091,88.59,783.170073777322,53.21485901
Israel,ISR,2007,0.08266429964357054,87.88,1945.01643137125,26.66324234
Kazakhstan,KAZ,2007,0.20147419527221178,96.71,448.215051223121,32.77426147
Kyrgyz Republic,KGZ,2007,0.2233715117694018,97.36,190.386904926958,42.91151428
St. Kitts and Nevis,KNA,2007,0.10655048840554386,95.87,1021.86425510155,51.09035492
"Korea, Rep.",KOR,2007,0.09052101568564994,88.17,1516.24020907675,40.57471085
Lao PDR,LAO,2007,0.34556500641540355,89.88,106.445277999075,35.17124939
Liberia,LBR,2007,0.5008549548081505,92.14,52.6807179584917,42.22309875
Latvia,LVA,2007,0.12318694231896057,84.63,1001.82521819784,36.82770538
Moldova,MDA,2007,0.17212646332002762,85.55,416.696585079543,45.09947968
Pakistan,PAK,2007,0.2836127078354398,97.29,96.3473914159621,71.69874573
Panama,PAN,2007,0.13283108465328544,96.69,996.273372500364,29.96040154
Poland,POL,2007,0.13925222531940593,85.82,986.993088290802,26.29073715
West Bank and Gaza,PSE,2007,0.2189365358560325,90.61,298.075140046378,37.29999924
Romania,ROU,2007,0.2038295355267305,89.43,680.145225085951,17.59607506
Serbia,SRB,2007,0.12197545394682847,88.59,1051.51854596173,34.712883
Slovak Republic,SVK,2007,0.09992302624403042,96.26,1523.9607583405,27.370327
Slovenia,SVN,2007,0.08534289080634293,97.37,2079.35415446143,13.63123608
Syrian Arab Republic,SYR,2007,0.1946847628085863,93.12,205.521887831326,51.68701553
Thailand,THA,2007,0.320612063331629,96.86,374.292196480279,14.81379414
Tajikistan,TJK,2007,0.26703268345655995,93.54,108.730947290951,70.61388397
Timor-Leste,TLS,2007,0.5185134888015943,97.64,85.6384888858452,18.25991249
Turkiye,TUR,2007,0.1698117694026605,94.86,772.124718326201,23.88428879
Tanzania,TZA,2007,0.3394368936303088,97.76,121.511256918191,28.474226
Ukraine,UKR,2007,0.17827103086969737,90.93,515.896755347899,36.4568634
Angola,AGO,2008,0.34527896814213416,87.74,221.018857513397,21.6532383
Albania,ALB,2008,0.14554806216432276,86.09,446.390677735541,56.23107147
Armenia,ARM,2008,0.1162699480015727,91.74,542.033589305765,71.43701172
Belarus,BLR,2008,0.15840171529814884,95.94,759.896155071899,29.83945274
Brazil,BRA,2008,0.12474751205120609,84.93,1077.13686756609,30.88409233
Central African Republic,CAF,2008,0.561980642885528,93.25,32.8893014008349,57.97245407
Canada,CAN,2008,0.04784187827369767,95.7,3850.42762549652,15.50515175
Switzerland,CHE,2008,0.03528559164847444,93.1,5132.87084124926,26.49785995
Cote d'Ivoire,CIV,2008,0.2504068560187094,82.56,127.226094166407,65.54959869
Colombia,COL,2008,0.18999858173076797,79.99,698.00166072678,20.85275078
Czechia,CZE,2008,0.09629657480162991,98.04,1777.90515369627,16.13297081
"Egypt, Arab Rep.",EGY,2008,0.1425982777816446,87.43,384.65691893663,61.82380295
Spain,ESP,2008,0.061711366267781696,94.16,2828.64095120369,21.78303528
Fiji,FJI,2008,0.38017192978884673,99.22,251.365178279479,16.50561142
Georgia,GEO,2008,0.11713148051846088,77.88,607.99154245463,66.54589081
Grenada,GRD,2008,0.13277669490605004,96.83,592.486456865113,55.20097733
Croatia,HRV,2008,0.10681405217292207,97.73,1603.33224521352,14.51390839
"Iran, Islamic Rep.",IRN,2008,0.11436174909430441,87.4,825.853896161973,55.47851181
Israel,ISR,2008,0.08243780467392112,88.96000000000001,1972.62167521108,25.34702873
Jordan,JOR,2008,0.15388441107773557,98.28,762.560761124852,31.94139099
Kazakhstan,KAZ,2008,0.21659577122217136,96.35,522.794475411084,23.87804604
Kyrgyz Republic,KGZ,2008,0.204299991047928,96.33,196.927856024391,48.67649078
"Korea, Rep.",KOR,2008,0.08423212862565173,88.9,1661.10742127808,41.62781525
Lithuania,LTU,2008,0.11206466672742367,87.15,1298.46141307335,28.17394638
Latvia,LVA,2008,0.11647473943481475,84.9,1085.89409916753,37.30623627
Moldova,MDA,2008,0.1592021090954351,85.07,455.954977328121,48.42182159
Mexico,MEX,2008,0.12011863135002201,96.42,853.944386403223,48.59585571
Malta,MLT,2008,0.07478538276425249,83.8,2093.54365749167,32.99180222
Mozambique,MOZ,2008,0.9999999999999998,98.81,37.8828062319655,11.20337486
Panama,PAN,2008,0.13228608200123446,96.91,1014.27274369661,29.21657181
Peru,PER,2008,0.1788276804725931,88.43,402.027471399456,43.35043335
Poland,POL,2008,0.12580510905932488,86.0,1167.31725923555,24.43056297
Romania,ROU,2008,0.1734987582560472,88.52,838.941273393197,18.1821537
Serbia,SRB,2008,0.11151628711679043,90.42,1195.34585866273,35.14710617
Slovak Republic,SVK,2008,0.09863012524843844,95.66,1651.42538569973,21.02014542
Thailand,THA,2008,0.30038569767446655,97.03,417.271091770892,14.7017622
Turkiye,TUR,2008,0.17229106528040075,96.26,830.845515993442,19.18195724
Ukraine,UKR,2008,0.17840987308512293,94.17,493.712551015265,37.78808594
United States,USA,2008,0.025873729753172706,95.44,7364.93852233971,13.35935974
Viet Nam,VNM,2008,0.2562760930123656,85.45,211.215031699394,34.57612991
South Africa,ZAF,2008,0.18909559906498208,97.07,895.346293557967,8.84287548
Armenia,ARM,2009,0.11026562383291767,90.26,598.690644088707,73.63291931
Australia,AUS,2009,0.050918635802437405,97.67,3545.91580074301,19.05284309
Belgium,BEL,2009,0.045000153988166744,88.55,4010.79218849231,21.65153122
Burkina Faso,BFA,2009,0.4673707355647021,96.48,70.6610282519379,32.9610939
Belarus,BLR,2009,0.15666863369115325,96.47,756.308025796097,30.91816902
Botswana,BWA,2009,0.2278613957726644,99.0,773.701880162555,5.42353058
Canada,CAN,2009,0.04478151114485228,95.6,4135.87675541776,15.17220497
Switzerland,CHE,2009,0.03383203691063922,90.95,5376.38982986911,26.20129585
Cyprus,CYP,2009,0.06490959046976555,83.95,2221.2153603373,49.92380524
Czechia,CZE,2009,0.08688537068382504,97.81,2015.82280237493,15.05053902
Spain,ESP,2009,0.05981819240369003,94.46,2955.29403383697,20.15493011
Georgia,GEO,2009,0.11044179245154787,73.94,671.538278027402,68.90898895
Croatia,HRV,2009,0.10583158850875754,97.54,1632.66807796462,13.74662781
Indonesia,IDN,2009,0.1941707788959157,96.5,221.317461135779,49.22135544
India,IND,2009,0.23642749255153164,86.03,137.832924244441,66.75775146
Ireland,IRL,2009,0.04280817923564469,94.41,4377.33388396938,12.70052719
"Iran, Islamic Rep.",IRN,2009,0.10229581499997632,86.28,1019.30810861941,56.02760696
Israel,ISR,2009,0.0812877443756763,87.63,2005.12422766386,25.41890717
Kazakhstan,KAZ,2009,0.20383714213713464,97.35,604.017205076549,22.34545326
Kyrgyz Republic,KGZ,2009,0.23580960920685942,96.03,213.318574250138,38.58998489
Cambodia,KHM,2009,0.21432234529940655,81.23,180.060072048816,50.50344467
"Korea, Rep.",KOR,2009,0.0816309238475953,87.89,1774.55079351671,39.17741013
Sri Lanka,LKA,2009,0.16889754121907513,95.31,307.323766913595,53.28553009
Latvia,LVA,2009,0.11890365210413498,84.53999999999999,1027.84755532368,38.7826767
Moldova,MDA,2009,0.15444422746303588,83.47,539.448048941415,45.5789299
Maldives,MDV,2009,0.10918157205229226,80.17,1246.25421091543,34.3166008
North Macedonia,MKD,2009,0.1540807453039129,94.73,715.295820862808,34.79013824
Mali,MLI,2009,0.3238903609146422,95.59,85.4614217296957,61.83517075
Mongolia,MNG,2009,0.28617861303000636,98.16,320.582945927231,22.75947571
Namibia,NAM,2009,0.2144729331220495,98.78,790.02046121138,7.75814581
Nigeria,NGA,2009,0.20061581664320208,75.23,167.29287939511,74.47493744
Nicaragua,NIC,2009,0.2149943813017783,83.82,298.184161231995,38.31826782
Peru,PER,2009,0.1796865472737989,89.36,446.02163620985,40.27733994
Philippines,PHL,2009,0.18459151700046955,95.5,214.775827535002,55.57599258
Poland,POL,2009,0.11825545332609519,85.6,1267.95639009306,24.36023712
West Bank and Gaza,PSE,2009,0.19423279185094292,91.11,381.552064533282,39.20000076
Romania,ROU,2009,0.16236633438173667,87.85,874.741534913346,20.78450394
Sudan,SDN,2009,0.18167553731338668,81.64,238.635902014846,52.47582245
Serbia,SRB,2009,0.11318319219051859,91.7,1169.15938066497,35.16513443
Slovak Republic,SVK,2009,0.08934284288928099,95.52,1835.70926035238,22.41773987
Thailand,THA,2009,0.2851032459170666,96.78,433.026646176125,15.90248966
Tajikistan,TJK,2009,0.2448355328717525,84.62,127.116609488583,69.63989258
Turkiye,TUR,2009,0.18226188913425423,96.41,843.466123168682,14.5079031
Uganda,UGA,2009,0.3039607808816534,83.23,117.703625454614,42.84917831
Ukraine,UKR,2009,0.17696403121734938,93.17,508.99051432093,37.39500427
United States,USA,2009,0.02508441335057452,95.3,7614.82434448835,12.64764786
Armenia,ARM,2010,0.1019027523753229,82.48,680.693748561581,77.62413025
Bangladesh,BGD,2010,0.3544903374784433,85.78,64.837141432994,67.95515442
Bulgaria,BGR,2010,0.11214866123706516,87.16,1057.35085846301,43.14134216
Belarus,BLR,2010,0.1469568116386139,95.56,867.113271693257,29.16505241
Switzerland,CHE,2010,0.03367495926627494,91.85,5437.63100515866,24.06636429
Czechia,CZE,2010,0.08415655314129233,98.05,2108.1628537198,13.85482121
Germany,DEU,2010,0.04343142958254871,98.47,4301.94597121756,13.30298233
Denmark,DNK,2010,0.041021446236370745,97.07,4560.71864377435,13.7077713
Spain,ESP,2010,0.0600621888093034,94.3,2922.45425954828,21.3734436
Estonia,EST,2010,0.10961296867317101,91.21000000000001,1423.47459356654,22.81398773
United Kingdom,GBR,2010,0.05183844487173052,98.27,3571.77385068927,13.17372036
Georgia,GEO,2010,0.1071078209212003,75.03999999999999,676.195197328827,72.06796265
"Gambia, The",GMB,2010,0.5129564197116693,99.39,93.3813316866521,18.03235817
Guinea-Bissau,GNB,2010,0.41574598948209746,93.74,66.7221573057338,48.0497551
Greece,GRC,2010,0.06262062810394001,85.36,2678.7488914962,28.25885201
Croatia,HRV,2010,0.10758396525874879,97.2,1599.12012876857,13.95677757
Indonesia,IDN,2010,0.16981938569722882,96.55,233.134813024442,60.58386612
"Iran, Islamic Rep.",IRN,2010,0.09515115264642363,86.28,1109.26115388183,59.39722061
Israel,ISR,2010,0.07912748140907767,90.28999999999999,2096.7344661811,23.8116951
Italy,ITA,2010,0.05697595812898688,90.71000000000001,3112.51426490727,20.54892731
Jordan,JOR,2010,0.17516174092608067,97.71,769.363913439253,21.85514641
Japan,JPN,2010,0.05712088707699086,90.9,3199.56734792397,14.57035923
Kazakhstan,KAZ,2010,0.20697564641485322,96.63,510.116936342919,27.29583359
"Korea, Rep.",KOR,2010,0.07630273488266225,87.3,1948.68754817183,38.7785759
Lesotho,LSO,2010,0.3624318995413518,95.49,165.19003187928,23.46018219
Luxembourg,LUX,2010,0.03141590325988853,96.62,6078.01598552864,10.23186111
Latvia,LVA,2010,0.11787632859067973,82.82,1067.80755544591,37.18564987
Moldova,MDA,2010,0.16785915961428138,81.89,520.440903516068,40.43186188
Madagascar,MDG,2010,0.45978786441979586,98.36,68.7674458693313,36.15040588
Mexico,MEX,2010,0.12486799543796855,97.12,873.354024114533,43.50876617
North Macedonia,MKD,2010,0.14320398204902726,92.12,763.919647502593,37.78863525
Mongolia,MNG,2010,0.2668082353935636,98.67,285.487478792189,28.05504799
Malawi,MWI,2010,0.7919638141511821,98.36,72.5293167596143,10.92772293
Nigeria,NGA,2010,0.2129644286388406,81.13,149.82187000862,76.87748718
Pakistan,PAK,2010,0.2984708392434675,96.96,91.9802917277889,67.75833893
Peru,PER,2010,0.17901013385370465,88.7,462.356126766327,39.51519012
Poland,POL,2010,0.11324358907317543,86.53999999999999,1351.69377197768,23.7143631
West Bank and Gaza,PSE,2010,0.2145326844598438,93.96,337.289202306835,36.0
Romania,ROU,2010,0.15190311654581667,87.74,976.408782791312,19.63123703
Russian Federation,RUS,2010,0.11890984487985744,96.2,1083.14717603532,35.32572556
Sao Tome and Principe,STP,2010,0.34411341083537983,99.14,158.173156785954,25.69589424
Slovak Republic,SVK,2010,0.08478656043885492,96.22,1947.52381787727,22.8006134
Slovenia,SVN,2010,0.07579029918200941,95.41,2384.84009606316,12.64016342
Thailand,THA,2010,0.29238165663794147,97.23,438.416635712583,14.4973793
Tunisia,TUN,2010,0.1548098116863529,83.31,592.09388729777,42.10583115
Turkiye,TUR,2010,0.1722206774665949,96.16,868.316172682507,16.87221718
Ukraine,UKR,2010,0.16005580377938947,93.09,554.799896827547,41.84223938
Viet Nam,VNM,2010,0.23659069822843756,88.68,273.312143054933,34.67405701
Zambia,ZMB,2010,0.550666261728315,99.71,128.06586443791,14.23348141
Armenia,ARM,2011,0.098203911659979,87.2,740.428516428546,78.41966248
Benin,BEN,2011,0.42594165056522687,93.33,67.914803193234,44.48669815
Bosnia and Herzegovina,BIH,2011,0.1410161096783544,91.44,918.466395434662,29.46848488
Belarus,BLR,2011,0.14584457239387302,95.37,806.445500593522,33.58686447
Switzerland,CHE,2011,0.03170478417075426,90.81,5807.66330768651,23.55637932
Chile,CHL,2011,0.10208574980820684,88.65,1368.16889903117,34.49925995
"Congo, Rep.",COG,2011,0.3678486784827454,95.42,90.6888917254084,41.09134674
Czechia,CZE,2011,0.0812167558872555,97.95,2186.79021824358,14.21162128
Ecuador,ECU,2011,0.14447934302052876,81.63,645.234484268013,44.4420433
Spain,ESP,2011,0.05937197738812315,94.34,2955.81044047874,21.66048431
Ethiopia,ETH,2011,0.49412433589282506,98.12,49.0745651893731,46.53789139
Georgia,GEO,2011,0.10554690405174079,76.03,655.431030154597,75.05395508
Guatemala,GTM,2011,0.14495889402272882,90.64,409.439636459184,58.87919998
Indonesia,IDN,2011,0.16789824395354067,96.13,267.164669784463,56.22341919
India,IND,2011,0.234744946194718,82.09,144.61488083058,62.22489929
"Iran, Islamic Rep.",IRN,2011,0.09570809577049537,85.88,1127.31973113408,57.52153397
Israel,ISR,2011,0.07553907130949664,88.82,2215.29927023316,23.7593441
Japan,JPN,2011,0.049017740624404914,90.8,3790.28761643492,13.12178326
Kazakhstan,KAZ,2011,0.21344222056245854,98.17,524.635376244032,24.59804726
"Korea, Rep.",KOR,2011,0.07369893528583507,87.72,2036.70051672296,38.95240021
Latvia,LVA,2011,0.11932695387818681,81.4,1093.86833709592,34.29675293
Moldova,MDA,2011,0.16035824739605054,84.37,505.158272894344,44.79645157
Mali,MLI,2011,0.40060187018557813,97.44,69.0869406398731,50.00246048
Montenegro,MNE,2011,0.11194250349397467,90.69,1130.10461553542,38.80132294
Mongolia,MNG,2011,0.2347593546436429,98.25,322.557747961667,32.00390244
Niger,NER,2011,0.4289084906588825,93.37,51.7689400933368,57.73744583
Pakistan,PAK,2011,0.31357691946686667,96.24,86.5621016605373,65.34801483
Peru,PER,2011,0.17532983726179077,88.77,472.072171711646,40.34396362
Poland,POL,2011,0.10844397419711038,86.1,1424.48794440508,23.95442009
Portugal,PRT,2011,0.06475733721569814,81.62,2601.13011709974,26.65432167
Paraguay,PRY,2011,0.13364166187288237,89.46000000000001,666.169031873887,50.00536728
Romania,ROU,2011,0.15965254827411163,86.98,839.334375104012,24.27584076
Russian Federation,RUS,2011,0.12009783279308707,96.09,1084.95908851364,34.19445038
Senegal,SEN,2011,0.2957625042311538,96.67,113.148288681585,50.79880142
Sierra Leone,SLE,2011,0.2506252296135289,62.91,133.202480055863,60.22754288
Chad,TCD,2011,0.36714192952304053,91.31,68.2025976259662,60.77016068
Togo,TGO,2011,0.35603613088565833,88.88,70.9298014883072,62.1470108
Thailand,THA,2011,0.28820389954170766,97.8,471.989452248536,13.00871277
Turkiye,TUR,2011,0.1681289447466465,96.65,911.680488963861,15.89518452
Tanzania,TZA,2011,0.36783659752059533,94.36,107.659844048477,27.95462036
Ukraine,UKR,2011,0.14618758325242398,92.99,599.452240979614,46.30967712
United States,USA,2011,0.023875850595666298,95.28,8015.78094831055,12.32011318
Albania,ALB,2012,0.12421675467253485,83.28,646.010453356754,58.21257782
Armenia,ARM,2012,0.09318638427239098,86.1,845.259885596716,78.58730316
Belarus,BLR,2012,0.13602656344357933,94.27,948.564247815388,30.77361488
Bhutan,BTN,2012,0.33196072476509364,95.99,262.178395609454,20.50640488
Switzerland,CHE,2012,0.03009525083490083,90.61,6141.69828106055,23.35357285
"Congo, Dem. Rep.",COD,2012,0.8856768480825383,95.18,20.8689555172552,40.27502823
Costa Rica,CRI,2012,0.12686116387547575,92.18,1153.18506189664,24.5027504
Czechia,CZE,2012,0.08002221280830056,97.9,2222.76234717878,14.21601486
Djibouti,DJI,2012,0.4033311662915488,97.75,118.531318557967,22.94796562
"Egypt, Arab Rep.",EGY,2012,0.13407300872190211,73.8,487.155387906785,60.88405991
Spain,ESP,2012,0.059306524899220746,94.37,2935.21069675129,23.17375565
Finland,FIN,2012,0.04671432786960248,93.72,3918.01100832372,17.46195984
Georgia,GEO,2012,0.10113036116942227,76.69,776.949362323195,72.53357697
Ghana,GHA,2012,0.24901772896940685,98.52,196.590909302413,36.88100052
Guinea,GIN,2012,0.38278699195044097,93.03,60.6597939264606,62.39929199
Haiti,HTI,2012,0.31982439103698485,90.57,157.489333218941,28.43981743
Indonesia,IDN,2012,0.17250196532428191,96.55,277.738478849921,53.61792374
"Iran, Islamic Rep.",IRN,2012,0.10430375084276154,86.13,999.486134484079,54.96147537
Iraq,IRQ,2012,0.14252443817706292,96.3,387.9416074278,61.66325378
Israel,ISR,2012,0.07210081379706267,89.42,2344.71563857451,23.40835571
Japan,JPN,2012,0.04656055839742591,90.7,4003.80479205547,12.9723444
Kazakhstan,KAZ,2012,0.17913229852086243,98.09,648.977936893201,27.82034302
"Korea, Rep.",KOR,2012,0.07173315725982927,87.66,2114.10783410827,38.67206955
Lebanon,LBN,2012,0.11352506391247673,73.4,1129.16517099988,37.33576584
Sri Lanka,LKA,2012,0.16747345900341917,94.22,338.898230427522,51.93098831
Luxembourg,LUX,2012,0.036591110201378854,96.41,5175.36534085332,11.46961975
Latvia,LVA,2012,0.11192755103288965,82.23,1146.00607319404,37.82342148
Moldova,MDA,2012,0.1613535191018671,83.69,538.928364491218,42.21784973
Madagascar,MDG,2012,0.5362109675540504,97.13,57.242961562924,32.48873138
Mexico,MEX,2012,0.12050791798655155,97.48,976.112779671033,40.64141083
Montenegro,MNE,2012,0.11522752172553198,92.22,1126.42214768253,35.91405106
Mongolia,MNG,2012,0.21723820309030292,97.84,397.852535747013,31.50933075
Mauritius,MUS,2012,0.12766209407752221,94.41,709.137725521315,51.61318207
Nigeria,NGA,2012,0.20840672900480825,83.12,159.705271406325,72.84432983
Peru,PER,2012,0.1730451491726718,88.28999999999999,510.377265584211,38.87478256
Philippines,PHL,2012,0.16494647367093146,93.87,254.563194022443,58.31450272
Poland,POL,2012,0.10505306949064262,86.07,1477.89280512492,24.26416779
Romania,ROU,2012,0.15677228110835273,88.01,891.506628679956,22.42794037
Russian Federation,RUS,2012,0.11363081448321152,96.95,1190.65379224731,33.39754486
Slovenia,SVN,2012,0.07175690007627869,95.83,2533.16029226746,12.45996571
Thailand,THA,2012,0.2686346788315718,97.48,514.935772168288,13.42186832
Turkiye,TUR,2012,0.1673512360141844,96.94,916.517323310264,15.9315958
Uganda,UGA,2012,0.2829890752213134,84.26,137.743790303745,37.51226807
Ukraine,UKR,2012,0.14435387896135904,92.31,654.561052533931,43.93354416
United States,USA,2012,0.023179448790171992,95.01,8262.29308300491,12.33532524
Viet Nam,VNM,2012,0.2016844939911517,90.86,318.953561520804,40.77892303
Afghanistan,AFG,2013,0.190021923032891,85.37,184.226283879341,72.04785919
Armenia,ARM,2013,0.08390638659456108,83.95,1009.29482915641,82.8755722
Burundi,BDI,2013,0.6093326307067154,96.71,59.3087631704916,20.86187553
Belarus,BLR,2013,0.1209021844360026,92.98,1080.54208098632,33.79212189
Bolivia,BOL,2013,0.21496402872930706,89.92,367.351171499099,34.00916672
Switzerland,CHE,2013,0.028438358818977078,92.5,6530.66238112341,22.77101326
China,CHN,2013,0.16697171373212905,81.15,563.056307637782,38.15951538
Czechia,CZE,2013,0.07722900533679465,97.73,2309.5387577344,14.33172131
Ecuador,ECU,2013,0.14611420867807745,89.69,765.689002022544,35.9758606
Spain,ESP,2013,0.058337699055537096,94.07,2973.0430342622,24.2397728
United Kingdom,GBR,2013,0.04618758961169662,98.36,3993.16150484047,15.75939178
Georgia,GEO,2013,0.10035476935454486,75.39,843.653328927762,69.30553436
Haiti,HTI,2013,0.3053485272636705,88.46000000000001,124.901867518483,36.24164581
Indonesia,IDN,2013,0.17849946060967545,96.26,283.090364901469,50.89988327
"Iran, Islamic Rep.",IRN,2013,0.11819874290090752,84.19,892.215673040316,47.86219025
Israel,ISR,2013,0.06816046863174999,89.16,2514.02722792017,22.65417099
Japan,JPN,2013,0.04456490243721133,90.9,4196.74867143611,12.70128059
Kazakhstan,KAZ,2013,0.18704642743370156,98.19,632.541101474376,25.9552784
"Korea, Rep.",KOR,2013,0.06993895422358652,87.69,2190.77860540843,38.26380157
Lao PDR,LAO,2013,0.2799021044770416,86.51,125.310530168583,48.70332336
Luxembourg,LUX,2013,0.03548852810499997,96.67,5346.19664668479,11.19933987
Latvia,LVA,2013,0.10691697157970224,81.96000000000001,1217.72892723867,38.47148514
Morocco,MAR,2013,0.15954920563966635,86.6,401.27846681529,51.66726685
Moldova,MDA,2013,0.15526198755471032,83.95,580.869960702299,42.57612991
Montenegro,MNE,2013,0.10267799364117142,90.87,1235.67971186631,42.07717514
Malawi,MWI,2013,0.847391737302249,93.38,123.972172016742,6.70596313
Malaysia,MYS,2013,0.14370498229390072,98.9,825.146980637971,33.66908646
Nepal,NPL,2013,0.2586727007934977,89.69,123.069881376699,63.53343964
Pakistan,PAK,2013,0.293160911398061,94.39,100.862315440971,62.74438858
Peru,PER,2013,0.17789319733695336,89.53,537.124552732904,35.27772903
Poland,POL,2013,0.10036239182377239,86.71000000000001,1575.0455734278,23.64557266
Romania,ROU,2013,0.14532294639882584,87.45,1026.13185618891,20.17611694
Russian Federation,RUS,2013,0.10470537028211885,95.16,1314.77490035272,34.83225632
Rwanda,RWA,2013,0.6544730144928217,98.37,102.444239012266,12.30725574
Saudi Arabia,SAU,2013,0.06795366031838418,98.27,2655.67011143147,14.35986423
Singapore,SGP,2013,0.053766351149370444,90.99,3067.23108647111,36.19911575
Serbia,SRB,2013,0.09975961338288641,90.97,1359.00886915427,37.86663818
Seychelles,SYC,2013,0.17227162457398348,97.44,832.788647411511,19.06869125
Thailand,THA,2013,0.26997863035613073,97.8,525.427084250664,12.54023266
Tajikistan,TJK,2013,0.1928976282135693,92.43,191.949695449078,61.91825485
Turkiye,TUR,2013,0.15739864998821732,96.36,974.66536298297,16.92680168
Ukraine,UKR,2013,0.13072641692805728,92.79,728.5452748612,48.15446091
United States,USA,2013,0.022777958518181252,95.23,8412.25161694737,12.28278923
Armenia,ARM,2014,0.08367879748421198,80.53,1021.96694214014,82.48136902
Burkina Faso,BFA,2014,0.4150844217649934,96.87,83.0704098408653,34.07847595
Belarus,BLR,2014,0.12394034440074263,93.53,1023.12317355307,34.89439774
Bolivia,BOL,2014,0.21533737358459673,93.75,415.513214249279,30.90435982
Canada,CAN,2014,0.03990763973011641,96.5,4678.0342602899,14.71277905
Switzerland,CHE,2014,0.027499747717954215,91.3,6768.53336961043,22.61392593
Cote d'Ivoire,CIV,2014,0.24062821310505286,87.57,152.132339320008,51.14342117
Cameroon,CMR,2014,0.2226365734916925,89.28999999999999,148.577059314443,68.98474121
Comoros,COM,2014,0.22137907305439886,91.19,153.886821992236,65.51406097
Czechia,CZE,2014,0.07254013696685957,97.95,2471.6316360658,14.45865345
Spain,ESP,2014,0.05631404922882967,93.61,3087.21593037643,24.65292358
United Kingdom,GBR,2014,0.04486469680340838,97.97,4118.59961759167,15.74380684
Guatemala,GTM,2014,0.1426049007131923,88.55,485.020915257109,55.55548096
Indonesia,IDN,2014,0.19163511488412113,95.62,298.350836609965,45.24729156
"Iran, Islamic Rep.",IRN,2014,0.1158458315431427,84.03999999999999,1050.12262271797,40.10943604
Japan,JPN,2014,0.04413516836768596,90.9,4236.89480951135,12.8696804
Kazakhstan,KAZ,2014,0.17924378284080045,98.07,712.678284811402,23.80191422
Cambodia,KHM,2014,0.20442498290938543,86.84,181.505816559127,58.09806442
"Korea, Rep.",KOR,2014,0.06707026259997549,87.15,2322.1120535281,37.55163574
Liberia,LBR,2014,0.2731408142502909,77.67,134.373041564772,44.75351715
Luxembourg,LUX,2014,0.03409575118880687,97.03,5573.94465329028,11.07252598
Latvia,LVA,2014,0.10199083913049088,81.16,1296.14950056518,39.10600662
Moldova,MDA,2014,0.16064761425304513,83.66,606.256565287148,38.34880066
Mexico,MEX,2014,0.11796139854851229,97.38,1007.54661974902,40.87202454
Mali,MLI,2014,0.4196546920603464,96.54,82.346286844008,33.55117416
Montenegro,MNE,2014,0.1066957282680208,91.14,1211.21894951398,39.11519241
Mongolia,MNG,2014,0.19181230781597633,96.96,466.776719046787,34.67579269
Mozambique,MOZ,2014,0.8178705554944389,98.39,72.7491636302105,10.42445946
Mauritania,MRT,2014,0.2688700406111637,88.34,134.014205568576,47.62082672
Nicaragua,NIC,2014,0.20209804198040396,75.27,404.262174316513,35.33010483
Nepal,NPL,2014,0.23461734961479475,89.8,147.250089359703,60.04753494
Peru,PER,2014,0.18108409234710204,90.83,573.868653766108,31.77192116
Poland,POL,2014,0.09848867566870306,86.46000000000001,1626.76685300068,22.737463
Russian Federation,RUS,2014,0.10214916369846826,95.13,1345.72476034453,35.82570648
Sudan,SDN,2014,0.16022161742812632,87.53999999999999,241.838955768538,67.03178406
Thailand,THA,2014,0.2539760880879324,97.86,566.132021162177,12.85608101
Tajikistan,TJK,2014,0.17870557666922798,91.58,212.930415363976,62.18501282
Timor-Leste,TLS,2014,0.5699244438799358,97.39,217.407250451264,7.90607214
Trinidad and Tobago,TTO,2014,0.09062186876906994,96.12,1477.67273285456,42.83146667
Turkiye,TUR,2014,0.14910459775279847,96.31,1031.17203598621,17.72542191
Ukraine,UKR,2014,0.13170708394465253,92.24,717.734371300855,48.13210297
United States,USA,2014,0.021817055654855155,95.1,8796.33933361209,11.9760685
Viet Nam,VNM,2014,0.1961720413797423,90.18,342.281132872247,41.02820969
"Yemen, Rep.",YEM,2014,0.18527999121259978,84.17,181.918965324669,79.96547699
South Africa,ZAF,2014,0.17167153095578902,98.97,1051.53110465942,5.66398144
Armenia,ARM,2015,0.08440844160981752,77.57,1015.35194765081,81.62987518
Australia,AUS,2015,0.03897319071468884,97.53,4760.54357572354,16.91646767
Benin,BEN,2015,0.379981893499272,94.45,74.3508582501171,51.40564728
Bulgaria,BGR,2015,0.09475436098323493,86.93,1388.45076597855,42.50993729
Bahrain,BHR,2015,0.07267526066174838,95.12,2283.39810616744,25.89375496
Bosnia and Herzegovina,BIH,2015,0.12394917930379847,91.82,1120.60829265156,28.80271149
Belarus,BLR,2015,0.11694417024418259,91.68,1096.81250685851,36.20293045
Bolivia,BOL,2015,0.21636601574255018,93.98,468.504622088813,27.32661629
Botswana,BWA,2015,0.21303353622622043,95.68,863.173293373375,3.57781744
Canada,CAN,2015,0.039146489845180245,96.7,4773.7481512308,14.70200253
Switzerland,CHE,2015,0.02607733418577768,92.05,7166.58637587459,22.04629517
Cyprus,CYP,2015,0.06916853450412597,85.26,2136.11670471907,43.62483215
Czechia,CZE,2015,0.07205186323664114,97.84,2489.06836173485,14.51374149
"Egypt, Arab Rep.",EGY,2015,0.12863769118451904,68.78,581.864496371668,58.8299675
Spain,ESP,2015,0.05423730895103659,92.98,3233.04254906521,23.8731041
Ethiopia,ETH,2015,0.48461391071486043,97.88,62.4177160410784,36.74348068
Georgia,GEO,2015,0.09601435710462755,70.94,1043.96680383389,62.316185
"Gambia, The",GMB,2015,0.9161682393328823,99.8,63.2149503666416,23.41558647
Hungary,HUN,2015,0.08590235333601362,87.52,1842.37776890944,27.48835373
Indonesia,IDN,2015,0.20058873504242766,96.39,293.233792506128,42.71576691
"Iran, Islamic Rep.",IRN,2015,0.11069061008901668,82.97,1147.52076688832,38.95087051
Israel,ISR,2015,0.06577886345213496,88.37,2620.64548850889,22.50102615
Japan,JPN,2015,0.042628556742206586,90.8,4392.67629747452,12.94767094
Kazakhstan,KAZ,2015,0.16370695125438922,97.46,683.639620397393,32.09503555
Kenya,KEN,2015,0.3234865647209274,94.81,175.250024188806,26.89801407
"Korea, Rep.",KOR,2015,0.06171336987596587,86.49,2573.42287690324,37.70632935
Luxembourg,LUX,2015,0.03429244766265582,96.65,5546.68241910198,10.71509171
Latvia,LVA,2015,0.09546628280178472,80.58,1405.77567653213,40.46530914
Moldova,MDA,2015,0.14380297661241503,81.51,623.654913006427,46.18740845
Mali,MLI,2015,0.4233593650818528,97.87,80.5693365319561,34.17124557
Malta,MLT,2015,0.04930607787909608,84.06,3380.96255732967,37.21007919
Myanmar,MMR,2015,0.16221867540489188,86.18,231.926060209617,70.4500351
Montenegro,MNE,2015,0.09498511607386431,89.73,1460.07615605329,37.72554779
Namibia,NAM,2015,0.16875270308928408,98.48,1044.60998277259,7.3291502
Nigeria,NGA,2015,0.18898002973575337,81.47,185.883651818011,71.89007568
Nepal,NPL,2015,0.22067196331992725,90.16,161.650878659451,59.4352417
Pakistan,PAK,2015,0.27289535196897186,95.53,111.779544365698,64.43975067
Peru,PER,2015,0.18478378956076638,91.74,578.203049484522,30.14810181
Philippines,PHL,2015,0.1801172734904715,93.69,268.757499478344,51.1785965
Poland,POL,2015,0.09398539102831414,85.23,1717.35929009022,23.03758621
El Salvador,SLV,2015,0.15573865409662435,97.7,694.855934432273,35.22028351
Serbia,SRB,2015,0.09990709222143128,91.95,1312.5111832535,40.58773422
Slovak Republic,SVK,2015,0.08418826062363909,97.35,2033.76661924823,18.443573
Slovenia,SVN,2015,0.06786117542838939,97.49,2689.42033520024,12.49877739
Togo,TGO,2015,0.2608964313848058,73.55,117.430109041544,66.96256256
Thailand,THA,2015,0.24538210273721162,98.12,608.321119856769,11.91061687
Tunisia,TUN,2015,0.15020071297369672,83.26,669.961007011244,39.67178345
Turkiye,TUR,2015,0.14941926672319067,96.49,1040.8461041687,16.94873238
Ukraine,UKR,2015,0.13021367664336758,92.87,733.095386435762,48.23913574
United States,USA,2015,0.020885213497784976,95.6,9200.93133248374,11.75374031
Zambia,ZMB,2015,0.5697321536181899,99.72,147.84147758589,12.25534916
Afghanistan,AFG,2016,0.14575570810168106,76.16,261.566866928026,75.97433472
Armenia,ARM,2016,0.08272275151254233,80.71000000000001,1078.44064546615,80.6469574
Bangladesh,BGD,2016,0.26466830671199515,75.58,109.412957923441,71.49494171
Bulgaria,BGR,2016,0.08791020520885373,77.71000000000001,1537.63886097561,43.25471497
Belarus,BLR,2016,0.1326137288262025,90.47,1050.702270065,26.71418381
Barbados,BRB,2016,0.10669968863298673,83.63,1115.96201394759,45.05650711
Canada,CAN,2016,0.03662825636342157,96.6,5103.64665868687,15.60679913
Switzerland,CHE,2016,0.024871558373570548,92.85,7543.55137038756,21.27206993
Chile,CHL,2016,0.07699186369633265,85.4,1990.21504920164,34.75082779
Colombia,COL,2016,0.1500910418334027,91.81,1056.38520605909,15.61221027
Spain,ESP,2016,0.053071940348636736,92.72,3343.15398260259,21.95563507
Finland,FIN,2016,0.043359322794425274,93.28,4213.80738451905,19.27291298
United Kingdom,GBR,2016,0.04262886268042049,97.91,4348.86937179224,15.67987061
Georgia,GEO,2016,0.09173290041135888,69.26,1165.1821085307,60.7001152
Ghana,GHA,2016,0.2527385142202737,98.67,169.893855002895,37.82372665
Greece,GRC,2016,0.0682693076527979,83.11,2322.72643625741,34.30815125
Hungary,HUN,2016,0.0816045795345528,88.09,1959.38089676645,27.68942833
Indonesia,IDN,2016,0.2129428807440266,95.69,310.081437615651,38.12414932
"Iran, Islamic Rep.",IRN,2016,0.1138261357169729,84.22,1137.13457356271,36.55317688
Japan,JPN,2016,0.04328564181599383,90.6,4324.3399171434,12.85439873
Kyrgyz Republic,KGZ,2016,0.16138467730103778,96.53,298.447210734546,57.21311569
"Korea, Rep.",KOR,2016,0.058615089957008974,86.05,2760.95388600378,36.48467636
Liberia,LBR,2016,0.23999616737781815,93.25,157.762615323847,46.7549324
St. Lucia,LCA,2016,0.13826733958307375,93.83,690.469941850936,45.42465591
Sri Lanka,LKA,2016,0.15550429579285063,94.56,458.012241088255,50.1216011
Luxembourg,LUX,2016,0.03280055418664742,96.48,5806.30467269822,10.74443722
Latvia,LVA,2016,0.08433627623927956,78.59,1631.07362884453,43.32296753
Moldova,MDA,2016,0.14392188397729122,82.85,620.854217678566,46.29189682
Maldives,MDV,2016,0.08816788141064556,89.73,1920.75895112192,18.93492508
Mexico,MEX,2016,0.1123455822942484,98.46,1082.62991948582,41.3722229
Mali,MLI,2016,0.41884858848618695,98.05,80.0365339758319,35.75055695
Mongolia,MNG,2016,0.18731716474546772,95.51,489.036877585581,34.81768417
Malaysia,MYS,2016,0.1297157965046998,98.04,935.790627376657,35.94845581
Nepal,NPL,2016,0.22541900918803345,89.34,161.418749208597,55.44006729
Peru,PER,2016,0.18183193673736694,91.53999999999999,604.265407844917,29.5966835
Poland,POL,2016,0.08828078073638608,84.96000000000001,1856.86220963737,22.74558067
West Bank and Gaza,PSE,2016,0.16359625412294335,91.0,514.542791976022,42.70000076
Romania,ROU,2016,0.12705816596319863,86.58,1210.83316276544,20.75498581
Rwanda,RWA,2016,0.6060205153594024,98.85,111.397438778553,13.24364662
El Salvador,SLV,2016,0.15198777473473146,95.1,736.857034491996,34.5382576
"Somalia, Fed. Rep.",SOM,2016,0.7466017818666312,99.45,37.4867276163693,44.98737717
Suriname,SUR,2016,0.1611210524827151,95.13,867.481983819115,21.82023811
Eswatini,SWZ,2016,0.25707053968273663,95.0,593.221410414995,10.58516216
Thailand,THA,2016,0.23628270615991065,98.01,656.681703204639,10.8130331
Tajikistan,TJK,2016,0.1820665244456796,90.85,202.905221649611,66.00267029
Turkiye,TUR,2016,0.1426786656490887,96.27,1110.57942653774,16.46614456
Uganda,UGA,2016,0.3204665738557795,84.73,111.678899331241,40.60963821
Ukraine,UKR,2016,0.1262922305041768,91.07,777.953065501439,48.35792542
Uruguay,URY,2016,0.0876814192951691,97.89,1973.08320128514,16.43923569
United States,USA,2016,0.020170649573408677,95.53,9535.60048808215,11.62600517
Viet Nam,VNM,2016,0.1831945974791202,90.61,407.834094831029,41.35647964
Albania,ALB,2017,0.11211422277073892,91.15,832.955874831663,57.18074036
Argentina,ARG,2017,0.07178132982834841,90.43,2399.4439117441,20.74797821
Armenia,ARM,2017,0.0745787902384979,78.56,1278.00393260604,84.34803009
Bulgaria,BGR,2017,0.08388338406519028,78.84,1661.7176383074,42.19384384
Belarus,BLR,2017,0.1316104435013837,89.8,1056.47330120896,27.05755615
Brazil,BRA,2017,0.11073030463914134,88.19,1378.92393296078,24.46793365
Bhutan,BTN,2017,0.3467823569993715,96.02,352.284445101614,13.3064661
Canada,CAN,2017,0.035692085888769376,96.2,5240.51940680873,15.82835293
Switzerland,CHE,2017,0.024207680417152183,92.1,7755.17727442833,21.55899429
Djibouti,DJI,2017,0.36779593942193417,98.53,115.971571825083,26.03968811
"Egypt, Arab Rep.",EGY,2017,0.13087213957675584,68.86,594.79720776435,56.39825058
Spain,ESP,2017,0.04921360257459739,92.91,3598.63989037334,24.08994675
Gabon,GAB,2017,0.24075712507225286,96.17,411.455794024276,25.15639114
United Kingdom,GBR,2017,0.04151323025653017,97.8,4470.11052488707,15.82855606
Georgia,GEO,2017,0.0902102902302279,68.61,1173.32799010833,62.44371033
Hungary,HUN,2017,0.08051302003896442,88.39,1999.00851890888,27.24947357
Indonesia,IDN,2017,0.22033075938654365,95.48,310.387468170017,36.17775345
India,IND,2017,0.20823524989868503,82.53999999999999,180.407423467841,55.11247635
"Iran, Islamic Rep.",IRN,2017,0.1161237390649354,83.14,1163.12432794892,32.80345154
Iraq,IRQ,2017,0.14500305363401664,80.43,422.367697072078,58.04656601
Israel,ISR,2017,0.05925796637184923,88.16,2949.81977416572,22.43102837
Jordan,JOR,2017,0.16294909789863604,93.64,658.735447420871,33.99718094
Japan,JPN,2017,0.04248245955246674,90.4,4413.18629236203,12.65492725
Kazakhstan,KAZ,2017,0.15528947605832802,97.16,731.764378703708,33.14392471
"Korea, Rep.",KOR,2017,0.056024844405794416,86.78999999999999,2926.77117938189,35.78922272
Luxembourg,LUX,2017,0.03197703643950266,95.31,5961.60261392162,10.66126442
Moldova,MDA,2017,0.13125955955370536,83.71000000000001,794.869290604907,43.63447952
Mali,MLI,2017,0.4108254705603817,98.49,80.3813146139896,37.50244141
Myanmar,MMR,2017,0.16486973453475168,87.28999999999999,220.83173177914,75.68733215
Mauritius,MUS,2017,0.0980898017523046,91.8,1239.78175534862,47.39693832
Panama,PAN,2017,0.06717422894918965,93.8,2407.87885995687,31.91596031
Peru,PER,2017,0.18066745667899248,92.03,621.620109136811,28.94732857
Poland,POL,2017,0.08392238470971015,84.49,1972.36793970352,22.73643494
Qatar,QAT,2017,0.06300713796176508,98.7,3002.03810876146,6.88137674
El Salvador,SLV,2017,0.14499620897988147,96.1,755.122853753257,37.28125
"Somalia, Fed. Rep.",SOM,2017,0.9999999999996472,99.87,42.2444179689043,39.6850853
Sao Tome and Principe,STP,2017,0.39778124244694024,95.17,256.541219326376,14.75731373
Thailand,THA,2017,0.22625089038070645,97.78,677.059967108563,11.83790398
Tajikistan,TJK,2017,0.18168685061711148,91.15,206.78412651806,63.15241241
Turkiye,TUR,2017,0.13832754031795164,95.54,1139.10260447613,17.38420105
Ukraine,UKR,2017,0.12243756368560645,92.7,813.704638495788,49.17758942
United States,USA,2017,0.019600950800385184,95.5,9822.60605528924,11.34881878
Zimbabwe,ZWE,2017,0.6151660443383545,88.18,149.767935707889,10.54844856
Angola,AGO,2018,0.2543252258878456,64.47,190.30933929081,36.24733353
Benin,BEN,2018,0.3202641046166466,85.71000000000001,101.821094387433,49.22253418
Burkina Faso,BFA,2018,0.3517509046661388,91.63,102.632669494356,36.23123169
Bulgaria,BGR,2018,0.0822667975648712,78.72,1753.56327690919,39.32843781
Belarus,BLR,2018,0.12989108437674385,90.01,1102.02202824589,25.44559479
Belize,BLZ,2018,0.23881232873999855,93.8,453.119819271393,22.96988678
Bolivia,BOL,2018,0.20741354467068,95.74,591.229168070987,22.10827065
China,CHN,2018,0.14134029653439686,75.67,814.630086026044,35.75046921
Cote d'Ivoire,CIV,2018,0.2598870633733103,91.67,152.902803893692,39.2853241
Costa Rica,CRI,2018,0.10184363906569134,92.59,1566.32042725931,22.4164257
Czechia,CZE,2018,0.05938717876346216,96.15,3075.20614608327,14.15549374
Dominican Republic,DOM,2018,0.16136502809710607,91.83,758.960216959216,28.47889519
Spain,ESP,2018,0.0476153635753965,92.94,3731.49996051404,24.14520836
Ethiopia,ETH,2018,0.46106301325435894,96.52,69.2233849696006,35.49158096
United Kingdom,GBR,2018,0.04023819302049904,97.73,4614.18696766086,16.17838669
Georgia,GEO,2018,0.09451065411217272,70.01,1144.00984996743,58.10008621
Guinea,GIN,2018,0.2763777452549386,98.5,106.338307620256,67.11582947
Guinea-Bissau,GNB,2018,0.22365001548821328,94.95,149.85417712923,66.98523712
Hungary,HUN,2018,0.07713818990136874,87.69,2112.94481327715,26.78894615
Indonesia,IDN,2018,0.22016134720916938,95.26,326.103776326436,35.23954773
"Iran, Islamic Rep.",IRN,2018,0.12063254299194656,83.0,984.711822271363,39.99976349
Israel,ISR,2018,0.05792778996496432,87.19,3035.32613663784,21.83692932
Japan,JPN,2018,0.04145332687368397,90.3,4522.3413919771,12.99456692
Kazakhstan,KAZ,2018,0.15770760313484192,97.39,707.173944574643,33.47025299
"Korea, Rep.",KOR,2018,0.0515696226123097,88.03999999999999,3246.98677712342,34.67647934
Moldova,MDA,2018,0.1370609456731795,86.91,789.42537807563,40.02738953
Mexico,MEX,2018,0.11055334621293757,97.49,1095.91173650131,42.30939865
North Macedonia,MKD,2018,0.1069485219529807,91.59,1172.94149598749,41.23317337
Mali,MLI,2018,0.41801074706987795,97.94,83.9761350649616,32.55354691
Mongolia,MNG,2018,0.1544484073152312,92.82,565.673398471365,43.93989944
Niger,NER,2018,0.4095557406342326,93.48,67.5165256872818,48.96118927
Nigeria,NGA,2018,0.20756781694051074,84.21000000000001,157.105270993209,75.94579315
Pakistan,PAK,2018,0.2469393480420948,94.61,140.839066362795,56.24115753
Peru,PER,2018,0.16957276085195477,90.78999999999999,679.840135403432,29.74592972
Poland,POL,2018,0.08348310228396874,85.65,2021.77060101869,20.42033195
Saudi Arabia,SAU,2018,0.06004140027452341,98.69,3011.30378763351,15.89835358
Senegal,SEN,2018,0.24714885888205101,93.14,149.805101797199,48.3353653
Sierra Leone,SLE,2018,0.24156940260743193,83.6,139.926057014635,60.98888779
El Salvador,SLV,2018,0.1434813208129146,96.59,766.010657011516,37.49291611
Serbia,SRB,2018,0.09243890638470396,91.03,1507.56363488042,38.31092453
Slovenia,SVN,2018,0.05719468297307966,96.31,3236.61402075633,11.98157787
Chad,TCD,2018,0.34415936159634775,90.7,73.2799515768197,64.376091
Togo,TGO,2018,0.25152374997410276,86.32,127.348479655682,64.66403961
Thailand,THA,2018,0.21974684404971292,97.96,730.379120444958,10.11109638
Tajikistan,TJK,2018,0.17269602167367665,90.2,215.260701328284,68.41996002
Turkiye,TUR,2018,0.13958083483869296,95.7,1124.65599319441,17.49141884
Tanzania,TZA,2018,0.4424692048621281,95.7,110.040920459283,20.79366684
Ukraine,UKR,2018,0.11499473893515239,92.22,893.6309938762,50.65900421
United States,USA,2018,0.018924825047072658,95.49,10180.4823229849,11.32081032
Viet Nam,VNM,2018,0.16107346229845415,89.97,503.180098442379,44.58100891
United Arab Emirates,ARE,2019,0.0543855699625573,99.628,3409.700148469,12.23162079
Armenia,ARM,2019,0.06331632806713995,75.14,1738.55875811611,84.79430389
Belarus,BLR,2019,0.11423574586561436,90.67,1305.00109860036,25.69003105
Bolivia,BOL,2019,0.19294911104252427,95.45,631.930127874865,23.99159813
Canada,CAN,2019,0.03379719571485157,96.5,5554.96352468819,15.42836094
Czechia,CZE,2019,0.05370003407217219,95.36,3422.44715438304,14.309021
Spain,ESP,2019,0.04398702745217887,92.13,4075.97609213283,23.84757805
United Kingdom,GBR,2019,0.03741746923152088,97.78,4983.83652854371,16.03681946
Georgia,GEO,2019,0.09272335286526559,69.0,1201.65520322936,56.99837112
Indonesia,IDN,2019,0.21822705525828942,97.47,345.046001576198,34.55001068
"Iran, Islamic Rep.",IRN,2019,0.13438781204453684,84.65,832.175810194026,39.13536072
Japan,JPN,2019,0.04013402436923869,89.5,4679.33218824469,12.9017725
Kazakhstan,KAZ,2019,0.14609525267686876,97.09,799.701068382388,33.86382675
Kyrgyz Republic,KGZ,2019,0.20238819013238132,95.71,229.016769144427,46.181427
Cambodia,KHM,2019,0.14602307419619548,82.14,311.269698199494,64.39125061
Lao PDR,LAO,2019,0.22480232199343836,91.6,202.090167288715,41.83228683
Luxembourg,LUX,2019,0.028609333806026396,95.48,6700.66965094926,9.58771706
Morocco,MAR,2019,0.1696500227524591,91.8,409.959564651381,46.55796814
Moldova,MDA,2019,0.1365070392058092,85.95,864.662968865747,35.6937027
North Macedonia,MKD,2019,0.09616411807934754,90.27,1412.93528345454,39.08806229
Mali,MLI,2019,0.40009904901912613,98.2,91.125148472922,31.07923317
Mozambique,MOZ,2019,0.7391136115311497,96.42,109.743746034701,9.71002865
Malawi,MWI,2019,0.6952064609709664,97.09,92.1473593931542,11.85419559
Malaysia,MYS,2019,0.11611479069382159,98.48,1111.03714581917,36.0626564
Peru,PER,2019,0.1685371787694361,91.59,709.342868059496,28.34798813
Poland,POL,2019,0.07501800584850503,85.14,2292.10627205968,20.09078407
Russian Federation,RUS,2019,0.08361017022700787,92.8,1759.39899967257,36.57374573
El Salvador,SLV,2019,0.1340406347975395,95.94,859.415342428711,37.6710701
Serbia,SRB,2019,0.08544479282083826,91.47,1701.65775251246,37.03455734
Thailand,THA,2019,0.21894133747427305,98.13,756.757118622001,8.66960335
Turkiye,TUR,2019,0.13308012627637764,95.78,1200.39248868231,17.04763412
Ukraine,UKR,2019,0.11062107106592048,91.68,953.68413708251,51.11891937
United States,USA,2019,0.018273132935017682,95.65,10550.2206945449,11.30872917
Afghanistan,AFG,2020,0.12257596308773289,73.92,401.16333264641,74.81396484
Armenia,ARM,2020,0.0634340793441071,76.82,1844.10278234491,77.84781647
Burundi,BDI,2020,0.48000838359537673,95.23,84.301690937684,20.45733452
Belarus,BLR,2020,0.09829026710174878,86.5,1598.28283021619,24.76618576
United Kingdom,GBR,2020,0.032643532719703425,97.64,5808.38012848447,12.40982437
Georgia,GEO,2020,0.0818957402062538,69.33,1520.02829376448,54.57889175
Indonesia,IDN,2020,0.21763500421626722,97.77,401.223289913644,31.19621658
"Iran, Islamic Rep.",IRN,2020,0.15092537977102327,86.18,700.010304525198,37.40495682
Japan,JPN,2020,0.03889915158346955,89.1,4855.9607582898,11.5586462
Kazakhstan,KAZ,2020,0.12780198925110586,96.57,1089.86734426699,27.74455261
Kyrgyz Republic,KGZ,2020,0.19701920226403571,95.09,257.988148371502,46.02117538
Luxembourg,LUX,2020,0.027150456511109654,96.2,7088.20370765635,8.38729095
Moldova,MDA,2020,0.13618907082375878,88.03,944.398271281347,30.92627144
Mexico,MEX,2020,0.10940312502052733,95.56,1171.40563850852,38.76134109
Mongolia,MNG,2020,0.14565129516506997,85.28999999999999,646.029106133253,43.71080399
Peru,PER,2020,0.1664593488310446,90.33,817.581330350486,22.49866867
Poland,POL,2020,0.07346990260151694,84.76,2356.09113851299,19.53498077
Russian Federation,RUS,2020,0.06675595565580912,92.3,2538.82360457465,24.88454437
Thailand,THA,2020,0.19533019746254346,98.1,835.011548990053,10.54276752
United States,USA,2020,0.016604509875738697,96.02,11648.4953090229,10.06959915
Viet Nam,VNM,2020,0.1658595690380883,91.53999999999999,502.938679900366,42.40335083
Armenia,ARM,2021,0.05969397348716593,80.11,2024.83372763285,78.65647888
Belarus,BLR,2021,0.09181602623053646,83.46000000000001,1784.44988282305,21.92699814
Bolivia,BOL,2021,0.1726546176175643,94.31,771.477813151763,22.73787498
Georgia,GEO,2021,0.07046505284273426,68.59,1951.38810169459,51.89904404
Indonesia,IDN,2021,0.2159454357245444,98.03,472.82176279231,27.1673317
"Iran, Islamic Rep.",IRN,2021,0.14061099443897787,84.64,726.492590719466,41.70082092
Japan,JPN,2021,0.035447320213267124,88.9,5358.70264015009,10.81970024
Kazakhstan,KAZ,2021,0.1157585333350023,96.28,1292.98944963159,25.03029823
Luxembourg,LUX,2021,0.024898903280974487,95.66,7734.7397617275,8.79836845
Moldova,MDA,2021,0.11727760284617524,85.85,1200.78340748975,29.41590118
Mali,MLI,2021,0.3789158481832918,98.3,83.1808303762911,44.09402466
Mongolia,MNG,2021,0.12448570004836403,85.97,1080.65806755941,30.87066269
Peru,PER,2021,0.13794360057354152,87.41,1019.321046243,25.10678101
Poland,POL,2021,0.06703795437857853,83.91,2607.16810590306,19.84747887
Thailand,THA,2021,0.16503390939440185,97.95,1043.31229823859,9.04449558
United States,USA,2021,0.016005281119590882,95.39,12080.0736201021,10.72964573
