iso3,country,year,fpe_score,phi,peers
BGD,Bangladesh,2000,0.9261330799846424,1.0797584295515958,"PHL,RWA"
BLR,Belarus,2000,1.0,1.0,BLR
CAN,Canada,2000,0.9937688173614686,1.0062702537347425,"BLR,MKD"
EST,Estonia,2000,0.9585313266770996,1.0432627209656862,"BLR,MKD"
GEO,Georgia,2000,0.8996753327243161,1.1115120795541762,"MKD,PHL"
GTM,Guatemala,2000,0.9879182034832084,1.0122295514691333,"MKD,PHL"
HUN,Hungary,2000,0.9399358596691337,1.0639023819689244,"BLR,MKD"
IND,India,2000,0.8811941335979022,1.1348237146302997,"PHL,RWA"
LTU,Lithuania,2000,0.9215391931829244,1.0851410416371745,"BLR,MKD"
MAR,Morocco,2000,0.9100433976076674,1.098848695159826,"MKD,PHL"
MKD,North Macedonia,2000,1.0,1.0,MKD
PER,Peru,2000,0.9055749545668287,1.1042708225939601,"BLR,MKD,PHL"
PHL,Philippines,2000,0.9999999999999998,1.0000000000000002,PHL
POL,Poland,2000,0.8966589812670533,1.1152511945923045,"BLR,MKD"
PRY,Paraguay,2000,0.9283264024665131,1.0772073242159805,"MKD,PHL"
ROU,Romania,2000,0.9672337238919537,1.033876275504747,"BLR,PHL,RWA"
RUS,Russian Federation,2000,0.9921249671510952,1.0079375412469642,"BLR,MKD,PHL"
RWA,Rwanda,2000,1.0,1.0,RWA
SWZ,Eswatini,2000,1.0,1.0,SWZ
TUN,Tunisia,2000,0.7943131204966988,1.2589493666863785,"BLR,MKD,PHL"
UZB,Uzbekistan,2000,0.9442874735436144,1.0589995398830336,"MKD,PHL"
ARM,Armenia,2001,0.8946678643170353,1.1177332280324748,"RUS,SEN"
BIH,Bosnia and Herzegovina,2001,0.8744907092789345,1.1435227263015233,"RUS,SEN"
BLR,Belarus,2001,0.9999999999999973,1.0000000000000027,BLR
CAN,Canada,2001,0.9999999999999991,1.0000000000000009,CAN
CPV,Cabo Verde,2001,0.9999999999999991,1.0000000000000009,CPV
GEO,Georgia,2001,0.8744918699186989,1.1435212085996518,SEN
HUN,Hungary,2001,0.9358702105050059,1.0685242342102,"CAN,RUS"
IDN,Indonesia,2001,0.9951792062167112,1.0048441464142077,"CPV,RUS,SEN"
IND,India,2001,0.8652439024390246,1.1557434813248764,SEN
ITA,Italy,2001,0.9337699253536319,1.0709276159448868,"CAN,RUS"
KAZ,Kazakhstan,2001,0.9957349110540125,1.0042833578481976,"RUS,SEN"
LTU,Lithuania,2001,0.9053990241510831,1.1044853963009473,"CAN,CPV,RUS"
NIC,Nicaragua,2001,0.857624665910457,1.1660112398217894,"CPV,RUS,SEN"
PAK,Pakistan,2001,1.0000000000000004,0.9999999999999997,PAK
POL,Poland,2001,0.8944470974428433,1.1180091062500224,"CAN,CPV,RUS"
ROU,Romania,2001,1.0,1.0,ROU
RUS,Russian Federation,2001,0.9999999999999998,1.0000000000000002,RUS
SEN,Senegal,2001,0.9999999999999998,1.0000000000000002,SEN
ALB,Albania,2002,0.7762358184764987,1.288268302231503,MNG
ARM,Armenia,2002,0.8967787682333872,1.115102225234384,MNG
AZE,Azerbaijan,2002,0.9519096835666824,1.0505198310969266,"IDN,MNG"
BLR,Belarus,2002,0.9740680713128042,1.0266222961730447,MNG
CAN,Canada,2002,0.9999999999999996,1.0000000000000004,CAN
CHN,China,2002,0.894158692110138,1.11836971314352,"IDN,MNG"
CIV,Cote d'Ivoire,2002,0.8490834264652838,1.1777405715749025,"IDN,UGA"
GEO,Georgia,2002,0.8734805510534847,1.1448451814913603,MNG
GIN,Guinea,2002,0.9795010305936105,1.0209279712487556,"IDN,UGA"
HUN,Hungary,2002,0.9147082658022704,1.093244739756366,MNG
IDN,Indonesia,2002,1.0000000000000002,0.9999999999999998,IDN
JAM,Jamaica,2002,0.9078200972447336,1.1015398348582894,MNG
JOR,Jordan,2002,0.997974068071313,1.0020300446609824,MNG
KAZ,Kazakhstan,2002,0.9914910858995146,1.008581937065794,MNG
LTU,Lithuania,2002,0.8905996758508915,1.1228389444949953,MNG
LVA,Latvia,2002,0.9198743922204213,1.0871049443893845,MNG
MKD,North Macedonia,2002,0.9463128038897901,1.0567330336116454,MNG
MNG,Mongolia,2002,0.9999999999999998,1.0000000000000002,MNG
POL,Poland,2002,0.8884724473257707,1.1255273058944237,MNG
ROU,Romania,2002,0.9999999999999998,1.0000000000000002,ROU
RUS,Russian Federation,2002,0.9809562398703406,1.0194134655101195,MNG
UGA,Uganda,2002,1.0,1.0,UGA
UKR,Ukraine,2002,0.887256888168559,1.1270693001484169,MNG
UZB,Uzbekistan,2002,0.9540750568838704,1.0481355662584098,"IDN,MNG"
VNM,Viet Nam,2002,0.9999999999999996,1.0000000000000004,VNM
ARM,Armenia,2003,0.9146293919922505,1.0933390166062724,"PHL,RUS"
AZE,Azerbaijan,2003,0.9579533274976249,1.043892193174181,"PHL,RUS"
BEN,Benin,2003,0.951633265762087,1.0508249721589755,"BFA,TCD"
BFA,Burkina Faso,2003,1.0000000000000009,0.9999999999999992,BFA
BLR,Belarus,2003,1.0000000000000004,0.9999999999999997,BLR
BTN,Bhutan,2003,1.0000000000000002,0.9999999999999998,BTN
CAN,Canada,2003,0.9999999999999993,1.0000000000000007,CAN
EST,Estonia,2003,0.9341891098764266,1.070447074824367,"BLR,CAN,RUS"
GEO,Georgia,2003,0.8982758428563199,1.1132437858066178,"PHL,RUS"
HUN,Hungary,2003,0.8965180379693668,1.1154265253435638,"BLR,CAN,RUS"
IND,India,2003,0.8797499599686178,1.1366866104042468,"PHL,TCD"
JAM,Jamaica,2003,0.9144936923973663,1.0935012546434049,"PHL,RUS"
KAZ,Kazakhstan,2003,0.9953313182451717,1.0046905805828148,"PHL,RUS"
LTU,Lithuania,2003,0.9126766305954567,1.0956783229428928,"BLR,CAN,RUS"
LVA,Latvia,2003,0.907799979713967,1.1015642458100559,RUS
MKD,North Macedonia,2003,0.9460391520438175,1.0570387048354244,RUS
NGA,Nigeria,2003,0.7970060419393368,1.2546956326287346,"PHL,RUS"
NPL,Nepal,2003,0.9578455145011723,1.0440096913966141,"PHL,TCD"
PAN,Panama,2003,0.8935002619659655,1.11919385205294,"CAN,RUS"
PHL,Philippines,2003,1.0000000000000007,0.9999999999999994,PHL
POL,Poland,2003,0.9042186065198238,1.1059272534203004,"BLR,CAN,RUS"
ROU,Romania,2003,1.0,1.0,ROU
RUS,Russian Federation,2003,1.0000000000000002,0.9999999999999998,RUS
SLE,Sierra Leone,2003,0.6797156934720378,1.4712033422266984,"PHL,TCD"
SRB,Serbia,2003,0.9509959140769899,1.0515292286724198,"BLR,CAN,RUS"
SYR,Syrian Arab Republic,2003,0.9686427688737856,1.0323723380113317,"PHL,RUS"
TCD,Chad,2003,1.0000000000000002,0.9999999999999998,TCD
UKR,Ukraine,2003,0.9158789838537531,1.0918473047523047,"PHL,RUS"
UZB,Uzbekistan,2003,0.9589736378826884,1.0427815327727814,"PHL,RUS"
ARG,Argentina,2004,0.8453201122353581,1.182983801669651,"BLR,CAN,ETH"
ARM,Armenia,2004,0.8423069167170805,1.1872157050514718,ETH
AZE,Azerbaijan,2004,0.931336963097399,1.07372523546606,ETH
BLR,Belarus,2004,1.0,1.0,BLR
CAN,Canada,2004,0.9999999999999982,1.0000000000000018,CAN
CRI,Costa Rica,2004,0.9676358431789845,1.0334466287593163,"CAN,ETH"
EST,Estonia,2004,0.9077104396826512,1.1016729083226304,"BLR,CAN,ETH"
ETH,Ethiopia,2004,1.0,1.0,ETH
GEO,Georgia,2004,0.8896955031256304,1.1239800543970986,ETH
HND,Honduras,2004,0.9967735430530351,1.0032369006676105,ETH
HUN,Hungary,2004,0.9152772370154247,1.0925651371608922,"BLR,CAN,ETH"
IDN,Indonesia,2004,0.9874974793305101,1.0126608127424954,ETH
JAM,Jamaica,2004,0.905424480742085,1.1044543429844098,ETH
KAZ,Kazakhstan,2004,0.9817503528937286,1.0185888877477662,ETH
LTU,Lithuania,2004,0.8895998288897162,1.124100935639872,"CAN,ETH"
LVA,Latvia,2004,0.8864690461786647,1.1280709736123753,ETH
MKD,North Macedonia,2004,0.9357733413994758,1.0686348453830405,ETH
MRT,Mauritania,2004,0.9019963702359346,1.108651911468813,ETH
PAK,Pakistan,2004,0.9742891712038723,1.026389320086929,ETH
POL,Poland,2004,0.8859052149408266,1.128788930390024,"BLR,CAN,ETH"
ROU,Romania,2004,0.9263091035242489,1.0795532465301114,"BLR,CAN,ETH"
RUS,Russian Federation,2004,0.9849459118354665,1.0152841775204486,"CAN,ETH"
SRB,Serbia,2004,0.9319198646060146,1.0730536368840764,"BLR,CAN,ETH"
UKR,Ukraine,2004,0.9041137326073804,1.106055536968886,ETH
VNM,Viet Nam,2004,0.8480510700478334,1.1791742682944744,"CAN,ETH"
ZMB,Zambia,2004,1.0,1.0,ZMB
ALB,Albania,2005,0.8065938470788657,1.239781339296807,MDG
ARM,Armenia,2005,0.8814510471991186,1.1344929513415183,MDG
AZE,Azerbaijan,2005,0.9207335404349136,1.0860905528950802,MDG
BGD,Bangladesh,2005,0.9999999999999991,1.0000000000000009,BGD
BLR,Belarus,2005,0.9864377709401118,1.0137486919696546,"MDG,ZAF"
CAN,Canada,2005,0.9772917379932355,1.0232359091190042,"MDG,ZAF"
EST,Estonia,2005,0.9003777870793419,1.1106449030065635,"MDG,ZAF"
GAB,Gabon,2005,0.9452850987072857,1.057881903954203,MDG
GEO,Georgia,2005,0.8513879146207038,1.174552730696798,MDG
GHA,Ghana,2005,0.9908396410357243,1.009245046912637,"MDG,RWA,ZAF"
HUN,Hungary,2005,0.9003280405370511,1.1107062703539634,"MDG,ZAF"
IDN,Indonesia,2005,0.9806593847078869,1.0197220519108927,MDG
KAZ,Kazakhstan,2005,0.9850686441527211,1.0151576805696843,MDG
KEN,Kenya,2005,0.9464876240104223,1.0565378507146634,MDG
LVA,Latvia,2005,0.8770417877542839,1.1401965265082268,MDG
MDG,Madagascar,2005,1.0000000000000002,0.9999999999999998,MDG
MKD,North Macedonia,2005,0.9313558472792866,1.0737034646008177,MDG
POL,Poland,2005,0.8589209701381447,1.164251467558377,"MDG,ZAF"
ROU,Romania,2005,0.9106958219649283,1.0980614776977762,"MDG,ZAF"
RWA,Rwanda,2005,1.0,1.0,RWA
SEN,Senegal,2005,0.9882753782944187,1.0118637193267082,MDG
SRB,Serbia,2005,0.8956189289918876,1.1165462984637944,"MDG,ZAF"
TTO,Trinidad and Tobago,2005,0.9762501252630528,1.0243276534592483,MDG
TUN,Tunisia,2005,0.7825433410161339,1.2778844922525292,MDG
UGA,Uganda,2005,0.79867722216655,1.2520702634880798,MDG
UKR,Ukraine,2005,0.9199318568994891,1.0870370370370368,MDG
URY,Uruguay,2005,0.9614502465396558,1.0400954220970748,"MDG,ZAF"
ZAF,South Africa,2005,1.0,1.0,ZAF
ARM,Armenia,2006,0.9082297820330005,1.1010429516653584,IDN
BLR,Belarus,2006,0.9926073666100494,1.0074476914423856,"CAN,ZMB"
CAN,Canada,2006,1.0,1.0,CAN
GEO,Georgia,2006,0.8526176410674271,1.1728586787719508,IDN
HUN,Hungary,2006,0.9174494168322447,1.0899783482917071,"CAN,ZMB"
IDN,Indonesia,2006,1.0,1.0,IDN
IND,India,2006,0.8510815251718371,1.1749755698175866,"MLI,ZMB"
IRQ,Iraq,2006,0.9852536000746858,1.0149671109287968,"IDN,ZMB"
LVA,Latvia,2006,0.9075930629867734,1.1018153848698744,"IDN,ZMB"
MAR,Morocco,2006,0.794459156651049,1.2587179487179487,IDN
MKD,North Macedonia,2006,0.9388537658041146,1.0651286030082805,"IDN,ZMB"
MLI,Mali,2006,1.0,1.0,MLI
MUS,Mauritius,2006,0.9682265723402195,1.0328161078898956,"IDN,ZMB"
PER,Peru,2006,0.909277418788781,1.0997743695560676,"IDN,ZMB"
PHL,Philippines,2006,0.973902651617039,1.026796670426587,"IDN,ZMB"
POL,Poland,2006,0.8780301401621873,1.138913067170203,"IDN,ZMB"
ROU,Romania,2006,1.0,1.0,ROU
SRB,Serbia,2006,0.9140389433128087,1.0940452891160604,"IDN,ZMB"
TGO,Togo,2006,0.9999999999999998,1.0000000000000002,TGO
UKR,Ukraine,2006,0.9335653534011067,1.0711622880571379,"IDN,ZMB"
VNM,Viet Nam,2006,0.8719459299431169,1.1468601041181956,"IDN,ZMB"
ZMB,Zambia,2006,1.0,1.0,ZMB
AFG,Afghanistan,2007,0.9772093388536723,1.0233221892589182,"CPV,PAK"
ARM,Armenia,2007,0.9361919346605408,1.068157033805889,CPV
BIH,Bosnia and Herzegovina,2007,0.9162838182746299,1.0913649025069638,CPV
BLR,Belarus,2007,0.985911179173047,1.0142901522211871,CPV
BTN,Bhutan,2007,1.0,1.0,BTN
CAN,Canada,2007,0.9919909330809846,1.0080737299625717,"BTN,CPV"
CHN,China,2007,0.8326697294538029,1.2009563511525259,CPV
CPV,Cabo Verde,2007,1.0,1.0,CPV
DOM,Dominican Republic,2007,0.8406329760081673,1.1895797911100316,CPV
GEO,Georgia,2007,0.8398162327718223,1.190736688548505,CPV
HUN,Hungary,2007,0.903113833588566,1.1072801266108971,CPV
IDN,Indonesia,2007,0.9949974476773861,1.0050277036733022,CPV
IND,India,2007,0.8929304366130402,1.1199080678592206,"CPV,PAK"
KAZ,Kazakhstan,2007,0.9873404798366512,1.012821838486196,CPV
LBR,Liberia,2007,1.0,1.0,LBR
LVA,Latvia,2007,0.8640122511485451,1.1573909961006736,CPV
PAK,Pakistan,2007,1.0,1.0,PAK
PAN,Panama,2007,0.9871362940275649,1.0130313372634194,CPV
POL,Poland,2007,0.8761613067891776,1.1413423444418558,CPV
ROU,Romania,2007,0.9210636318087321,1.085701319067671,"BTN,CPV"
SRB,Serbia,2007,0.9044410413476264,1.1056552658313579,CPV
SYR,Syrian Arab Republic,2007,0.9511451590656552,1.051364232334775,"CPV,PAK"
TJK,Tajikistan,2007,0.9607687508725821,1.0408331860208688,"CPV,PAK"
UKR,Ukraine,2007,0.9283307810107198,1.0772022434839987,CPV
AGO,Angola,2008,0.9999999999999998,1.0000000000000002,AGO
ALB,Albania,2008,0.8958332198791977,1.1162792111402713,"CAF,JOR"
ARM,Armenia,2008,0.9481210859712376,1.0547176038972055,"CAF,JOR"
BLR,Belarus,2008,0.9780595936790105,1.0224325863810197,"JOR,KAZ,ZAF"
BRA,Brazil,2008,0.8646508897214571,1.1565361371710898,"JOR,ZAF"
CAF,Central African Republic,2008,0.9999999999999998,1.0000000000000002,CAF
CAN,Canada,2008,0.9823545835506001,1.0179623699475424,"JOR,ZAF"
CIV,Cote d'Ivoire,2008,0.8792303059295322,1.1373584295900592,"CAF,JOR"
COL,Colombia,2008,0.8244430366708347,1.2129400765370983,"JOR,KAZ,ZAF"
GEO,Georgia,2008,0.8011152658757161,1.248259823019199,"CAF,JOR"
JOR,Jordan,2008,0.9999999999999998,1.0000000000000002,JOR
KAZ,Kazakhstan,2008,0.9999999999999996,1.0000000000000004,KAZ
LTU,Lithuania,2008,0.8885363972117166,1.1254462992602927,"JOR,ZAF"
LVA,Latvia,2008,0.8638583638583639,1.1575971731448762,JOR
MEX,Mexico,2008,0.9810744810744813,1.0192906036092095,JOR
MLT,Malta,2008,0.8526658526658525,1.1727923627684966,JOR
PAN,Panama,2008,0.9874944320242826,1.012663937709585,"JOR,ZAF"
PER,Peru,2008,0.9233539646480159,1.0830082918214379,"CAF,JOR,KAZ"
POL,Poland,2008,0.8785680939495362,1.1382157022167467,"JOR,ZAF"
ROU,Romania,2008,0.9074793703423873,1.1019534247072802,"JOR,KAZ,ZAF"
SRB,Serbia,2008,0.9200244200244202,1.0869276708692766,JOR
UKR,Ukraine,2008,0.9772297856683598,1.0233007780417447,"CAF,JOR,KAZ"
VNM,Viet Nam,2008,0.9368576946682645,1.0673979684332888,"AGO,CAF,KAZ"
ZAF,South Africa,2008,1.0,1.0,ZAF
ARM,Armenia,2009,0.9147148397616246,1.0932368827213963,"BWA,MNG"
BEL,Belgium,2009,0.8944444444444445,1.1180124223602483,BWA
BFA,Burkina Faso,2009,1.0,1.0,BFA
BLR,Belarus,2009,0.9747619316810153,1.0258915202766081,"BWA,MNG"
BWA,Botswana,2009,1.0,1.0,BWA
CAN,Canada,2009,0.9656565656565655,1.0355648535564854,BWA
CYP,Cyprus,2009,0.8479797979797981,1.179273377010125,BWA
GEO,Georgia,2009,0.7483002284133285,1.3363620135735725,"BWA,MNG"
IDN,Indonesia,2009,0.9898174196314373,1.0102873319529517,"BFA,MNG"
IND,India,2009,0.8875336490073482,1.1267178445779926,"BFA,MNG"
KAZ,Kazakhstan,2009,0.9864677548236038,1.0137178788766552,"BWA,MNG"
KHM,Cambodia,2009,0.835567279505805,1.1967917180666152,"BFA,MNG"
LVA,Latvia,2009,0.8539393939393938,1.1710432931156851,BWA
MKD,North Macedonia,2009,0.957916339643567,1.0439325007986522,"BWA,MNG"
MLI,Mali,2009,0.9897546599115783,1.010351393636618,"BFA,MNG"
MNG,Mongolia,2009,1.0,1.0,MNG
NAM,Namibia,2009,0.9977777777777778,1.0022271714922049,BWA
NGA,Nigeria,2009,0.7745324192951955,1.291101540862517,"BFA,MNG"
NIC,Nicaragua,2009,0.8552238015693974,1.1692845757624237,"BFA,MNG"
PER,Peru,2009,0.9081989300539941,1.101080354653741,"BWA,MNG"
PHL,Philippines,2009,0.9800022684639194,1.0204058012716906,"BFA,MNG"
POL,Poland,2009,0.8646464646464647,1.1565420560747663,BWA
ROU,Romania,2009,0.8873737373737374,1.1269208878770631,BWA
SDN,Sudan,2009,0.8363970506039533,1.1956044073540322,"BFA,MNG"
SRB,Serbia,2009,0.9262626262626263,1.079607415485278,BWA
TJK,Tajikistan,2009,0.8736365557278198,1.1446407472806672,"BFA,MNG"
UGA,Uganda,2009,0.8598475816923444,1.1629968162866828,"BFA,MNG"
UKR,Ukraine,2009,0.9457992821773945,1.05730678680346,"BWA,MNG"
ARM,Armenia,2010,0.8271988767425535,1.2088991270611056,ZMB
BGD,Bangladesh,2010,0.9999999999999998,1.0000000000000002,BGD
BLR,Belarus,2010,0.9583792999699129,1.0434282126412724,ZMB
EST,Estonia,2010,0.9147527830709058,1.0931915360157876,ZMB
GEO,Georgia,2010,0.7525824892187343,1.3287579957356077,ZMB
GRC,Greece,2010,0.8560826396549994,1.1681115276476102,ZMB
IDN,Indonesia,2010,0.9683080934710661,1.0327291558777836,ZMB
ITA,Italy,2010,0.9097382408986061,1.0992172858560245,ZMB
JOR,Jordan,2010,0.9799418313108013,1.0204687340088017,ZMB
KAZ,Kazakhstan,2010,0.969110420218634,1.0318741591638207,ZMB
LSO,Lesotho,2010,0.9576772640657908,1.044193109226097,ZMB
LVA,Latvia,2010,0.8306087654197171,1.203936247283265,ZMB
MDG,Madagascar,2010,0.9999999999999998,1.0000000000000002,MDG
MEX,Mexico,2010,0.9740246715474878,1.0266680395387149,ZMB
MKD,North Macedonia,2010,0.9238792498244911,1.0823925314806773,ZMB
MNG,Mongolia,2010,0.9895697522816168,1.0105401844532278,ZMB
NGA,Nigeria,2010,0.8136596128773441,1.2290151608529523,ZMB
PAK,Pakistan,2010,0.9804985509794454,1.0198893195722463,"MDG,ZMB"
PER,Peru,2010,0.8895797813659614,1.1241262683201803,ZMB
POL,Poland,2010,0.8679169591816267,1.1521839611740237,ZMB
ROU,Romania,2010,0.879951860395146,1.1364258035103716,ZMB
RUS,Russian Federation,2010,0.9647979139504563,1.0364864864864864,ZMB
TUN,Tunisia,2010,0.8355230167485709,1.1968551194334414,ZMB
UKR,Ukraine,2010,0.9336074616387525,1.071113975722419,ZMB
VNM,Viet Nam,2010,0.8893791996790693,1.1243797925124042,ZMB
ZMB,Zambia,2010,1.0,1.0,ZMB
ARM,Armenia,2011,0.887531806615776,1.1267201834862386,MNG
BEN,Benin,2011,0.9999999999999998,1.0000000000000002,BEN
BIH,Bosnia and Herzegovina,2011,0.9309465343040261,1.0741755440849223,"KAZ,MNG"
BLR,Belarus,2011,0.9706870229007634,1.0301981755268952,MNG
ECU,Ecuador,2011,0.8308396946564884,1.2036016170525543,MNG
ETH,Ethiopia,2011,1.0,1.0,ETH
GEO,Georgia,2011,0.7738422391857507,1.2922530580034197,MNG
GTM,Guatemala,2011,0.9225445292620864,1.0839585172109445,MNG
IDN,Indonesia,2011,0.9786846798790313,1.0217795583799303,"ETH,MNG"
IND,India,2011,0.8362415621938197,1.1958267146834602,"ETH,MNG"
KAZ,Kazakhstan,2011,1.0000000000000002,0.9999999999999998,KAZ
LVA,Latvia,2011,0.8284987277353689,1.2070024570024571,MNG
MLI,Mali,2011,0.9929734404499186,1.0070762814631755,"ETH,MNG"
MNE,Montenegro,2011,0.9230534351145037,1.083360899768442,MNG
MNG,Mongolia,2011,0.9999999999999998,1.0000000000000002,MNG
PAK,Pakistan,2011,0.9806616890897762,1.0197196557440447,"ETH,MNG"
PER,Peru,2011,0.9035114503816795,1.1067928354173706,MNG
POL,Poland,2011,1.0000000000000016,0.9999999999999984,POL
PRT,Portugal,2011,0.8312268151402331,1.2030410734900243,"KAZ,MNG"
PRY,Paraguay,2011,0.9105343511450383,1.0982562038900066,MNG
ROU,Romania,2011,0.9999999999999902,1.0000000000000098,ROU
RUS,Russian Federation,2011,0.9780152671755725,1.0224789260068685,MNG
SEN,Senegal,2011,0.9849164494010472,1.0153145483641028,"ETH,MNG"
SLE,Sierra Leone,2011,0.6408924849582104,1.5603241159321837,"ETH,MNG"
TCD,Chad,2011,0.9305089620136945,1.0746806756550968,"ETH,MNG"
TGO,Togo,2011,0.9057336980438154,1.1040772824945997,"ETH,MNG"
UKR,Ukraine,2011,0.9464631043256996,1.056565222066889,MNG
ALB,Albania,2012,0.8453105968331305,1.1829971181556194,GHA
ARM,Armenia,2012,0.8739342265529838,1.1442508710801398,GHA
BLR,Belarus,2012,0.959684924587391,1.0420086576122285,"GHA,KAZ"
BTN,Bhutan,2012,1.0,1.0,BTN
CRI,Costa Rica,2012,0.9489646561769871,1.053780025937546,"BTN,KAZ"
GEO,Georgia,2012,0.7784206252537554,1.2846524970661106,GHA
GHA,Ghana,2012,0.9999999999999998,1.0000000000000002,GHA
GIN,Guinea,2012,0.9574525598511161,1.0444381705507164,"GHA,MDG"
HTI,Haiti,2012,0.9348168729302774,1.0697282312260792,"BTN,GHA,MDG"
IDN,Indonesia,2012,0.9800040600893215,1.020403935784568,GHA
IRQ,Iraq,2012,0.9774665042630933,1.023052959501558,GHA
KAZ,Kazakhstan,2012,1.0000000000000002,0.9999999999999998,KAZ
LVA,Latvia,2012,0.834652862362972,1.1981028821597957,GHA
MDG,Madagascar,2012,1.0,1.0,MDG
MEX,Mexico,2012,0.9894437677628909,1.0106688551497742,GHA
MNE,Montenegro,2012,0.9364897987064793,1.06781729110263,"GHA,KAZ"
MNG,Mongolia,2012,0.9972578135991849,1.0027497266638787,"BTN,GHA,KAZ"
MUS,Mauritius,2012,0.9582825822168091,1.0435335239911023,GHA
NGA,Nigeria,2012,0.846849226258957,1.1808477459648894,"GHA,MDG"
PER,Peru,2012,0.896163215590743,1.1158681617397215,GHA
PHL,Philippines,2012,0.9528014616321563,1.0495365931607539,GHA
POL,Poland,2012,0.8866893961611604,1.1277906382205622,"BTN,KAZ"
ROU,Romania,2012,0.9116266280530245,1.096940314408889,"BTN,KAZ"
RUS,Russian Federation,2012,0.9857181947061703,1.014488730522101,"GHA,KAZ"
UGA,Uganda,2012,0.8603841559445216,1.162271519170654,"GHA,MDG"
UKR,Ukraine,2012,0.9369671132764917,1.0672733181670462,GHA
VNM,Viet Nam,2012,0.9222492894843684,1.0843055249834914,GHA
AFG,Afghanistan,2013,0.8678458879739758,1.152278317910273,RWA
ARM,Armenia,2013,0.8534105926603638,1.1717689100655153,RWA
BLR,Belarus,2013,0.9452068720138253,1.0579694557969457,RWA
CHN,China,2013,0.8249466300701433,1.2121996303142328,RWA
ECU,Ecuador,2013,0.911761715970316,1.096777790166128,RWA
GEO,Georgia,2013,0.7663921927416895,1.3048149621965779,RWA
HTI,Haiti,2013,0.8992579038324693,1.1120280352701786,RWA
IDN,Indonesia,2013,0.9785503710480837,1.0219198005402037,RWA
KAZ,Kazakhstan,2013,0.9981701738334857,1.001833180568286,RWA
LVA,Latvia,2013,0.8331808478194572,1.2002196193265007,RWA
MAR,Morocco,2013,0.8803497001118226,1.1359122401847577,RWA
MNE,Montenegro,2013,0.9237572430619091,1.0825354902608122,RWA
NPL,Nepal,2013,0.911761715970316,1.096777790166128,RWA
PAK,Pakistan,2013,0.9999999999999996,1.0000000000000004,PAK
PER,Peru,2013,0.9101352038223035,1.098737853233553,RWA
POL,Poland,2013,0.8814679272135814,1.1344712259254988,RWA
ROU,Romania,2013,0.8889905458981395,1.1248713550600344,RWA
RUS,Russian Federation,2013,0.9673681000304971,1.0337326607818411,RWA
RWA,Rwanda,2013,1.0,1.0,RWA
SRB,Serbia,2013,0.924773813154417,1.0813454985159943,RWA
TJK,Tajikistan,2013,0.9396157365050322,1.0642648490749755,RWA
UKR,Ukraine,2013,0.9432753888380604,1.0601357904946653,RWA
ARM,Armenia,2014,0.8142083069834523,1.2281869288522547,"BFA,ZAF"
BFA,Burkina Faso,2014,1.0,1.0,BFA
BLR,Belarus,2014,0.9456224091064782,1.0575045497757434,"BFA,ZAF"
CAN,Canada,2014,0.9750429423057492,1.02559585492228,ZAF
CIV,Cote d'Ivoire,2014,0.9025996989833007,1.1079108503209254,"BFA,ZAF"
COM,Comoros,2014,0.9398748333822717,1.0639714613927467,"BFA,ZAF"
GTM,Guatemala,2014,0.9059603419490183,1.1038010757167047,"BFA,ZAF"
IDN,Indonesia,2014,0.9823621527711901,1.017954526422923,"BFA,ZAF"
KAZ,Kazakhstan,2014,0.9983179649964339,1.001684869012221,"BFA,ZAF"
KHM,Cambodia,2014,0.8944882295351394,1.117957695787338,"BFA,ZAF"
LBR,Liberia,2014,0.8008765069010415,1.2486319568412096,"BFA,ZAF"
LVA,Latvia,2014,0.8200464787309285,1.2194430754066043,ZAF
MEX,Mexico,2014,0.9848836391306215,1.0153483724054164,"BFA,ZAF"
MLI,Mali,2014,1.0,1.0,MLI
MNE,Montenegro,2014,0.9208851167020308,1.0859117840684662,ZAF
MNG,Mongolia,2014,0.9924052266747702,1.007652895330547,"BFA,ZAF"
MRT,Mauritania,2014,0.9109050889444592,1.097809214304404,"BFA,ZAF"
NIC,Nicaragua,2014,0.7714740616113823,1.2962198598243138,"BFA,ZAF"
NPL,Nepal,2014,0.9256857181649726,1.0802802510363279,"BFA,ZAF"
PER,Peru,2014,0.9274590620163549,1.078214706130464,"BFA,ZAF"
POL,Poland,2014,0.8735980600181875,1.1446911866759193,ZAF
RUS,Russian Federation,2014,0.9612003637465898,1.0403658152002524,ZAF
SDN,Sudan,2014,0.9004850641386863,1.1105125890749779,"BFA,ZAF"
TJK,Tajikistan,2014,0.9426505810135343,1.060838469886481,"BFA,ZAF"
TTO,Trinidad and Tobago,2014,0.9712033949681723,1.0296504369538075,ZAF
UKR,Ukraine,2014,0.9388658416279594,1.065114903175129,"BFA,ZAF"
VNM,Viet Nam,2014,0.9255679385258372,1.0804177180042684,"BFA,ZAF"
ZAF,South Africa,2014,1.0,1.0,ZAF
ARM,Armenia,2015,0.7778780585639791,1.2855485368054662,ZMB
BEN,Benin,2015,0.96242971922922,1.0390369083790023,"ETH,ZMB"
BIH,Bosnia and Herzegovina,2015,0.9207781789009226,1.0860379002395992,ZMB
BLR,Belarus,2015,0.9193742478941037,1.0876963350785338,ZMB
BWA,Botswana,2015,1.0,1.0,BWA
CAN,Canada,2015,0.9697152025671884,1.0312306101344362,ZMB
CYP,Cyprus,2015,0.8549939831528282,1.1695988740323713,ZMB
ETH,Ethiopia,2015,1.0000000000000002,0.9999999999999999,ETH
GEO,Georgia,2015,0.711391897312475,1.4056949534818155,ZMB
HUN,Hungary,2015,0.8776574408343361,1.1393967093235833,ZMB
IDN,Indonesia,2015,0.9666064981949457,1.0345471521942111,ZMB
KAZ,Kazakhstan,2015,0.977336542318492,1.023189000615637,ZMB
KEN,Kenya,2015,0.9507621339751304,1.0517877860985128,ZMB
LVA,Latvia,2015,0.8080625752105898,1.2375279225614295,ZMB
MLI,Mali,2015,0.9959196500007121,1.0040970674685301,"ETH,ZMB"
MLT,Malta,2015,0.8429602888086644,1.1862955032119913,ZMB
MMR,Myanmar,2015,0.8642198154833535,1.1571130192620096,ZMB
MNE,Montenegro,2015,0.8998194945848377,1.1113340020060178,ZMB
NAM,Namibia,2015,1.0000000000000002,0.9999999999999999,NAM
NGA,Nigeria,2015,0.8169875651825113,1.2240088376089355,ZMB
NPL,Nepal,2015,0.9041315683914961,1.1060337178349602,ZMB
PAK,Pakistan,2015,0.9655030724333319,1.0357294850235188,"ETH,ZMB"
PER,Peru,2015,0.9199759326113118,1.0869849574885544,ZMB
PHL,Philippines,2015,0.9395306859205774,1.064361191162344,ZMB
POL,Poland,2015,0.8546931407942238,1.1700105596620909,ZMB
SLV,El Salvador,2015,0.9797432811873247,1.0206755373592629,ZMB
SRB,Serbia,2015,0.9220818291215405,1.0845024469820552,ZMB
TGO,Togo,2015,0.7424422131382902,1.3469061730380572,"ETH,ZMB"
TUN,Tunisia,2015,0.8349378259125553,1.1976939706942107,ZMB
UKR,Ukraine,2015,0.9313076614520657,1.0737590179821257,ZMB
ZMB,Zambia,2015,0.9999999999999998,1.0000000000000002,ZMB
AFG,Afghanistan,2016,0.7704602933737987,1.2979254201680672,RWA
ARM,Armenia,2016,0.8164896307536673,1.2247552967414197,RWA
BGD,Bangladesh,2016,0.7649845812189188,1.3072158897720658,"MLI,RWA"
BLR,Belarus,2016,0.9152250885179566,1.0926273902951253,RWA
BRB,Barbados,2016,0.8460293373798685,1.1819921080951812,RWA
CAN,Canada,2016,0.9772382397572078,1.0232919254658386,RWA
COL,Colombia,2016,0.928780981284775,1.076680100206949,RWA
GEO,Georgia,2016,0.7006575619625697,1.427230724805082,RWA
GHA,Ghana,2016,0.9981790591805767,1.0018242626938278,RWA
GRC,Greece,2016,0.8407688416793121,1.1893875586572014,RWA
HUN,Hungary,2016,0.8911482043500254,1.1221478033829038,RWA
IDN,Indonesia,2016,0.9680323722812342,1.0330233044205246,RWA
LBR,Liberia,2016,0.9433485078401619,1.060053619302949,RWA
LVA,Latvia,2016,0.7950429944360142,1.2577936124188827,RWA
MEX,Mexico,2016,0.9960546282245826,1.0039609993906156,RWA
MLI,Mali,2016,1.0000000000000002,0.9999999999999999,MLI
MNG,Mongolia,2016,0.9662114314618109,1.03497016019265,RWA
NPL,Nepal,2016,0.903793626707132,1.1064472800537273,RWA
PER,Peru,2016,0.9260495700556398,1.0798558007428447,RWA
POL,Poland,2016,0.8594840667678301,1.1634887005649717,RWA
ROU,Romania,2016,0.8758725341426404,1.1417186417186416,RWA
RWA,Rwanda,2016,1.0,1.0,RWA
SLV,El Salvador,2016,0.9620637329286799,1.0394321766561514,RWA
SWZ,Eswatini,2016,1.0,1.0,SWZ
TJK,Tajikistan,2016,0.9190692969145169,1.0880572372041828,RWA
UGA,Uganda,2016,0.8571573090541224,1.1666469963413195,RWA
UKR,Ukraine,2016,0.9212948912493677,1.0854287910398595,RWA
URY,Uruguay,2016,0.9902883156297422,1.0098069261415874,RWA
VNM,Viet Nam,2016,0.9166413758219525,1.0909391899348857,RWA
ALB,Albania,2017,0.925474667478932,1.08052660449808,MLI
ARG,Argentina,2017,0.9343906244275514,1.0702162177757764,"BTN,MLI"
ARM,Armenia,2017,0.7976444309066911,1.2536914460285131,MLI
BLR,Belarus,2017,0.9217464580467282,1.0848970356979715,"BTN,MLI"
BRA,Brazil,2017,0.9076836889091464,1.1017053762437874,"BTN,MLI"
BTN,Bhutan,2017,1.0,1.0,BTN
CAN,Canada,2017,0.999195637042106,1.0008050104785036,"BTN,MLI"
GAB,Gabon,2017,0.9891013008202235,1.0110187896535356,"BTN,MLI"
GEO,Georgia,2017,0.6966189460858971,1.4355050284215127,MLI
HUN,Hungary,2017,0.907091189255528,1.102424995243008,"BTN,MLI"
IDN,Indonesia,2017,0.9707714053487478,1.030108627520556,"BTN,MLI"
IND,India,2017,0.8380546248350086,1.1932396413859947,MLI
IRQ,Iraq,2017,0.816631130063966,1.2245430809399476,MLI
JOR,Jordan,2017,0.9542232473832314,1.0479727912124361,"BTN,MLI"
KAZ,Kazakhstan,2017,0.9909728338019173,1.0091093982500505,"BTN,MLI"
MLI,Mali,2017,1.0,1.0,MLI
MMR,Myanmar,2017,0.8862828713574982,1.128307939053729,MLI
MUS,Mauritius,2017,0.93207432226622,1.072875816993464,MLI
PAN,Panama,2017,0.9579276273303654,1.0439201996782215,"BTN,MLI"
PER,Peru,2017,0.9427693266346372,1.0607048529778293,"BTN,MLI"
POL,Poland,2017,0.87118683986024,1.1478593962236905,"BTN,MLI"
SLV,El Salvador,2017,0.9759573258405972,1.0246349645858692,"BTN,MLI"
TJK,Tajikistan,2017,0.925474667478932,1.08052660449808,MLI
UKR,Ukraine,2017,0.9412123058178496,1.0624595469255662,MLI
ZWE,Zimbabwe,2017,1.0,1.0,ZWE
AGO,Angola,2018,0.6578581560182748,1.5200845210349885,"GIN,MLI"
BEN,Benin,2018,0.8727209945978143,1.1458415761624265,"GIN,MLI"
BFA,Burkina Faso,2018,0.935003929125869,1.0695142221860987,"GIN,MLI"
BLR,Belarus,2018,0.9999999999999996,1.0000000000000004,BLR
CHN,China,2018,0.77220748176386,1.29498874799273,"GIN,MLI"
CIV,Cote d'Ivoire,2018,0.934940001417104,1.0695873515779446,"GIN,MLI"
CRI,Costa Rica,2018,1.0,1.0,CRI
DOM,Dominican Republic,2018,0.9586640856066302,1.0431182465411886,"CRI,MLI"
ETH,Ethiopia,2018,1.0,1.0,ETH
GEO,Georgia,2018,0.7118170697698674,1.404855323746736,"GIN,MLI"
GIN,Guinea,2018,1.0,1.0,GIN
HUN,Hungary,2018,0.9240481174858074,1.0821947267430683,"CRI,MLI"
IDN,Indonesia,2018,0.9722043025286112,1.0285903872252928,"GIN,MLI"
KAZ,Kazakhstan,2018,0.9942335368273115,1.0057999081293212,"GIN,MLI"
MEX,Mexico,2018,0.9938014021279092,1.0062372601395193,"GIN,MLI"
MKD,North Macedonia,2018,0.9338235019353579,1.0708661732409719,"GIN,MLI"
MLI,Mali,2018,1.0,1.0,MLI
MNG,Mongolia,2018,0.9459412328417269,1.0571481243035297,"GIN,MLI"
NGA,Nigeria,2018,0.8549238578680205,1.169694810592566,GIN
PAK,Pakistan,2018,0.9622288641002514,1.0392537963772965,"GIN,MLI"
PER,Peru,2018,0.9412363042270008,1.0624324577251187,"CRI,MLI"
POL,Poland,2018,1.0000000000000002,0.9999999999999999,POL
SEN,Senegal,2018,0.9485139709871921,1.0542807281575646,"GIN,MLI"
SLE,Sierra Leone,2018,0.8495872154737596,1.1770421938874926,"GIN,MLI"
SLV,El Salvador,2018,0.985410831054142,1.014805163984499,"GIN,MLI"
SRB,Serbia,2018,0.9285621745428569,1.076933809512877,"GIN,MLI"
TCD,Chad,2018,0.9359155056215632,1.0684725212837207,"ETH,MLI"
TGO,Togo,2018,0.876698753856778,1.1406426615765044,"GIN,MLI"
TJK,Tajikistan,2018,0.915736040609137,1.0920177383592018,GIN
UKR,Ukraine,2018,0.9387849878111609,1.0652066372850357,"GIN,MLI"
VNM,Viet Nam,2018,0.9167994412800317,1.0907511010301272,"GIN,MLI"
ARM,Armenia,2019,0.7651731160896129,1.3068937982432793,MLI
BLR,Belarus,2019,0.9773600284517328,1.0231644132041413,"CAN,MLI,POL"
CAN,Canada,2019,1.0,1.0,CAN
GEO,Georgia,2019,0.7026476578411405,1.4231884057971016,MLI
IDN,Indonesia,2019,0.9925661914460285,1.0074894839437776,MLI
KAZ,Kazakhstan,2019,0.9886965376782078,1.0114326913173344,MLI
KHM,Cambodia,2019,0.8364562118126272,1.1955198441684929,MLI
MAR,Morocco,2019,0.9348268839103869,1.0697167755991286,MLI
MKD,North Macedonia,2019,0.9192464358452138,1.0878475684058935,MLI
MLI,Mali,2019,1.0,1.0,MLI
PER,Peru,2019,0.9593569618706128,1.042364875374583,"CAN,MLI,POL"
POL,Poland,2019,1.0,1.0,POL
RUS,Russian Federation,2019,0.9450101832993889,1.058189655172414,MLI
SLV,El Salvador,2019,0.9769857433808552,1.0235563894100481,MLI
SRB,Serbia,2019,0.9314663951120162,1.0735760358587516,MLI
UKR,Ukraine,2019,0.9336048879837067,1.0711169284467714,MLI
AFG,Afghanistan,2020,1.0,1.0,AFG
ARM,Armenia,2020,0.7857215914902321,1.2727154386878419,IDN
BLR,Belarus,2020,0.9298353682805892,1.075459198598948,"KAZ,PER"
GEO,Georgia,2020,0.7091132249156183,1.4102120294244915,IDN
IDN,Indonesia,2020,1.0,1.0,IDN
KAZ,Kazakhstan,2020,1.0,1.0,KAZ
MEX,Mexico,2020,0.9773959292216426,1.0231268313101716,IDN
MNG,Mongolia,2020,0.8723534826633935,1.146324305311291,IDN
PER,Peru,2020,1.0,1.0,PER
POL,Poland,2020,0.9999999999999998,1.0000000000000002,POL
RUS,Russian Federation,2020,0.990683403752689,1.0094042114887762,"KAZ,PER"
VNM,Viet Nam,2020,0.9362790221949472,1.0680576797028623,IDN
ARM,Armenia,2021,0.8149542217700918,1.2270627886655845,MLI
BLR,Belarus,2021,1.0000000000000007,0.9999999999999993,BLR
GEO,Georgia,2021,0.6977619532044762,1.4331535209214168,MLI
IDN,Indonesia,2021,1.0000000000000002,0.9999999999999999,IDN
KAZ,Kazakhstan,2021,1.0,1.0,KAZ
MLI,Mali,2021,0.9999999999999998,1.0000000000000002,MLI
MNG,Mongolia,2021,0.8764482928507358,1.1409686209181833,"IDN,MLI"
PER,Peru,2021,0.9405490753371846,1.063208742873414,"BLR,IDN,POL"
POL,Poland,2021,1.0000000000000007,0.9999999999999993,POL
