Country Name,year,che,oop_share,gov_share,predicted_che,residuals
Bangladesh,2000,14.85,61.82206726,5.21146441,12.539071339320307,2.310928660679693
Belarus,2000,2.71,16.013731,12.1293211,5.05188270387662,-2.34188270387662
Bolivia,2000,11.06,33.50730133,8.29598331,7.553727291784673,3.5062727082153273
Canada,2000,3.3,16.60520935,14.8156271,5.981148616956156,-2.681148616956156
Czechia,2000,0.79,10.1975069,12.38825798,3.9154417516025326,-3.1254417516025326
Estonia,2000,6.63,20.33896255,10.7823925,5.550725866696968,1.0792741333030316
United Kingdom,2000,2.0,18.21689606,15.96845055,6.663388053550575,-4.663388053550575
Georgia,2000,12.38,80.98433685,4.85252142,16.431446180000876,-4.051446180000875
Guatemala,2000,3.68,58.98999405,14.0827589,14.608963741810427,-10.928963741810428
Hungary,2000,8.26,27.32668304,9.85581303,6.731442606079818,1.528557393920182
India,2000,15.41,71.70202637,3.05056,13.953276984944697,1.456723015055303
Kyrgyz Republic,2000,2.36,51.64644623,7.06400633,10.970649589856167,-8.610649589856168
Lithuania,2000,10.06,27.15216637,10.57103539,6.909554498290093,3.150445501709908
Morocco,2000,11.5,53.86581421,4.11556196,10.549504024490398,0.9504959755096021
Moldova,2000,6.89,47.17256546,8.52794456,10.47587528266894,-3.5858752826689395
North Macedonia,2000,1.99,42.08673859,14.71431541,11.26992328528511,-9.27992328528511
Peru,2000,11.82,40.28141403,10.76997662,9.70990640817255,2.11009359182745
Philippines,2000,2.83,41.19496918,6.51838589,8.625279741537172,-5.795279741537172
Poland,2000,12.39,31.12003899,8.38121891,7.08096375924507,5.3090362407549305
Paraguay,2000,9.23,49.09693146,11.8494072,11.873900653279017,-2.643900653279017
Romania,2000,7.03,19.41972351,8.65739632,4.721414441898298,2.3085855581017025
Russian Federation,2000,3.22,30.20886612,9.72129631,7.29273620989721,-4.07273620989721
Rwanda,2000,8.44,26.58733177,3.54361153,4.683667817788735,3.7563321822112643
Eswatini,2000,8.76,18.52517891,9.79427242,4.875704738786874,3.8842952612131256
Thailand,2000,5.63,34.18558884,9.24875259,7.981114269009893,-2.3511142690098934
Tunisia,2000,22.54,38.62985992,10.54292107,9.297042596390517,13.242957403609482
Tanzania,2000,5.01,38.47019196,6.05200052,7.9165944908423205,-2.9065944908423207
United States,2000,5.94,15.11737442,16.16093826,6.0741151739537464,-0.13411517395374606
Uzbekistan,2000,8.14,60.58262634,6.10871267,12.549486028896613,-4.4094860288966125
Armenia,2001,11.99,50.87960052,5.66264772,10.390215444333759,1.5997845556662416
Bulgaria,2001,7.28,43.70613098,9.46551609,10.033509771528047,-2.753509771528047
Bosnia and Herzegovina,2001,14.1,41.3520546,8.60074425,9.282704882294732,4.817295117705267
Belarus,2001,4.07,20.72087097,10.04257679,5.408529011549063,-1.3385290115490625
Bolivia,2001,7.9,33.05337524,8.18012047,7.424217310822527,0.475782689177473
Canada,2001,2.9,15.92599487,15.27647972,5.977604945864379,-3.0776049458643793
Cameroon,2001,20.58,75.10469818,5.34374762,15.35144631549258,5.228553684507418
Cabo Verde,2001,2.81,23.3310833,11.17305183,6.292502835370428,-3.4825028353704277
Czechia,2001,0.57,10.64326668,11.83805084,3.843449502048997,-3.2734495020489973
Georgia,2001,13.95,76.43830109,6.75043344,16.051786675041075,-2.101786675041076
Hungary,2001,8.34,28.81419945,9.66478729,6.98465455188511,1.3553454481148899
Indonesia,2001,2.56,40.49210739,3.95831513,7.710629120900729,-5.15062912090073
India,2001,14.86,74.1062088,2.90321684,14.410942435129162,0.4490575648708379
Israel,2001,12.24,30.3302002,9.33316898,7.201639664892924,5.038360335107076
Italy,2001,8.81,24.47626686,12.20876884,6.842233845143065,1.9677661548569354
Kazakhstan,2001,2.17,42.71286392,8.40947342,9.509393724913567,-7.339393724913567
Kyrgyz Republic,2001,2.68,53.16455841,7.13149929,11.30779478658906,-8.62779478658906
Lithuania,2001,11.48,27.58539391,11.36786652,7.239010257299663,4.240989742700338
Moldova,2001,8.76,51.94122314,9.71184635,11.826441855596952,-3.0664418555969526
Nicaragua,2001,15.95,40.38275528,12.79048729,10.33714305249077,5.612856947509229
Pakistan,2001,5.96,55.79309845,6.30668402,11.60907618226141,-5.6490761822614095
Poland,2001,12.4,28.9781456,8.89294815,6.787353066062969,5.6126469339370315
Romania,2001,7.0,18.94091988,9.60567093,4.905915151558625,2.0940848484413754
Russian Federation,2001,1.93,30.79232025,9.67133141,7.3995421529151475,-5.469542152915148
Senegal,2001,1.6,52.76372147,9.01053238,11.787765501876278,-10.187765501876278
United States,2001,5.82,14.41595078,16.76017952,6.107447152303656,-0.28744715230365614
Albania,2002,23.37,50.85527039,8.20897484,11.14894512912086,12.221054870879142
Armenia,2002,11.47,75.23449707,5.3255291,15.373076386195775,-3.9030763861957745
Azerbaijan,2002,6.97,72.33946991,3.19315743,14.129114916005847,-7.159114916005847
Belarus,2002,3.84,23.02361107,9.32076073,5.67269714458351,-1.83269714458351
Bolivia,2002,8.23,33.92093658,7.8159523,7.496079547129497,0.7339204528705032
Canada,2002,3.0,15.9083395,15.88256645,6.155724143242476,-3.155724143242476
China,2002,12.27,62.85082245,6.02580309,12.998092698894679,-0.7280926988946792
Czechia,2002,0.75,10.00170326,12.18289185,3.8129659360184602,-3.0629659360184602
Djibouti,2002,1.14,40.90150833,5.49563599,8.257232027073933,-7.117232027073933
Georgia,2002,13.77,77.12854767,7.02040815,16.276855723939878,-2.5068557239398785
Guinea,2002,9.67,59.40449905,4.44303322,11.80391159484535,-2.1339115948453493
Guinea-Bissau,2002,5.49,57.38740921,2.52350521,10.807061541066403,-5.317061541066403
Hungary,2002,9.7,27.51259041,9.66882706,6.714160797613096,2.985839202386903
Indonesia,2002,2.29,46.37796402,3.98283839,8.946633641483526,-6.656633641483526
Israel,2002,12.14,27.84285736,8.68584538,6.4882427666194715,5.651757233380529
Jamaica,2002,10.38,37.86093903,8.66761017,8.5740062627547,1.8059937372453003
Jordan,2002,1.48,39.48170853,13.38210011,10.326516262762295,-8.846516262762295
Kazakhstan,2002,2.12,45.89466095,9.42059898,10.47688286546687,-8.356882865466869
Kyrgyz Republic,2002,2.4,51.66136932,7.56329107,11.123532569672728,-8.723532569672727
Lao PDR,2002,3.07,49.66936493,6.12984419,10.277726228433478,-7.2077262284334775
Lithuania,2002,12.08,25.60276031,12.7128334,7.228586351556985,4.851413648443015
Latvia,2002,9.19,47.58166504,8.16237354,10.451614703273167,-1.2616147032731675
Moldova,2002,9.58,46.51903915,11.53735256,11.242170810688542,-1.6621708106885418
North Macedonia,2002,6.58,42.5700264,12.38785744,10.672952136957266,-4.0929521369572655
Mongolia,2002,1.28,20.9937973,10.90433216,5.723997537642427,-4.443997537642427
Mozambique,2002,0.83,27.98241615,6.31664944,5.806699710093461,-4.976699710093461
Poland,2002,12.29,26.44939995,9.391572,6.409057396250708,5.880942603749292
Romania,2002,7.61,17.83514595,10.54747868,4.957598554904007,2.652401445095993
Russian Federation,2002,3.16,31.21293449,9.51892662,7.44162757658551,-4.28162757658551
Thailand,2002,3.98,27.89708328,8.71551132,6.508460942475128,-2.5284609424751276
Uganda,2002,9.57,44.01206207,8.74810505,9.882173572988972,-0.3121735729889714
Ukraine,2002,12.41,45.11745834,8.10631752,9.92040683927952,2.4895931607204798
United States,2002,6.32,14.32717609,17.22017479,6.226898188376964,0.09310181162303621
Uzbekistan,2002,6.2,62.07057571,5.58452082,12.702850248524149,-6.502850248524148
Viet Nam,2002,12.72,34.54223251,8.61995983,7.866946477770681,4.853053522229319
Armenia,2003,10.61,76.42555237,5.37522793,15.636612189424904,-5.026612189424904
Azerbaijan,2003,6.99,69.0607605,3.57235146,13.558442648631283,-6.568442648631283
Benin,2003,11.11,51.67531586,7.68920326,11.164213077243609,-0.054213077243609575
Burkina Faso,2003,8.46,52.65977097,5.56972933,10.733946470834296,-2.2739464708342947
Belarus,2003,4.05,20.16473579,10.07395458,5.301850308488046,-1.251850308488046
Bhutan,2003,5.38,19.00845528,7.6382122,4.329844529020187,1.0501554709798127
Canada,2003,3.3,15.2514801,16.36354446,6.162883911857889,-2.862883911857889
Czechia,2003,0.63,10.36722469,11.61948967,3.720266212833522,-3.090266212833522
Estonia,2003,10.04,21.09503937,11.07697296,5.7969175667375055,4.243082433262494
Georgia,2003,12.05,79.20792389,7.13276815,16.744621017210857,-4.6946210172108565
Hungary,2003,12.37,26.35519791,11.56948948,7.042691683551267,5.3273083164487325
India,2003,15.41,73.42475128,2.67687607,14.200796712406698,1.2092032875933025
Israel,2003,11.7,28.62854767,9.23413563,6.816720166955069,4.88327983304493
Jamaica,2003,10.37,44.69155502,6.13759899,9.240955014208122,1.129044985791877
Kazakhstan,2003,2.32,44.54787064,9.5652113,10.239124523112435,-7.919124523112435
Kyrgyz Republic,2003,1.28,51.07936859,8.07252979,11.154795996461358,-9.874795996461359
"Korea, Rep.",2003,8.33,45.23080063,7.48593473,9.757973578841723,-1.4279735788417227
Lithuania,2003,11.51,24.18149185,13.67591095,7.220791758350779,4.289208241649221
Latvia,2003,10.5,48.56236267,8.08213711,10.632263202573377,-0.13226320257337676
Moldova,2003,10.61,48.30680466,9.59353638,11.032283093565196,-0.42228309356519667
North Macedonia,2003,6.73,43.79019547,13.76112652,11.33958980247764,-4.60958980247764
Nigeria,2003,22.53,72.81436157,4.00685167,14.4723262283848,8.057673771615201
Nepal,2003,9.97,53.80937958,5.52154541,10.959469068388225,-0.9894690683882246
Panama,2003,11.93,33.06431961,17.18168831,10.126655379598706,1.803344620401294
Philippines,2003,2.94,47.70053482,5.4588623,9.665470079506795,-6.725470079506795
Poland,2003,11.73,27.58094215,8.952384,6.513521245119767,5.216478754880233
Romania,2003,7.95,15.12717533,12.99804401,5.127404139700594,2.8225958602994066
Russian Federation,2003,1.41,33.27987289,9.20299911,7.778325349685705,-6.368325349685705
Sierra Leone,2003,35.93,78.75598145,5.45097542,16.14580127231222,19.78419872768778
Serbia,2003,7.75,24.97764397,13.56351852,7.353271472093792,0.39672852790620805
Syrian Arab Republic,2003,5.54,51.56237793,7.51466179,11.088281451301288,-5.548281451301288
Chad,2003,6.28,47.41553116,8.98155689,10.662661105816841,-4.382661105816841
Ukraine,2003,10.22,41.02519226,9.38550282,9.449873656548847,0.7701263434511532
United States,2003,5.79,14.1500597,17.5054512,6.275498749779845,-0.4854987497798451
Uzbekistan,2003,6.66,59.28883362,6.01096392,12.250090926518903,-5.5900909265189025
Argentina,2004,16.9,28.15113449,14.93299007,8.42651784520024,8.47348215479976
Armenia,2004,16.46,71.58870697,6.27547503,14.896983010156278,1.5630169898437227
Azerbaijan,2004,7.63,65.92002106,3.55759931,12.898401059824359,-5.268401059824359
Belarus,2004,3.27,19.22298622,9.99574471,5.081803744470928,-1.8118037444709283
Canada,2004,3.2,15.28786945,16.9260788,6.3392205387862495,-3.1392205387862493
"Congo, Dem. Rep.",2004,5.81,72.11377716,2.49895263,13.873765478651176,-8.063765478651177
Costa Rica,2004,4.36,32.05981445,25.73747253,12.483403134725398,-8.123403134725397
Czechia,2004,0.82,10.70501423,13.14472771,4.248296112615359,-3.428296112615359
Estonia,2004,11.57,22.94197273,11.50922489,6.312117685409119,5.257882314590881
Ethiopia,2004,0.82,34.86631393,5.72665405,7.066707260510247,-6.246707260510247
Georgia,2004,11.76,79.43696594,6.25,16.52763323520023,-4.767633235200231
Honduras,2004,1.14,50.05726242,9.59641266,11.398546746831268,-10.258546746831268
Croatia,2004,2.39,18.12159729,10.59734058,5.032350910789624,-2.642350910789624
Hungary,2004,10.27,25.83203506,11.08648109,6.788598072558509,3.4814019274414907
Indonesia,2004,2.06,45.9106369,4.20149517,8.914670360683237,-6.854670360683237
Israel,2004,12.37,28.72548866,9.58080482,6.940944754066618,5.429055245933381
Jamaica,2004,10.2,40.38105011,7.64527464,8.793404433365007,1.4065955666349925
Kazakhstan,2004,2.63,41.03963089,10.94160748,9.919664280880411,-7.2896642808804115
Kyrgyz Republic,2004,8.62,46.596138,8.21259594,10.260954932025314,-1.6409549320253145
"Korea, Rep.",2004,8.25,44.82784653,8.29986382,9.91800863973878,-1.6680086397387797
Lithuania,2004,11.98,32.91969299,10.13123989,7.981578832184272,3.998421167815728
Latvia,2004,12.08,40.63125992,9.9400692,9.533992289958537,2.5460077100414633
Moldova,2004,9.44,38.17024994,15.25031948,10.613154712033236,-1.1731547120332362
Maldives,2004,7.33,59.50085068,9.60306931,13.37185378408605,-6.041853784086049
North Macedonia,2004,7.19,42.53265762,13.83370781,11.098855771357966,-3.908855771357966
Mauritania,2004,10.54,70.48690033,2.96115541,13.672806183300658,-3.1328061833006586
Malawi,2004,0.31,9.69992733,4.99515104,1.5939022313542948,-1.2839022313542947
Pakistan,2004,3.37,60.75031281,4.51193905,12.1055140150754,-8.735514015075399
Poland,2004,12.74,29.44409943,9.10989761,6.949696215890205,5.7903037841097955
West Bank and Gaza,2004,7.91,36.20000076,7.39701176,7.846157423167901,0.06384257683209871
Romania,2004,9.62,24.32698631,11.96030045,6.736540372882842,2.8834596271171575
Russian Federation,2004,2.44,33.80615234,9.44207001,7.959896878283407,-5.519896878283408
Serbia,2004,8.57,27.29331207,13.70559883,7.879276771945361,0.6907232280546394
Slovak Republic,2004,5.28,21.23348236,13.11000252,6.435654273258306,-1.155654273258306
Thailand,2004,3.83,26.40885162,10.7134676,6.797115245131215,-2.9671152451312146
Ukraine,2004,10.33,41.40994263,8.1810751,9.168902799187737,1.1610972008122626
United States,2004,5.58,13.973526,17.92694855,6.36508243204299,-0.7850824320429899
Viet Nam,2004,15.91,34.6751709,8.6892519,7.915482002638481,7.994517997361519
Zambia,2004,2.79,31.0702076,5.65226936,6.2519728613662755,-3.4619728613662755
Albania,2005,19.51,49.31101227,9.30094719,11.154140851962067,8.355859148037935
Armenia,2005,12.04,62.93592072,7.44000816,13.440068351154016,-1.400068351154017
Azerbaijan,2005,8.12,59.33625793,3.95949173,11.644621115977008,-3.524621115977009
Bangladesh,2005,12.34,65.38332367,4.38883734,13.035709830732078,-0.6957098307320777
Bulgaria,2005,10.34,38.86741257,11.16988087,9.534696606352744,0.8053033936472556
Bahrain,2005,3.23,27.47366142,9.13842487,6.546932545137493,-3.3169325451374934
Belarus,2005,2.35,21.783041,10.05169773,5.632988605265416,-3.2829886052654156
Canada,2005,3.7,15.36829376,17.13103867,6.417489529248848,-2.717489529248848
Czechia,2005,0.94,11.09285259,12.75457001,4.212222202343806,-3.2722222023438063
Estonia,2005,10.79,23.02486992,11.57533646,6.349253277192661,4.440746722807338
Gabon,2005,5.67,51.96595001,5.07680273,10.441253566196167,-4.771253566196167
United Kingdom,2005,2.03,13.43031788,17.72014999,6.189657679027811,-4.159657679027811
Georgia,2005,15.04,79.585495,5.57707214,16.35678339723824,-1.3167833972382397
Ghana,2005,3.11,23.53275681,13.63450813,7.072951593745403,-3.962951593745403
Hungary,2005,10.62,25.76445389,11.35830498,6.8560283789749885,3.7639716210250107
Indonesia,2005,2.14,55.3282814,4.2081809,10.882570467532046,-8.742570467532046
"Iran, Islamic Rep.",2005,11.31,56.094944,9.00558662,12.481660974062175,-1.1716609740621742
Israel,2005,12.7,30.24324989,9.57161617,7.2550149077938455,5.444985092206154
Kazakhstan,2005,1.7,34.41242981,11.53032875,8.712858921516789,-7.012858921516789
Kenya,2005,5.55,45.22662354,6.89238787,9.579058464644747,-4.029058464644748
Kyrgyz Republic,2005,4.61,42.56970215,13.06986713,10.877463349818967,-6.267463349818967
"Korea, Rep.",2005,9.59,44.41871262,8.8823719,10.007335534213324,-0.4173355342133238
Sri Lanka,2005,6.28,40.50283051,10.13588715,9.56592166968143,-3.2859216696814295
Latvia,2005,12.48,41.69103241,9.33693027,9.574294998974322,2.9057050010256784
Moldova,2005,10.75,42.76385117,13.57666016,11.070011229363491,-0.3200112293634909
Madagascar,2005,0.21,33.02706909,10.54040527,8.126728362657627,-7.916728362657627
North Macedonia,2005,7.06,41.23845673,13.46777534,10.718929789841486,-3.658929789841486
Niger,2005,3.74,51.34446335,12.34742451,12.492451369254375,-8.752451369254375
Poland,2005,14.61,27.74561501,8.9949913,6.560676718671547,8.049323281328451
West Bank and Gaza,2005,6.25,37.0,8.14653969,8.237985973871568,-1.9879859738715684
Romania,2005,10.06,18.49896812,13.16346741,5.880873237712151,4.17912676228785
Rwanda,2005,2.35,23.80013084,8.09271908,5.4664231932422105,-3.1164231932422104
Senegal,2005,1.38,39.51602173,8.54413509,8.882459803682039,-7.502459803682039
Serbia,2005,10.83,29.81834602,13.61884022,8.380342713034759,2.449657286965241
Slovak Republic,2005,5.1,23.60951996,12.70239162,6.809373445747465,-1.709373445747465
Trinidad and Tobago,2005,2.58,46.24819565,8.02571201,10.132264794751872,-7.552264794751872
Tunisia,2005,21.91,42.11570358,11.35010338,10.26682442689042,11.64317557310958
Uganda,2005,20.3,48.59907532,7.13526297,10.355897907638337,9.944102092361664
Ukraine,2005,8.2,37.95809555,8.43188095,8.523576819608797,-0.3235768196087978
Uruguay,2005,4.54,25.94186974,13.28085995,7.469762021964479,-2.9297620219644793
United States,2005,5.67,13.9126749,17.94141579,6.3567196774757875,-0.6867196774757875
"Yemen, Rep.",2005,15.4,64.78065491,4.50115108,12.943595369771408,2.456404630228592
South Africa,2005,1.75,11.31283569,10.91880608,3.7074782153188908,-1.9574782153188908
Armenia,2006,10.83,61.17357254,7.93185902,13.21972334801848,-2.38972334801848
Burundi,2006,12.46,39.72788239,6.48141956,8.30794279986467,4.1520572001353315
Belarus,2006,2.86,24.38873672,8.44287395,5.694326388801057,-2.8343263888010575
Canada,2006,4.0,15.88811302,16.78170395,6.421211546915073,-2.421211546915073
Switzerland,2006,9.11,27.3494606,9.34170818,6.5819839708639565,2.528016029136043
Chile,2006,9.19,40.74998093,13.40539932,10.598251861911217,-1.4082518619112179
Czechia,2006,0.92,11.6460247,12.71145344,4.3147611559394266,-3.3947611559394266
Spain,2006,5.42,22.04916763,14.68880463,7.079510279997223,-1.6595102799972228
Finland,2006,7.12,18.81658745,13.57497311,6.070612192864466,1.0493878071355338
Georgia,2006,16.29,77.264328,5.23038626,15.768255756166958,0.5217442438330409
Hungary,2006,10.09,25.01134109,10.65500927,6.487855218640312,3.602144781359688
Indonesia,2006,1.82,53.37503815,4.51137447,10.56578635645782,-8.74578635645782
India,2006,16.84,72.25708008,2.88599753,14.019779219985088,2.820220780014912
Iraq,2006,3.29,32.58729172,3.0470798,5.787192783258672,-2.497192783258672
Israel,2006,11.28,25.72410393,9.85081196,6.39541065165092,4.884589348349079
Kyrgyz Republic,2006,3.96,39.18014526,14.45895767,10.586585528463676,-6.626585528463676
Kiribati,2006,0.0,0.05934824,11.40626049,1.5045780772578647,-1.5045780772578647
"Korea, Rep.",2006,10.78,42.52562332,9.59643841,9.826355731570716,0.953644268429283
Sri Lanka,2006,5.55,40.94941711,9.56101894,9.48670456253359,-3.936704562533591
Latvia,2006,10.91,35.59818268,9.62257767,8.388121797913344,2.521878202086656
Morocco,2006,22.0,58.74881363,5.01113462,11.837450377025553,10.162549622974447
Moldova,2006,15.06,46.45158386,12.89050865,11.633988988701503,3.426011011298497
North Macedonia,2006,7.84,37.00005722,13.40144539,9.814284643757635,-1.9742846437576347
Mali,2006,3.38,56.74286652,5.54588985,11.579124898069765,-8.199124898069766
Mauritius,2006,4.94,52.91299438,7.30248404,11.306571234127478,-6.366571234127478
Peru,2006,10.74,40.32910538,11.56533909,9.95844252412186,0.7815574758781398
Philippines,2006,4.39,54.03545761,6.63096142,11.339447677988291,-6.949447677988291
Poland,2006,13.82,27.10572624,9.0035038,6.429656015476352,7.390343984523648
West Bank and Gaza,2006,7.15,41.29999924,6.95828247,8.779157823985022,-1.6291578239850217
Romania,2006,10.62,19.99056435,11.28106403,5.627583077506425,4.992416922493574
Serbia,2006,10.28,32.84013367,12.53220367,8.685175765432254,1.5948242345677457
Slovak Republic,2006,3.76,26.58822823,12.50330448,7.371447433697023,-3.6114474336970233
Seychelles,2006,0.07,19.81629562,7.90729713,4.579193889834677,-4.509193889834677
Togo,2006,10.65,73.64611053,3.83191919,14.593476822878367,-3.9434768228783668
Thailand,2006,3.59,17.65686226,12.11568642,5.390789684142915,-1.8007896841429147
Ukraine,2006,8.36,36.13279724,8.69689655,8.222048642404793,0.13795135759520605
United States,2006,5.42,13.67793274,18.57419968,6.497531106937729,-1.0775311069377294
Viet Nam,2006,14.41,34.69738388,8.76698685,7.943436619567414,6.466563380432586
Zambia,2006,1.85,25.69581223,6.74704027,5.4584826282100085,-3.6084826282100084
Afghanistan,2007,4.84,78.16998291,2.61078191,15.171518411259703,-10.331518411259703
Armenia,2007,8.3,58.22918701,7.19854879,12.385127702618655,-4.085127702618655
Bosnia and Herzegovina,2007,10.25,44.27066803,11.32833004,10.710133172626735,-0.46013317262673503
Belarus,2007,3.43,25.79533768,8.12453842,5.892459111226968,-2.4624591112269676
Bhutan,2007,3.43,14.33664703,7.46379232,3.3023039139242854,0.1276960860757148
Canada,2007,4.0,15.61163616,17.06818199,6.449431464851231,-2.449431464851231
Switzerland,2007,10.36,27.33333206,9.55602741,6.642905428837015,3.717094571162985
China,2007,18.44,51.29121017,7.90135717,11.147671296187983,7.292328703812018
Cameroon,2007,8.01,75.56835175,4.22608185,15.112971707960666,-7.102971707960666
Cabo Verde,2007,2.05,22.91623306,10.09019661,5.8810861039781175,-3.8310861039781177
Czechia,2007,1.42,13.63102531,12.40300465,4.636598104522572,-3.216598104522572
Dominican Republic,2007,17.66,46.18055725,10.32302856,10.807259650722626,6.852740349277374
Spain,2007,5.4,21.9079361,14.58656883,7.019361636897431,-1.6193616368974304
Georgia,2007,17.74,75.67359161,3.95363283,15.05321498147179,2.6867850185282087
Hungary,2007,11.54,26.2612381,9.79407406,6.490515831620361,5.049484168379638
Indonesia,2007,2.54,49.54561996,5.43742085,10.044192346873764,-7.504192346873764
India,2007,12.98,70.81672668,2.78734279,13.689518412286798,-0.7095184122867977
"Iran, Islamic Rep.",2007,11.41,53.21485901,11.53469467,12.639098441892768,-1.2290984418927682
Israel,2007,12.12,26.66324234,9.88249969,6.600957142423162,5.519042857576837
Kazakhstan,2007,3.29,32.77426147,7.57602596,7.184746369788581,-3.8947463697885807
Kyrgyz Republic,2007,2.64,42.91151428,10.42505074,10.155463415085789,-7.515463415085788
St. Kitts and Nevis,2007,4.13,51.09035492,6.48289871,10.680255982347864,-6.550255982347864
"Korea, Rep.",2007,11.83,40.57471085,10.11632919,9.575059696020553,2.2549403039794473
Lao PDR,2007,10.12,35.17124939,3.90299487,6.583327728730521,3.5366722712694783
Liberia,2007,7.86,42.22309875,4.25491762,8.160936766264049,-0.30093676626404875
Latvia,2007,15.37,36.82770538,9.7152071,8.672565181702133,6.697434818297866
Moldova,2007,14.45,45.09947968,13.18110943,11.438912796678162,3.0110872033218374
Pakistan,2007,2.71,71.69874573,2.82084775,13.883686576204305,-11.173686576204304
Panama,2007,3.31,29.96040154,22.24735832,10.998247906262044,-7.688247906262044
Poland,2007,14.18,26.29073715,9.54005432,6.420476657261942,7.759523342738058
West Bank and Gaza,2007,9.39,37.29999924,7.4269166,8.08474798886864,1.3052520111313601
Romania,2007,10.57,17.59607506,10.90507507,5.014959816972767,5.555040183027233
Serbia,2007,11.41,34.712883,13.55892181,9.384083798294549,2.025916201705451
Slovak Republic,2007,3.74,27.370327,13.72518253,7.901227742990945,-4.1612277429909446
Slovenia,2007,2.63,13.63123608,12.17958164,4.569623063889482,-1.9396230638894822
Syrian Arab Republic,2007,6.88,51.68701553,6.85482645,10.91637166426956,-4.03637166426956
Thailand,2007,3.14,14.81379414,12.38446522,4.877935065302028,-1.7379350653020276
Tajikistan,2007,6.46,70.61388397,5.30023098,14.400953827046738,-7.940953827046738
Timor-Leste,2007,2.36,18.25991249,1.27376139,2.2644780949606442,0.09552190503935565
Tanzania,2007,2.24,28.474226,10.88657188,7.280178857453865,-5.040178857453864
Ukraine,2007,9.07,36.4568634,8.16024208,8.12871867323109,0.9412813267689106
Angola,2008,12.26,21.6532383,4.0603714,3.8087058337975415,8.451294166202459
Albania,2008,13.91,56.23107147,7.25106478,11.983782235657026,1.926217764342974
Armenia,2008,8.26,71.43701172,6.69246197,14.990398652653925,-6.730398652653925
Belarus,2008,4.06,29.83945274,5.80340672,6.0403937250945905,-1.9803937250945909
Brazil,2008,15.07,30.88409233,8.77957535,7.151203771653273,7.918796228346728
Central African Republic,2008,6.75,57.97245407,5.28349304,11.75708644475562,-5.00708644475562
Canada,2008,4.3,15.50515175,17.28190994,6.491314142751719,-2.191314142751719
Switzerland,2008,6.9,26.49785995,9.77972221,6.535604621523301,0.3643953784766998
Colombia,2008,20.01,20.85275078,16.6930294,7.430960052467073,12.579039947532928
Czechia,2008,1.96,16.13297081,12.54553795,5.201623927875774,-3.241623927875774
"Egypt, Arab Rep.",2008,12.57,61.82380295,4.69924688,12.385786429695958,0.18421357030404195
Spain,2008,5.84,21.78303528,14.82287312,7.064172072084788,-1.2241720720847882
Fiji,2008,0.78,16.50561142,9.78181839,4.450392546429858,-3.6703925464298575
Georgia,2008,22.12,66.54589081,4.83068514,13.410929733995705,8.709070266004296
Grenada,2008,3.17,55.20097733,7.03745365,11.704678493800408,-8.534678493800408
Croatia,2008,2.27,14.51390839,13.83800697,5.251346503281388,-2.981346503281388
"Iran, Islamic Rep.",2008,12.6,55.47851181,9.47516823,12.493841237961476,0.10615876203852359
Israel,2008,11.04,25.34702873,9.93712139,6.34258754252764,4.6974124574723595
Jordan,2008,1.72,31.94139099,15.12543488,9.275444996366472,-7.5554449963664725
Kazakhstan,2008,3.65,23.87804604,8.41329765,5.578849957254524,-1.9288499572545237
Kyrgyz Republic,2008,3.67,48.67649078,10.38534927,11.346969546686177,-7.676969546686177
"Korea, Rep.",2008,11.1,41.62781525,9.79573822,9.698724910299516,1.4012750897004835
Lithuania,2008,12.85,28.17394638,11.67387962,7.453661326630339,5.3963386733696606
Latvia,2008,15.1,37.30623627,8.79956532,8.497796238937248,6.602203761062752
Moldova,2008,14.93,48.42182159,12.7215929,11.994599246818561,2.9354007531814386
Mexico,2008,3.58,48.59585571,9.43475246,11.04499172704394,-7.464991727043939
Malta,2008,16.2,32.99180222,12.02801418,8.56559685414602,7.6344031458539785
Mozambique,2008,1.19,11.20337486,5.66810656,2.1096036969584318,-0.9196036969584318
Panama,2008,3.09,29.21657181,20.06934547,10.189649320051641,-7.0996493200516415
Peru,2008,11.57,43.35043335,10.98999786,10.416550217456145,1.1534497825438557
Poland,2008,14.0,24.43056297,10.27323627,6.252101709872521,7.747898290127479
Romania,2008,11.48,18.1821537,10.79983711,5.105733643414313,6.374266356585688
Serbia,2008,9.58,35.14710617,12.92955971,9.285939627203,0.29406037279700037
Slovak Republic,2008,4.34,21.02014542,14.2542305,6.734349177523928,-2.394349177523928
Thailand,2008,2.97,14.7017622,13.49731636,5.188365024923757,-2.218365024923757
Ukraine,2008,5.83,37.78808594,6.77591944,7.991357852119233,-2.1613578521192327
United States,2008,4.56,13.35935974,18.201231,6.319152826498234,-1.7591528264982346
Viet Nam,2008,14.55,34.57612991,8.12048721,7.724198217412357,6.825801782587644
South Africa,2008,2.93,8.84287548,13.01471424,3.820582829733563,-0.890582829733563
Armenia,2009,9.74,73.63291931,6.34490108,15.344529314222207,-5.604529314222207
Australia,2009,2.33,19.05284309,15.88237,6.812067429131864,-4.482067429131864
Belgium,2009,11.45,21.65153122,14.38507843,6.905398143840384,4.544601856159615
Burkina Faso,2009,3.52,32.9610939,7.62939405,7.2397554207928385,-3.7197554207928385
Belarus,2009,3.53,30.91816902,6.73101664,6.543821641676835,-3.013821641676835
Botswana,2009,1.0,5.42353058,6.25206232,1.0782511053451858,-0.07825110534518576
Canada,2009,4.4,15.17220497,17.32548904,6.434885065328844,-2.0348850653288437
Switzerland,2009,9.05,26.20129585,9.97373199,6.531894187673644,2.5181058123263567
Cyprus,2009,16.05,49.92380524,6.12379742,10.329025780346303,5.720974219653698
Czechia,2009,2.19,15.05053902,13.54469585,5.2753829332550985,-3.0853829332550986
Spain,2009,5.54,20.15493011,14.7896204,6.714337156955557,-1.1743371569555574
Georgia,2009,26.06,68.90898895,5.88417959,14.220228018125948,11.839771981874051
Croatia,2009,2.46,13.74662781,13.51784134,4.995141413996101,-2.535141413996101
Indonesia,2009,3.5,49.22135544,5.41294384,9.969161218307839,-6.469161218307839
India,2009,13.97,66.75775146,3.1219337,12.94258949475513,1.0274105052448714
Ireland,2009,5.59,12.70052719,17.30187988,5.911850559856545,-0.32185055985654554
"Iran, Islamic Rep.",2009,13.72,56.02760696,12.3770647,13.478929383782727,0.24107061621727333
Israel,2009,12.37,25.41890717,9.99987602,6.376416051660412,5.993583948339587
Kazakhstan,2009,2.65,22.34545326,11.36352253,6.143891116238415,-3.4938911162384154
Kyrgyz Republic,2009,3.97,38.58998489,10.6962328,9.334706969674262,-5.364706969674261
Cambodia,2009,18.77,50.50344467,5.96768332,10.403194397092996,8.366805602907004
"Korea, Rep.",2009,12.11,39.17741013,10.08799362,9.274879234116517,2.8351207658834827
Sri Lanka,2009,4.69,53.28553009,7.83871508,11.545186969519955,-6.855186969519955
Latvia,2009,15.46,38.7826767,8.06122971,8.58452242493643,6.87547757506357
Moldova,2009,16.53,45.5789299,12.87592316,11.447450923863004,5.082549076136997
Maldives,2009,19.83,34.3166008,15.74485779,9.957065360181128,9.87293463981887
North Macedonia,2009,5.27,34.79013824,12.19207191,8.99020365866133,-3.7202036586613296
Mali,2009,4.41,61.83517075,2.92606354,11.856266829333045,-7.4462668293330445
Mongolia,2009,1.84,22.75947571,8.74871159,5.445965368070537,-3.605965368070537
Namibia,2009,1.22,7.75814581,13.49217892,3.73737256087743,-2.5173725608774298
Nigeria,2009,24.77,74.47493744,3.69395757,14.725107407973736,10.044892592026264
Nicaragua,2009,16.18,38.31826782,16.76971817,11.099818957496922,5.080181042503078
Peru,2009,10.64,40.27733994,11.67159462,9.979509619621316,0.6604903803786843
Philippines,2009,4.5,55.57599258,6.64473581,11.665159860087115,-7.165159860087115
Poland,2009,14.4,24.36023712,10.49800205,6.304843299159677,8.095156700840324
West Bank and Gaza,2009,8.89,39.20000076,8.17275143,8.705089699230848,0.18491030076915216
Romania,2009,12.15,20.78450394,10.44604111,5.542837225921978,6.607162774078023
Sudan,2009,18.36,52.47582245,14.01954556,13.230195388901171,5.1298046110988285
Serbia,2009,8.3,35.16513443,13.46972656,9.451733992365467,-1.1517339923654664
Slovak Republic,2009,4.48,22.41773987,13.17728996,6.703047029575916,-2.2230470295759153
Thailand,2009,3.22,15.90248966,12.45869255,5.127461371257717,-1.907461371257717
Tajikistan,2009,15.38,69.63989258,4.59137583,13.985005531619162,1.3949944683808386
Uganda,2009,16.77,42.84917831,7.03290558,9.124926900456199,7.645073099543801
Ukraine,2009,6.83,37.39500427,7.91855955,8.252055476874775,-1.4220554768747746
United States,2009,4.7,12.64764786,18.22518158,6.177770224520532,-1.4777702245205315
Armenia,2010,17.52,77.62413025,6.43608856,16.20503124516339,1.3149687548366096
Bangladesh,2010,14.22,67.95515442,4.43941641,13.58774088109046,0.6322591189095412
Bulgaria,2010,12.84,43.14134216,10.84995937,10.330896672683945,2.509103327316055
Belarus,2010,4.44,29.16505241,8.68532658,6.764089933012577,-2.3240899330125764
Switzerland,2010,8.15,24.06636429,10.25540829,6.170728964304034,1.979271035695966
Czechia,2010,1.95,13.85482121,14.69500732,5.37083469713245,-3.4208346971324497
Germany,2010,1.53,13.30298233,17.12050629,5.983204904582037,-4.453204904582036
Denmark,2010,2.93,13.7077713,15.79938507,5.671413080572992,-2.741413080572992
Spain,2010,5.7,21.3734436,14.74666214,6.955810879350582,-1.255810879350582
Estonia,2010,8.79,22.81398773,11.89297581,6.400513109229715,2.389486890770284
United Kingdom,2010,1.73,13.17372036,17.96255302,6.208806376109985,-4.4788063761099846
Georgia,2010,24.96,72.06796265,6.15339756,14.960406722071355,9.999593277928646
"Gambia, The",2010,0.61,18.03235817,6.30897522,3.727363963030259,-3.117363963030259
Guinea-Bissau,2010,6.26,48.0497551,2.52350521,8.85786458335947,-2.5978645833594705
Greece,2010,14.64,28.25885201,12.48673058,7.715211702104024,6.924788297895977
Croatia,2010,2.8,13.95677757,13.77554512,5.116311375825543,-2.316311375825543
Indonesia,2010,3.45,60.58386612,3.91489625,11.891677129176301,-8.441677129176302
"Iran, Islamic Rep.",2010,13.72,59.39722061,12.52360535,14.226279434981677,-0.5062794349816766
Israel,2010,9.71,23.8116951,10.65287113,6.236792676900866,3.4732073230991345
Italy,2010,9.29,20.54892731,13.98853397,6.5562847258673385,2.7337152741326607
Jordan,2010,2.29,21.85514641,17.02058601,7.73846147694505,-5.44846147694505
Japan,2010,9.1,14.57035923,18.93296623,6.791438808282354,2.3085611917176454
Kazakhstan,2010,3.37,27.29583359,8.20522785,6.2298854603792,-2.8598854603792
"Korea, Rep.",2010,12.7,38.7785759,11.28867626,9.551786751362235,3.1482132486377647
Lesotho,2010,4.51,23.46018219,7.1979928,5.1270739206739835,-0.6170739206739837
Luxembourg,2010,3.38,10.23186111,13.62410641,4.293324076234291,-0.9133240762342911
Latvia,2010,17.18,37.18564987,7.99293184,8.230662674351827,8.949337325648173
Moldova,2010,18.11,40.43186188,13.62691975,10.598294147310522,7.511705852689477
Madagascar,2010,1.64,36.15040588,15.20979691,10.179365212900267,-8.539365212900266
Mexico,2010,2.88,43.50876617,10.41032505,10.27572010635423,-7.39572010635423
North Macedonia,2010,7.88,37.78863525,12.50852871,9.711053498527392,-1.8310534985273916
Mongolia,2010,1.33,28.05504799,7.74286652,6.249676226424029,-4.919676226424029
Malawi,2010,1.64,10.92772293,5.77464294,2.084019651998169,-0.44401965199816895
Nigeria,2010,18.87,76.87748718,2.70293093,14.929356696388844,3.9406433036111572
Pakistan,2010,3.04,67.75833893,2.88974142,13.081808510682567,-10.041808510682568
Peru,2010,11.3,39.51519012,11.6243124,9.806230972307977,1.4937690276920232
Poland,2010,13.46,23.7143631,9.98204041,6.015249420275486,7.444750579724515
West Bank and Gaza,2010,6.04,36.0,9.46368885,8.424338460961028,-2.384338460961028
Romania,2010,12.26,19.63123703,11.44624329,5.602122938069169,6.657877061930831
Russian Federation,2010,3.8,35.32572556,8.59383297,8.02266029688276,-4.2226602968827605
Slovak Republic,2010,3.78,22.8006134,13.26732349,6.809977196609766,-3.029977196609766
Slovenia,2010,4.59,12.64016342,12.32549,4.4065080868733775,0.18349191312662239
Thailand,2010,2.77,14.4973793,11.56414127,4.565816458818035,-1.795816458818035
Tunisia,2010,16.69,42.10583115,13.03182125,10.769219758392477,5.920780241607524
Ukraine,2010,6.91,41.84223938,7.50049877,9.054994029687135,-2.144994029687135
Viet Nam,2010,11.32,34.67405701,8.6057291,7.8901955828655765,3.4298044171344237
Zambia,2010,0.29,14.23348141,8.63391781,3.6317649702568935,-3.3417649702568935
Armenia,2011,12.8,78.41966248,6.70101976,16.450565365769666,-3.6505653657696655
Benin,2011,6.67,44.48669815,4.4236145,8.684056972806507,-2.0140569728065074
Bosnia and Herzegovina,2011,8.56,29.46848488,13.38013935,8.235708778300191,0.3242912216998093
Belarus,2011,4.63,33.58686447,7.66490793,7.381035371875299,-2.7510353718752993
Switzerland,2011,9.19,23.55637932,10.50000191,6.13764117142189,3.052358828578109
Chile,2011,11.35,34.49925995,14.01050568,9.474950127910047,1.8750498720899529
"Congo, Rep.",2011,4.58,41.09134674,2.33683133,7.349329814800135,-2.769329814800135
Czechia,2011,2.05,14.21162128,14.7419138,5.459385539611126,-3.409385539611126
Ecuador,2011,18.37,44.4420433,7.96525431,9.737102725485556,8.632897274514445
Spain,2011,5.66,21.66048431,14.59857368,6.971308124103851,-1.3113081241038511
Ethiopia,2011,1.88,46.53789139,2.09114432,8.41257619426018,-6.532576194260181
Georgia,2011,23.97,75.05395508,5.04166079,15.250238486843312,8.719761513156687
Guatemala,2011,9.36,58.87919998,13.75957489,14.48889210839429,-5.128892108394291
Indonesia,2011,3.87,56.22341919,3.96251845,10.995736718886342,-7.125736718886341
India,2011,17.91,62.22489929,3.38130069,12.074176181567076,5.8358238184329245
"Iran, Islamic Rep.",2011,14.12,57.52153397,12.02372837,13.684792052717423,0.43520794728257606
Israel,2011,11.18,23.7593441,10.64939976,6.22482333178927,4.95517666821073
Japan,2011,9.2,13.12178326,21.69265366,7.316863603753344,1.8831363962466554
Kazakhstan,2011,1.83,24.59804726,8.67686558,5.808208356622356,-3.978208356622356
"Korea, Rep.",2011,12.28,38.95240021,11.05072784,9.516695712723514,2.763304287276485
Latvia,2011,18.6,34.29675293,8.57539368,7.802335347144287,10.797664652855715
Moldova,2011,15.63,44.79645157,13.03699017,11.332426218186598,4.297573781813403
Mali,2011,2.56,50.00246048,2.94121718,9.390782700775658,-6.830782700775657
Montenegro,2011,9.31,38.80132294,10.73071766,9.389167163972765,-0.07916716397276424
Mongolia,2011,1.75,32.00390244,5.62042999,6.437327135548227,-4.687327135548227
Niger,2011,6.63,57.73744583,8.29973888,12.612797012863982,-5.9827970128639825
Pakistan,2011,3.76,65.34801483,2.54319167,12.474710525247934,-8.714710525247934
Peru,2011,11.23,40.34396362,11.69203568,9.99954863771191,1.2304513622880897
Poland,2011,13.9,23.95442009,10.05437851,6.087059214867603,7.8129407851323975
Portugal,2011,18.38,26.65432167,12.53102016,7.393557896281573,10.986442103718426
Paraguay,2011,10.54,50.00536728,15.79585648,13.247328760992978,-2.7073287609929793
Romania,2011,13.02,24.27584076,8.84608936,5.791710249576314,7.228289750423685
Russian Federation,2011,3.91,34.19445038,9.03166866,7.917846541946759,-4.007846541946759
Senegal,2011,3.33,50.79880142,5.62811661,10.362990846520008,-7.032990846520008
Sierra Leone,2011,37.09,60.22754288,5.35433006,12.24907558746583,24.84092441253417
Chad,2011,8.69,60.77016068,3.68802667,11.862512466025574,-3.172512466025575
Togo,2011,11.12,62.1470108,5.66925287,12.74422239198127,-1.6242223919812702
Thailand,2011,2.2,13.00871277,12.84227848,4.638459602404756,-2.4384596024047562
Tanzania,2011,5.64,27.95462036,6.76211929,5.934522726507329,-0.2945227265073296
Ukraine,2011,7.01,46.30967712,7.49281168,9.985247459484615,-2.975247459484615
United States,2011,4.72,12.32011318,18.92724228,6.3199922007119635,-1.5999922007119638
Albania,2012,16.72,58.21257782,8.69734573,12.83124692335998,3.8887530766400182
Armenia,2012,13.9,78.58730316,7.04075432,16.587468078010517,-2.6874680780105162
Belarus,2012,5.73,30.77361488,8.85453033,7.150625912970146,-1.420625912970146
Bhutan,2012,4.01,20.50640488,6.45828485,4.288598688973343,-0.27859868897334295
Switzerland,2012,9.39,23.35357285,10.86467552,6.204695399140106,3.1853046008598946
"Congo, Dem. Rep.",2012,4.82,40.27502823,3.87759209,7.641100667149502,-2.8211006671495014
Costa Rica,2012,7.82,24.5027504,31.73282051,12.704290385651152,-4.884290385651152
Czechia,2012,2.1,14.21601486,14.37806797,5.351161740592653,-3.251161740592653
Djibouti,2012,2.25,22.94796562,7.13329363,5.000743341259204,-2.750743341259204
"Egypt, Arab Rep.",2012,26.2,60.88405991,4.38540936,12.095478720203776,14.104521279796224
Spain,2012,5.63,23.17375565,13.35083103,6.91291843162708,-1.2829184316270803
Finland,2012,6.28,17.46195984,13.77991772,5.849315409479832,0.43068459052016816
Georgia,2012,23.31,72.53357697,5.50601006,14.863408339193967,8.446591660806032
Ghana,2012,1.48,36.88100052,8.9727478,8.460978669607359,-6.980978669607358
Guinea,2012,6.97,62.39929199,2.63003397,11.8852263719712,-4.9152263719712
Haiti,2012,9.43,28.43981743,2.78391457,4.842484248583297,4.587515751416703
Indonesia,2012,3.45,53.61792374,4.07335424,10.485097076452869,-7.035097076452868
"Iran, Islamic Rep.",2012,13.87,54.96147537,15.60608864,14.22497230466511,-0.354972304665111
Iraq,2012,3.7,61.66325378,2.3523643,11.648290291197304,-7.948290291197304
Israel,2012,10.58,23.40835571,10.80281639,6.197575534823389,4.382424465176611
Japan,2012,9.3,12.9723444,22.22449875,7.445203660132995,1.854796339867006
Kazakhstan,2012,1.91,27.82034302,9.44636345,6.711671639627515,-4.801671639627515
"Korea, Rep.",2012,12.34,38.67206955,10.98243332,9.437691886527995,2.902308113472005
Lebanon,2012,26.6,37.33576584,10.07938385,8.88786092193074,17.712139078069264
Sri Lanka,2012,5.78,51.93098831,8.06339073,11.329826720218236,-5.549826720218236
Luxembourg,2012,3.59,11.46961975,10.58925629,3.641352908030292,-0.051352908030292355
Latvia,2012,17.77,37.82342148,8.40603542,8.487711411250828,9.282288588749172
Moldova,2012,16.31,42.21784973,13.17397022,10.835242864086077,5.474757135913922
Madagascar,2012,2.87,32.48873138,12.93699551,8.733245282565358,-5.863245282565358
Mexico,2012,2.52,40.64141083,10.65864182,9.751657741364458,-7.231657741364458
Montenegro,2012,7.78,35.91405106,11.60591507,9.048989427414698,-1.2689894274146978
Mongolia,2012,2.16,31.50933075,6.50338697,6.598943337750891,-4.4389433377508904
Mauritius,2012,5.59,51.61318207,8.31904316,11.340172701897211,-5.7501727018972115
Nigeria,2012,16.88,72.84432983,3.66798377,14.376933538534383,2.5030664614656164
Peru,2012,11.71,38.87478256,12.24156475,9.857702499812133,1.852297500187868
Philippines,2012,6.13,58.31450272,6.20142746,12.103835708722878,-5.973835708722878
Poland,2012,13.93,24.26416779,10.07476521,6.157833067848622,7.772166932151378
Romania,2012,11.99,22.42794037,9.60762787,5.634403375241715,6.355596624758285
Russian Federation,2012,3.05,33.39754486,9.24172211,7.814504427158426,-4.7645044271584265
Slovenia,2012,4.17,12.45996571,12.45778847,4.4085774385464225,-0.23857743854642255
Thailand,2012,2.52,13.42186832,12.64099789,4.6643270356994755,-2.1443270356994755
Uganda,2012,15.74,37.51226807,7.05044317,8.016129459330987,7.723870540669013
Ukraine,2012,7.69,43.93354416,7.64040852,9.533513316069385,-1.8435133160693846
United States,2012,4.99,12.33532524,19.64053917,6.537131613118356,-1.5471316131183555
Viet Nam,2012,9.14,40.77892303,9.5150404,9.437322679882355,-0.2973226798823543
Afghanistan,2013,14.63,72.04785919,1.77506959,13.642865943372746,0.9871340566272551
Armenia,2013,16.05,82.8755722,5.78087997,17.10470867911963,-1.0547086791196278
Burundi,2013,3.29,20.86187553,4.43170166,3.754898111006635,-0.4648981110066348
Belarus,2013,7.02,33.79212189,8.74394131,7.7475540451586,-0.7275540451586
Bolivia,2013,10.08,34.00916672,9.20546436,7.931301930642514,2.1486980693574864
Switzerland,2013,7.5,22.77101326,10.55523682,5.990267759493227,1.5097322405067732
China,2013,18.85,38.15951538,9.41684246,8.86107616227803,9.988923837721972
Czechia,2013,2.27,14.33172131,14.84314823,5.514822693096342,-3.2448226930963417
Ecuador,2013,10.31,35.9758606,8.26161385,8.058719276076614,2.2512807239233865
Spain,2013,5.93,24.2397728,13.88056183,7.29434572720487,-1.3643457272048707
United Kingdom,2013,1.64,15.75939178,18.97663307,7.052742986093496,-5.412742986093496
Georgia,2013,24.61,69.30553436,6.85161304,14.593201223517289,10.01679877648271
Haiti,2013,11.54,36.24164581,2.99846768,6.5354422710627,5.004557728937299
Indonesia,2013,3.74,50.89988327,4.34042978,9.997830548180064,-6.257830548180063
"Iran, Islamic Rep.",2013,15.81,47.86219025,16.34275436,12.963999467215547,2.846000532784453
Israel,2013,10.84,22.65417099,10.91187763,6.072857103789565,4.7671428962104345
Japan,2013,9.1,12.70128059,22.21854019,7.386832844461282,1.7131671555387173
Kazakhstan,2013,1.81,25.9552784,9.324193,6.285700223303986,-4.475700223303987
"Korea, Rep.",2013,12.31,38.26380157,11.52522659,9.515286495385821,2.7947135046141796
Lao PDR,2013,13.49,48.70332336,2.94007111,9.119249380207926,4.370750619792075
Luxembourg,2013,3.33,11.19933987,10.64737415,3.6023664048927224,-0.27236640489272235
Latvia,2013,18.04,38.47148514,8.42068386,8.627386055852327,9.412613944147672
Morocco,2013,13.4,51.66726685,6.00545788,10.657468537094827,2.7425314629051734
Moldova,2013,16.05,42.57612991,12.49917507,10.70761758997839,5.34238241002161
Montenegro,2013,9.13,42.07717514,10.68526936,10.059354970886934,-0.9293549708869335
Malawi,2013,6.62,6.70596313,7.15567255,1.6170048947321027,5.002995105267898
Malaysia,2013,1.1,33.66908646,6.81631851,7.143651920972618,-6.043651920972618
Nepal,2013,10.31,63.53343964,4.88382769,12.798033814789235,-2.488033814789235
Pakistan,2013,5.61,62.74438858,3.24930596,12.143023665491837,-6.533023665491837
Peru,2013,10.47,35.27772903,12.31632423,9.129257556202129,1.3407424437978719
Poland,2013,13.29,23.64557266,10.49304199,6.15417218394928,7.135827816050719
Romania,2013,12.55,20.17611694,11.520751,5.738214072319781,6.811785927680219
Russian Federation,2013,4.84,34.83225632,9.14695454,8.085567618948266,-3.2455676189482663
Rwanda,2013,1.63,12.30725574,8.30411816,3.130744984872738,-1.500744984872738
Saudi Arabia,2013,1.73,14.35986423,8.74786663,3.6923274997840028,-1.9623274997840028
Singapore,2013,9.01,36.19911575,13.96146393,9.815077248415356,-0.8050772484153566
Serbia,2013,9.03,37.86663818,13.17477703,9.927187332460777,-0.8971873324607778
Seychelles,2013,2.56,19.06869125,8.47202492,4.592533004354175,-2.032533004354175
Thailand,2013,2.2,12.54023266,12.16323185,4.336976217864193,-2.136976217864193
Tajikistan,2013,7.57,61.91825485,6.86730862,13.055845077356341,-5.485845077356341
Ukraine,2013,7.21,48.15446091,6.94465542,10.205910919827753,-2.995910919827753
United States,2013,4.77,12.28278923,20.36149597,6.742426597420443,-1.9724265974204434
Armenia,2014,19.47,82.48136902,6.27526045,17.170717124470983,2.2992828755290162
Burkina Faso,2014,3.13,34.07847595,7.77367115,7.516282387197103,-4.386282387197103
Belarus,2014,6.47,34.89439774,8.68483829,7.95992077777439,-1.4899207777743904
Bolivia,2014,6.25,30.90435982,8.95201874,7.2071614735812535,-0.9571614735812535
Canada,2014,3.5,14.71277905,18.96989441,6.83224551501665,-3.33224551501665
Switzerland,2014,8.7,22.61392593,10.79354095,6.028959274467867,2.6710407255321327
Cameroon,2014,10.71,68.98474121,2.9397316,13.352810245605859,-2.642810245605858
Comoros,2014,8.81,65.51406097,3.81965494,12.892266021843398,-4.082266021843397
Czechia,2014,2.05,14.45865345,14.96242809,5.577099015253445,-3.5270990152534454
Spain,2014,6.39,24.65292358,14.09342861,7.4444417968584915,-1.0544417968584918
United Kingdom,2014,2.03,15.74380684,19.27662277,7.139476043540572,-5.109476043540573
Guatemala,2014,11.45,55.55548096,16.46030045,14.605202005573585,-3.155202005573585
Indonesia,2014,4.38,45.24729156,5.40550184,9.137359361710576,-4.757359361710576
"Iran, Islamic Rep.",2014,15.96,40.10943604,23.14384651,13.385732087674167,2.5742679123258334
Japan,2014,9.1,12.8696804,22.57162476,7.527898555022341,1.5721014449776582
Kazakhstan,2014,1.93,23.80191422,10.03429031,6.0491984878009175,-4.119198487800918
Cambodia,2014,13.16,58.09806442,6.16770315,12.048538996403973,1.1114610035960268
"Korea, Rep.",2014,12.85,37.55163574,11.73864746,9.430643550427098,3.419356449572902
Liberia,2014,22.33,44.75351715,2.46118927,8.151095856375639,14.17890414362436
Luxembourg,2014,2.97,11.07252598,10.8537426,3.63779779638131,-0.66779779638131
Latvia,2014,18.84,39.10600662,8.37547684,8.746279295026604,10.093720704973396
Moldova,2014,16.34,38.34880066,12.75728226,9.90260303629781,6.43739696370219
Mexico,2014,2.62,40.87202454,10.34577084,9.705947126257989,-7.085947126257989
Mali,2014,3.46,33.55117416,4.45473289,6.410645659611815,-2.9506456596118147
Montenegro,2014,8.86,39.11519241,10.98364925,9.530556700412909,-0.6705567004129094
Mongolia,2014,3.04,34.67579269,7.48502493,7.554386099258362,-4.5143860992583615
Mozambique,2014,1.61,10.42445946,4.31728172,1.541808405300358,0.06819159469964209
Mauritania,2014,11.66,47.62082672,5.24069929,9.583390117721502,2.0766098822784986
Nicaragua,2014,24.73,35.33010483,16.91161156,10.518615223914987,14.211384776085014
Nepal,2014,10.2,60.04753494,5.26823664,12.185674673735214,-1.9856746737352147
Peru,2014,9.17,31.77192116,13.09590244,8.63128057727654,0.5387194227234602
Poland,2014,13.54,22.737463,10.47100353,5.957997258668198,7.582002741331801
Russian Federation,2014,4.87,35.82570648,9.16428947,8.298146129795379,-3.428146129795379
Sudan,2014,12.46,67.03178406,10.61807156,15.248370151915053,-2.7883701519150517
Thailand,2014,2.14,12.85608101,12.66222954,4.552590005296915,-2.412590005296915
Tajikistan,2014,8.42,62.18501282,7.56245518,13.3200492056318,-4.900049205631801
Timor-Leste,2014,2.61,7.90607214,3.71855545,0.8365085875509022,1.7734914124490977
Trinidad and Tobago,2014,3.88,42.83146667,7.47479582,9.25378118479027,-5.37378118479027
Ukraine,2014,7.76,48.13210297,7.71915102,10.433565207653025,-2.6735652076530254
United States,2014,4.9,11.9760685,21.47860718,7.013493942502457,-2.1134939425024566
Viet Nam,2014,9.82,41.02820969,9.12324142,9.37183434486649,0.4481656551335096
"Yemen, Rep.",2014,15.83,79.96547699,2.82031083,15.609171728779579,0.22082827122042126
South Africa,2014,1.03,5.66398144,14.9161272,3.727358704487179,-2.697358704487179
Armenia,2015,22.43,81.62987518,6.11530304,16.94498968922509,5.485010310774911
Australia,2015,2.47,16.91646767,18.28901672,7.088017128155217,-4.618017128155216
Benin,2015,5.55,51.40564728,3.25478005,9.777750007067693,-4.227750007067693
Bulgaria,2015,13.07,42.50993729,10.23375225,10.014253054323433,3.0557469456765673
Bahrain,2015,4.88,25.89375496,8.8659935,6.135413737459449,-1.255413737459449
Bosnia and Herzegovina,2015,8.18,28.80271149,14.9841013,8.577863438529366,-0.3978634385293667
Belarus,2015,8.32,36.20293045,8.82638741,8.275531361674398,0.04446863832560233
Bolivia,2015,6.02,27.32661629,9.67435074,6.676996373173993,-0.6569963731739934
Botswana,2015,4.32,3.57781744,10.41588783,1.9419671422780547,2.3780328577219456
Canada,2015,3.3,14.70200253,19.06813622,6.859465045378293,-3.5594650453782934
Switzerland,2015,7.95,22.04629517,10.92490101,5.949872077677623,2.0001279223223776
Cyprus,2015,14.74,43.62483215,6.62951279,9.16583781827951,5.5741621817204905
Czechia,2015,2.16,14.51374149,14.75402832,5.526085822570379,-3.366085822570379
"Egypt, Arab Rep.",2015,31.22,58.8299675,5.05797672,11.868441895245555,19.351558104754446
Spain,2015,7.02,23.8731041,14.77256393,7.485374371028024,-0.46537437102802404
Ethiopia,2015,2.12,36.74348068,5.57211685,7.412202392517864,-5.292202392517864
Georgia,2015,29.06,62.316185,9.60857868,13.961195881480709,15.09880411851929
"Gambia, The",2015,0.2,23.41558647,5.0990448,4.488154234933478,-4.288154234933478
Hungary,2015,12.48,27.48835373,9.2215929,6.574946985824969,5.9050530141750315
Indonesia,2015,3.61,42.71576691,6.57872438,8.960839446659968,-5.350839446659968
"Iran, Islamic Rep.",2015,17.03,38.95087051,25.84053993,13.952799386326149,3.0772006136738526
Israel,2015,11.63,22.50102615,11.64865208,6.261895146083412,5.368104853916589
Japan,2015,9.2,12.94767094,23.15028763,7.717757250799835,1.4822427492001644
Kazakhstan,2015,2.54,32.09503555,8.39476204,7.28855275033735,-4.74855275033735
Kenya,2015,5.19,26.89801407,8.07448006,6.107622534530785,-0.9176225345307847
"Korea, Rep.",2015,13.51,37.70632935,12.11640549,9.576249317450378,3.933750682549622
Luxembourg,2015,3.35,10.71509171,10.63425922,3.497347572353294,-0.147347572353294
Latvia,2015,19.42,40.46530914,8.5845499,9.092742673322435,10.327257326677566
Moldova,2015,18.49,46.18740845,12.21473503,11.376135159251525,7.113864840748473
Mali,2015,2.13,34.17124557,4.39033413,6.520765659594087,-4.390765659594087
Malta,2015,15.94,37.21007919,13.9868679,10.033732012509477,5.906267987490523
Myanmar,2015,13.82,70.4500351,4.81628418,14.221584044171985,-0.4015840441719849
Montenegro,2015,10.27,37.72554779,11.63480854,9.435798956195722,0.8342010438042777
Namibia,2015,1.52,7.3291502,12.35063553,3.3053986565306794,-1.7853986565306794
Nigeria,2015,18.53,71.89007568,5.33124638,14.676657135016397,3.8533428649836043
Nepal,2015,9.84,59.4352417,5.1459527,12.02118009645833,-2.1811800964583306
Pakistan,2015,4.47,64.43975067,3.85042071,12.677236805506727,-8.207236805506728
Peru,2015,8.26,30.14810181,13.54340839,8.4265509866845,-0.1665509866845003
Philippines,2015,6.31,51.1785965,8.25687599,11.230806785869474,-4.920806785869474
Poland,2015,14.77,23.03758621,10.63470554,6.069751586854409,8.70024841314559
El Salvador,2015,2.3,35.22028351,17.73853302,10.743737802756327,-8.443737802756328
Serbia,2015,8.05,40.58773422,11.91801167,10.11821959174363,-2.0682195917436292
Slovak Republic,2015,2.65,18.443573,12.02904129,5.529021832211418,-2.8790218322114183
Slovenia,2015,2.51,12.49877739,12.36574936,4.3890707243813205,-1.8790707243813207
Togo,2015,26.45,66.96256256,4.03825331,13.260206597463247,13.189793402536752
Thailand,2015,1.88,11.91061687,12.47859097,4.300143141371723,-2.4201431413717227
Tunisia,2015,16.74,39.67178345,12.1791687,10.005356544822295,6.734643455177704
Ukraine,2015,7.13,48.23913574,8.56910324,10.710863604705779,-3.5808636047057787
United States,2015,4.4,11.75374031,22.3181076,7.218904419344736,-2.8189044193447357
Zambia,2015,0.28,12.25534916,7.56145144,2.897135826957998,-2.6171358269579983
Afghanistan,2016,23.84,75.97433472,2.14110541,14.572299449979058,9.267700550020942
Armenia,2016,19.29,80.6469574,6.05354738,16.72128511417008,2.5687148858299196
Bangladesh,2016,24.42,71.49494171,4.09935808,14.224651416338338,10.195348583661664
Bulgaria,2016,22.29,43.25471497,11.82779217,10.647878199370933,11.642121800629067
Belarus,2016,9.53,26.71418381,10.30651379,6.738780268880084,2.7912197311199156
Barbados,2016,16.37,45.05650711,9.28489876,10.261216403542829,6.108783596457172
Canada,2016,3.4,15.60679913,18.96101761,7.016205808607551,-3.616205808607551
Switzerland,2016,7.15,21.27206993,11.17563915,5.8634683530274865,1.2865316469725139
Chile,2016,14.6,34.75082779,16.75084496,10.349469199509548,4.250530800490452
Colombia,2016,8.19,15.61221027,17.65917969,6.6268298135022095,1.56317018649779
Spain,2016,7.28,21.95563507,15.09663391,7.182320169603209,0.09767983039679162
Finland,2016,6.72,19.27291298,13.35685921,6.100441781811057,0.619558218188943
United Kingdom,2016,2.09,15.67987061,19.95613861,7.3299604495391515,-5.239960449539152
Georgia,2016,30.74,60.7001152,10.32651424,13.839203340900415,16.900796659099584
Ghana,2016,1.33,37.82372665,6.53767872,7.927333874612744,-6.597333874612744
Greece,2016,16.89,34.30815125,8.80892181,7.8747649179281956,9.015235082071804
Hungary,2016,11.91,27.68942833,10.11028862,6.883497914922438,5.026502085077563
Indonesia,2016,4.31,38.12414932,8.12968636,8.467592123259053,-4.157592123259053
"Iran, Islamic Rep.",2016,15.78,36.55317688,24.21533966,12.964787815034283,2.8152121849657163
Japan,2016,9.4,12.85439873,23.17672729,7.706218027175764,1.6937819728242367
Kyrgyz Republic,2016,3.47,57.21311569,6.41580772,11.938232219523151,-8.46823221952315
"Korea, Rep.",2016,13.95,36.48467636,12.69531536,9.494886853612606,4.455113146387394
Liberia,2016,6.75,46.7549324,3.89701653,8.999580706206814,-2.249580706206814
St. Lucia,2016,6.17,45.42465591,8.51580906,10.107366117723606,-3.937366117723606
Sri Lanka,2016,5.44,50.1216011,8.56482697,11.10253778927206,-5.662537789272059
Luxembourg,2016,3.52,10.74443722,10.69193459,3.520773907778125,-0.0007739077781248049
Latvia,2016,21.41,43.32296753,9.13275623,9.85370973039978,11.55629026960022
Moldova,2016,17.15,46.29189682,12.20803356,11.395936472396341,5.754063527603657
Maldives,2016,10.27,18.93492508,19.74809265,7.94703324151041,2.3229667584895894
Mexico,2016,1.54,41.3722229,10.41155815,9.830095357373638,-8.290095357373637
Mali,2016,1.95,35.75055695,5.43063307,7.162493487091911,-5.212493487091911
Mongolia,2016,4.49,34.81768417,6.46197653,7.277126856757486,-2.787126856757486
Malaysia,2016,1.96,35.94845581,8.26288128,8.053378823063998,-6.093378823063998
Nepal,2016,10.66,55.44006729,5.31455946,11.237779934083278,-0.5777799340832779
Peru,2016,8.46,29.5966835,14.63433075,8.63868298350697,-0.17868298350696854
Poland,2016,15.04,22.74558067,10.94734287,6.102576822730802,8.937423177269197
West Bank and Gaza,2016,9.0,42.70000076,8.7594099,9.61167721852128,-0.6116772185212795
Romania,2016,13.42,20.75498581,11.41569424,5.827537242496446,7.592462757503554
Rwanda,2016,1.15,13.24364662,6.23024607,2.7041241145011954,-1.5541241145011955
El Salvador,2016,4.9,34.5382576,17.65205383,10.57542698151138,-5.6754269815113805
Suriname,2016,4.87,21.82023811,13.70886993,6.737776268532393,-1.8677762685323929
Eswatini,2016,5.0,10.58516216,8.21805286,2.745448460167868,2.254551539832132
Thailand,2016,1.99,10.8130331,13.58028507,4.401496483629854,-2.411496483629854
Tajikistan,2016,9.15,66.00267029,6.09424782,13.676559004493534,-4.526559004493533
Uganda,2016,15.27,40.60963821,5.17819309,8.101083642567081,7.168916357432918
Ukraine,2016,8.93,48.35792542,8.93867588,10.846519244897122,-1.9165192448971222
Uruguay,2016,2.11,16.43923569,20.24422646,7.574891005908569,-5.464891005908569
United States,2016,4.47,11.62600517,22.4877243,7.243119272422854,-2.7731192724228544
Viet Nam,2016,9.39,41.35647964,9.59658623,9.582346129338992,-0.19234612933899164
Albania,2017,8.85,57.18074036,9.51418209,12.860877243531016,-4.0108772435310165
Argentina,2017,9.57,20.74797821,16.25163269,7.276685733807506,2.2933142661924943
Armenia,2017,21.44,84.34803009,5.27347183,17.259873638076268,4.180126361923733
Bulgaria,2017,21.16,42.19384384,11.83658028,10.42906183025764,10.73093816974236
Belarus,2017,10.2,27.05755615,10.1955843,6.7771828930344755,3.4228171069655238
Brazil,2017,11.81,24.46793365,8.92413235,5.855219001395383,5.954780998604617
Bhutan,2017,3.98,13.3064661,7.58420563,3.1233776285964945,0.8566223714035055
Canada,2017,3.8,15.82835293,18.80901527,7.0168589035463915,-3.2168589035463917
Switzerland,2017,7.9,21.55899429,11.32075405,5.966891996775196,1.9331080032248042
Djibouti,2017,1.47,26.03968811,4.8029952,4.947120220082316,-3.477120220082316
"Egypt, Arab Rep.",2017,31.14,56.39825058,5.41994762,11.469409499940992,19.670590500059006
Spain,2017,7.09,24.08994675,15.28122902,7.683221004760706,-0.5932210047607063
Gabon,2017,3.83,25.15639114,9.7150774,6.236187347769088,-2.4061873477690883
United Kingdom,2017,2.2,15.82855606,19.74937057,7.298974793468622,-5.098974793468622
Georgia,2017,31.39,62.44371033,9.5190258,13.960953558999146,17.429046441000857
Hungary,2017,11.61,27.24947357,9.88214207,6.723223231375774,4.886776768624226
Indonesia,2017,4.52,36.17775345,8.2089262,8.085059139323743,-3.5650591393237434
India,2017,17.46,55.11247635,3.66080451,10.6733284012645,6.7866715987355
"Iran, Islamic Rep.",2017,16.86,32.80345154,24.50479889,12.268875624997555,4.591124375002444
Iraq,2017,19.57,58.04656601,4.77492046,11.620003136851974,7.9499968631480264
Israel,2017,11.84,22.43102837,11.76447964,6.282027587507592,5.557972412492408
Jordan,2017,6.36,33.99718094,11.0992403,8.496866065085682,-2.136866065085681
Japan,2017,9.6,12.65492725,24.46199036,8.050112851534912,1.5498871484650873
Kazakhstan,2017,2.84,33.14392471,7.85734415,7.346297607370393,-4.506297607370393
"Korea, Rep.",2017,13.21,35.78922272,13.17136097,9.49251068671663,3.7174893132833713
Luxembourg,2017,4.69,10.66126442,10.54775524,3.460163197700908,1.2298368022990922
Moldova,2017,16.29,43.63447952,11.64592075,10.672597466262975,5.617402533737025
Mali,2017,1.51,37.50244141,5.13726282,7.44019142767258,-5.93019142767258
Myanmar,2017,12.71,75.68733215,3.52443361,14.927338605564346,-2.217338605564345
Mauritius,2017,8.2,47.39693832,10.20433331,11.025569808310935,-2.825569808310936
Panama,2017,6.2,31.91596031,20.79706573,10.971426047106757,-4.771426047106757
Peru,2017,7.97,28.94732857,14.43339157,8.442858127449526,-0.47285812744952604
Poland,2017,15.51,22.73643494,10.93835545,6.097971779520562,9.412028220479439
Qatar,2017,1.3,6.88137674,7.82535124,1.8545017984181287,-0.5545017984181286
El Salvador,2017,3.9,37.28125,16.31419945,10.746706164560724,-6.8467061645607235
Thailand,2017,2.22,11.83790398,13.10431576,4.472660034196275,-2.2526600341962744
Tajikistan,2017,8.85,63.15241241,5.88567734,13.019015572544975,-4.169015572544975
Ukraine,2017,7.3,49.17758942,8.44696903,10.870125993781672,-3.570125993781672
United States,2017,4.5,11.34881878,22.58487129,7.214398428765391,-2.7143984287653913
Zimbabwe,2017,11.82,10.54844856,6.97941875,2.3662380166228245,9.453761983377175
Angola,2018,35.53,36.24733353,5.36431932,7.246301767937211,28.28369823206279
Benin,2018,14.29,49.22253418,4.02434921,9.552877768111745,4.737122231888254
Burkina Faso,2018,8.37,36.23123169,8.78502369,8.26903146942395,0.10096853057604882
Bulgaria,2018,21.28,39.32843781,11.4341774,9.710213387529024,11.569786612470978
Belarus,2018,9.99,25.44559479,10.30541611,6.473638254062094,3.516361745937906
Belize,2018,6.2,22.96988678,12.2098484,6.5281070182088605,-0.32810701820886035
Bolivia,2018,4.26,22.10827065,12.72148514,6.501721199853181,-2.241721199853181
China,2018,24.33,35.75046921,8.76146317,8.161606948981678,16.16839305101832
Costa Rica,2018,7.41,22.4164257,27.91470909,11.12347965053172,-3.7134796505317205
Czechia,2018,3.85,14.15549374,15.55631256,5.691960105403392,-1.8419601054033916
Dominican Republic,2018,8.17,28.47889519,15.66787052,8.715374811180611,-0.5453748111806114
Spain,2018,7.06,24.14520836,15.11951733,7.646248824576605,-0.5862488245766055
Ethiopia,2018,3.48,35.49158096,4.76060486,6.907448435968178,-3.4274484359681776
United Kingdom,2018,2.27,16.17838669,20.01935196,7.452985414220973,-5.182985414220973
Georgia,2018,29.99,58.10008621,10.32494736,13.29598795537617,16.69401204462383
Guinea,2018,1.5,67.11582947,3.87917757,13.244483313480824,-11.744483313480824
Guinea-Bissau,2018,5.05,66.98523712,2.59429789,12.831804023261318,-7.781804023261318
Hungary,2018,12.31,26.78894615,9.88008499,6.626472971659418,5.683527028340582
Indonesia,2018,4.74,35.23954773,8.40313911,7.947469583546694,-3.207469583546694
"Iran, Islamic Rep.",2018,17.0,39.99976349,20.78560066,12.655447653728341,4.344552346271659
Israel,2018,12.81,21.83692932,11.75612926,6.155507029974291,6.65449297002571
Japan,2018,9.7,12.99456692,24.48888969,8.129080090266202,1.5709199097337976
Kazakhstan,2018,2.61,33.47025299,9.09603882,7.785982092157972,-5.175982092157971
"Korea, Rep.",2018,11.96,34.67647934,13.71217537,9.422455356861052,2.537544643138949
Moldova,2018,13.09,40.02738953,12.02570248,10.033553390362433,3.0564466096375664
Mexico,2018,2.51,42.30939865,10.41115475,10.02560594160929,-7.515605941609291
North Macedonia,2018,8.41,41.23317337,12.41411114,10.401764741494034,-1.991764741494034
Mali,2018,2.06,32.55354691,5.66878557,6.566568133750977,-4.506568133750976
Mongolia,2018,7.18,43.93989944,7.37636042,9.455634819766143,-2.275634819766143
Niger,2018,6.52,48.96118927,8.3492775,10.795649330909312,-4.275649330909312
Nigeria,2018,15.79,75.94579315,3.8811214,15.088285058930754,0.7017149410692447
Pakistan,2018,5.39,56.24115753,4.89949369,11.28049911288723,-5.8904991128872295
Peru,2018,9.21,29.74592972,14.89298248,8.747423933044065,0.4625760669559362
Poland,2018,14.35,20.42033195,10.82728767,5.5811783654559,8.7688216345441
Saudi Arabia,2018,1.31,15.89835358,11.04889965,4.7037097394347684,-3.3937097394347684
Senegal,2018,6.86,48.3353653,4.96151876,9.648802781389504,-2.7888027813895038
Sierra Leone,2018,16.4,60.98888779,3.59921885,11.881531632442611,4.518468367557388
El Salvador,2018,3.41,37.49291611,16.46056175,10.834794133698633,-7.424794133698633
Serbia,2018,8.97,38.31092453,12.44849491,9.802071214681362,-0.8320712146813616
Slovenia,2018,3.69,11.98157787,13.72664261,4.689327516538334,-0.9993275165383344
Chad,2018,9.3,64.376091,4.86149549,12.967234952645994,-3.667234952645993
Togo,2018,13.68,64.66403961,5.4890213,13.215578695421891,0.46442130457810826
Thailand,2018,2.04,10.11109638,13.12356186,4.117969189971602,-2.0779691899716024
Tajikistan,2018,9.8,68.41996002,6.14457893,14.196255872157199,-4.396255872157198
Tanzania,2018,4.3,20.79366684,9.41473198,5.235393509088312,-0.9353935090883123
Ukraine,2018,7.78,50.65900421,8.35254765,11.151042158771736,-3.3710421587717354
United States,2018,4.51,11.32081032,22.58873749,7.209711501636197,-2.699711501636197
Viet Nam,2018,10.03,44.58100891,10.21770763,10.44176793057349,-0.41176793057349137
United Arab Emirates,2019,0.372,12.23162079,7.91993999,2.9997165725354873,-2.6277165725354874
Armenia,2019,24.86,84.79430389,5.66885042,17.471631120333086,7.388368879666913
Belarus,2019,9.33,25.69003105,11.04388905,6.746179205835185,2.583820794164815
Bolivia,2019,4.55,23.99159813,13.54663086,7.14237274790173,-2.59237274790173
Canada,2019,3.5,15.42836094,18.92759895,6.968933147473917,-3.4689331474739173
Czechia,2019,4.64,14.309021,15.68214798,5.761754486897962,-1.121754486897962
Spain,2019,7.87,23.84757805,15.22969532,7.6171692378354265,0.25283076216457356
United Kingdom,2019,2.22,16.03681946,20.52682686,7.575658441930199,-5.355658441930199
Georgia,2019,31.0,56.99837112,9.38722324,12.784725227675699,18.2152747723243
Indonesia,2019,2.53,34.55001068,8.54535389,7.846190983120883,-5.316190983120883
"Iran, Islamic Rep.",2019,15.35,39.13536072,19.4479351,12.073754545333237,3.2762454546667623
Japan,2019,10.5,12.9017725,24.6980896,8.172462244769218,2.3275377552307823
Kazakhstan,2019,2.91,33.86382675,8.2512455,7.614730741289561,-4.704730741289561
Kyrgyz Republic,2019,4.29,46.181427,7.09393597,9.838827101819422,-5.548827101819422
Cambodia,2019,17.86,64.39125061,6.99103546,13.609186485373838,4.250813514626161
Lao PDR,2019,8.4,41.83228683,5.16324902,8.35182382720915,0.04817617279084985
Luxembourg,2019,4.52,9.58771706,10.89836788,3.341236043624314,1.1787639563756858
Morocco,2019,8.2,46.55796814,7.30722809,9.981408646458899,-1.7814086464588996
Moldova,2019,14.05,35.6937027,12.1204834,9.157344996984605,4.8926550030153955
North Macedonia,2019,9.73,39.08806229,13.55631161,10.296601543723522,-0.5666015437235217
Mali,2019,1.8,31.07923317,4.83501434,6.008709175270625,-4.208709175270625
Mozambique,2019,3.58,9.71002865,6.52060223,2.053592498102527,1.5264075018974732
Malawi,2019,2.91,11.85419559,7.93860054,2.926528119742634,-0.016528119742633685
Malaysia,2019,1.52,36.0626564,8.52427959,8.155628018540176,-6.635628018540176
Peru,2019,8.41,28.34798813,15.34553719,8.59135984773434,-0.1813598477343401
Poland,2019,14.86,20.09078407,11.01052094,5.5673501293107766,9.292649870689223
Russian Federation,2019,7.2,36.57374573,10.19961929,8.764858752047214,-1.564858752047214
El Salvador,2019,4.06,37.6710701,16.971138,11.025137949223813,-6.965137949223814
Serbia,2019,8.53,37.03455734,12.03067684,9.41030409131013,-0.8803040913101299
Thailand,2019,1.87,8.66960335,13.28045177,3.864124888440729,-1.9941248884407288
Ukraine,2019,8.32,51.11891937,7.65581417,11.038052042733472,-2.718052042733472
United States,2019,4.35,11.30872917,22.48074913,7.174796904609737,-2.8247969046097374
Afghanistan,2020,26.08,74.81396484,4.24602795,14.961479665648758,11.11852033435124
Armenia,2020,23.18,77.84781647,7.6896224,16.627740849972803,6.552259150027197
Burundi,2020,4.77,20.45733452,7.33287811,4.540702643133423,0.22929735686657615
Belarus,2020,13.5,24.76618576,11.93542862,6.82076078138676,6.67923921861324
United Kingdom,2020,2.36,12.40982437,20.36441803,6.769821176462125,-4.409821176462126
Georgia,2020,30.67,54.57889175,10.73317242,12.683406216430994,17.986593783569006
Indonesia,2020,2.23,31.19621658,10.24196243,7.655023072017803,-5.425023072017803
"Iran, Islamic Rep.",2020,13.82,37.40495682,19.02957344,11.587046065030872,2.232953934969128
Japan,2020,10.9,11.5586462,21.95446396,7.069099033961012,3.830900966038988
Kazakhstan,2020,3.43,27.74455261,10.06113434,6.880260328389521,-3.4502603283895206
Kyrgyz Republic,2020,4.91,46.02117538,6.9168787,9.752264285908021,-4.842264285908021
Luxembourg,2020,3.8,8.38729095,10.71037102,3.0342595816847076,0.7657404183152923
Moldova,2020,11.97,30.92627144,12.3761425,8.23885202540027,3.7311479745997307
Mexico,2020,4.44,38.76134109,11.5203886,9.617694600738051,-5.177694600738051
Mongolia,2020,14.71,43.71080399,6.92067099,9.271121297477048,5.438878702522953
Peru,2020,9.67,22.49866867,16.6725502,7.768395615247325,1.901604384752675
Poland,2020,15.24,19.53498077,9.6803627,5.052327824981775,10.187672175018225
Russian Federation,2020,7.7,24.88454437,15.01321125,7.768694099374656,-0.06869409937465587
Thailand,2020,1.9,10.54276752,12.15377808,3.9171777727077752,-2.0171777727077753
United States,2020,3.98,10.06959915,22.29912567,6.861652956006811,-2.881652956006811
Viet Nam,2020,8.46,42.40335083,8.42611885,9.449777181192157,-0.9897771811921565
Armenia,2021,19.89,78.65647888,7.6349659,16.78015078195443,3.1098492180455715
Belarus,2021,16.54,21.92699814,13.27325821,6.629393804985333,9.910606195014665
Bolivia,2021,5.69,22.73787498,16.9197998,7.892495126602083,-2.2024951266020825
Georgia,2021,31.41,51.89904404,14.22989559,13.17289286810566,18.23710713189434
Indonesia,2021,1.97,27.1673317,12.14989853,7.386323561113114,-5.416323561113114
"Iran, Islamic Rep.",2021,15.36,41.70082092,16.05150604,11.590474673009414,3.7695253269905855
Japan,2021,11.1,10.81970024,24.53560448,7.689098392734895,3.410901607265105
Kazakhstan,2021,3.72,25.03029823,11.61758327,6.780550759002962,-3.0605507590029615
Luxembourg,2021,4.34,8.79836845,11.51112652,3.3602687836393597,0.9797312163606402
Moldova,2021,14.15,29.41590118,14.62191486,8.597221086515207,5.552778913484794
Mali,2021,1.7,44.09402466,5.03743124,8.78621140823867,-7.086211408238669
Mongolia,2021,14.03,30.87066269,11.73573017,8.035142772112518,5.994857227887481
Peru,2021,12.59,25.10678101,18.98254204,9.005744593121696,3.584255406878304
Poland,2021,16.09,19.84747887,10.53453255,5.373781406619635,10.716218593380365
Thailand,2021,2.05,9.04449558,13.70460606,4.069613458062838,-2.019613458062838
United States,2021,4.61,10.72964573,21.24764442,6.684027609133833,-2.0740276091338323
