iso3,year,fpe_score,CHE_pc,OOP_pct,GGHE_pct,CHE_pct_GDP,UHC_index,Impoverishing_incidence,CHE_incidence_10
BGD,2000,1.0,8.27585602,0.0,5.21146441,1.80504513,26.724296642783152,6.21,20.7
BLR,2000,0.5927789628405109,57.02944183,0.0,12.1293211,5.28088045,32.8554298478014,2.475,8.25
BOL,2000,0.6724842929099706,42.89028168,0.0,8.29598331,4.39554119,31.446026676260463,4.665,15.55
CAN,2000,0.46034752316331096,1988.15942383,0.0,14.8156271,8.24808502,48.327280754330346,3.1799999999999997,10.6
GEO,2000,0.663632796072457,52.25807953,32.55320913263739,4.85252142,7.194592,30.064268501741935,4.9110000000000005,16.37
GTM,2000,0.5883828743880453,83.61930084,0.0,14.0827589,5.39686108,34.200622340723825,3.243,10.81
HUN,2000,0.573195272598167,313.10858154,0.0,9.85581303,6.76979256,39.623104911472566,8.972999999999999,29.91
IND,2000,1.0,18.47883415,25.69911772768448,3.05056,4.10568476,27.30036937430916,7.484999999999999,24.95
LTU,2000,0.5623495800542267,217.1761322,0.0,10.57103539,6.18559313,37.84536780796303,9.135,30.45
MAR,2000,0.9999999999979599,54.63968277,0.0,4.11556196,3.69304585,33.70031535951584,5.97,19.9
MDA,2000,0.6950009243311376,21.37988663,0.0,8.52794456,5.92687273,27.27411764291746,3.2880000000000003,10.96
POL,2000,0.6396356246732255,238.00448608,0.0,8.38121891,5.26548243,39.49763096215867,12.96,43.2
PRY,2000,1.0,104.49077606,0.0,11.8494072,6.01865244,34.47107618546808,4.572,15.24
ROU,2000,0.6761768201812766,69.89345551,0.0,8.65739632,4.20876169,34.23541952879478,5.151000000000001,17.17
RUS,2000,0.7172510818553844,95.20859528,0.0,9.72129631,5.01989794,34.577303543372246,1.773,5.91
SWZ,2000,0.9999886715735492,76.93126678,0.0,9.79427242,4.60951757,34.1388137255217,2.823,9.41
TUN,2000,0.628127587459455,111.01378632,0.0,10.54292107,4.81271935,35.71241768703904,12.089999999999998,40.3
TZA,2000,0.9999999999923267,12.33031845,0.0,6.05200052,3.41529942,26.790306528301553,2.544,8.48
UZB,2000,0.8350448487735709,35.72119904,0.0,6.10871267,5.13293362,28.486667323650032,4.202999999999999,14.01
ARM,2001,0.9999999999895768,31.90725899,0.0,5.66264772,4.64563894,29.390914128392033,4.95,16.5
BLR,2001,0.9999998559028443,73.3659668,0.0,10.04257679,5.7064805,32.72247465825288,3.1859999999999995,10.62
CAN,2001,0.999999998467856,2041.87512207,0.0,15.27647972,8.62476349,48.229192881419806,2.6999999999999997,9.0
GEO,2001,0.586379403523689,56.36803818,5.845246781776453,6.75043344,7.16950893,30.416575921192432,6.585,21.95
HUN,2001,0.9999999843496582,359.69750977,0.0,9.66478729,6.8197937,40.314261466650436,9.423,31.41
IDN,2001,0.9999999975482056,16.8734417,0.0,3.95831513,2.11850214,29.939639286754648,1.7999999999999998,6.0
KAZ,2001,0.9999998461069132,49.36683273,0.0,8.40947342,3.47098041,33.424056039301696,2.8049999999999997,9.35
LTU,2001,0.9999999999767863,218.81802368,0.0,11.36786652,6.00193262,38.202024919884686,10.638,35.46
MDA,2001,1.0,25.3985939,0.0,9.71184635,6.23449755,28.015037126339855,4.476,14.92
NIC,2001,0.9999999645933141,57.69081879,0.0,12.79048729,5.48459768,31.8402106726016,10.214999999999998,34.05
PAK,2001,1.0,13.41587162,0.0,6.30668402,2.33959723,28.980371983582014,2.1029999999999998,7.01
POL,2001,1.0,282.8210144,0.0,8.89294815,5.64010143,40.043059147977345,12.879,42.93
ROU,2001,1.0,78.8175354,0.0,9.60567093,4.37598133,34.73382717419633,5.781,19.27
ALB,2002,0.5591921529785956,78.72909546,0.0,8.20897484,5.59802675,33.63238720980277,8.628,28.76
ARM,2002,0.5995944016223257,59.20983887,30.052306508747634,5.3255291,7.61358786,30.013239099842778,4.608,15.36
AZE,2002,0.9999999999837611,20.45606041,0.0,3.19315743,2.73097301,30.155833061613308,4.632,15.44
BLR,2002,0.5502744435885278,85.97066498,0.0,9.32076073,5.62404203,33.63076122674643,2.985,9.95
CAN,2002,0.4335627467736555,2134.84960938,0.0,15.88256645,8.85665226,48.32403630959708,2.79,9.3
CHN,2002,0.6753348513429791,49.92394638,0.0,6.02580309,4.32156181,32.3699490250774,12.042,40.14
GEO,2002,0.45483928676638247,66.08916473,10.164562848805403,7.02040815,7.81474257,30.743461853711565,7.919999999999999,26.4
GIN,2002,0.7972474446722336,24.83917809,17.054004518523527,4.44303322,5.35653734,27.89494699869379,3.339,11.13
HUN,2002,0.5032295463026862,473.12783813,0.0,9.66882706,7.1181159,41.53159213989723,11.439,38.13
IDN,2002,0.9999999999976665,18.97848511,0.0,3.98283839,1.98062706,30.909752444812653,1.608,5.36
KAZ,2002,0.7056469518721069,56.88095856,0.0,9.42059898,3.6148138,33.954805135958956,2.928,9.76
LTU,2002,0.5220943732894219,254.36688232,0.0,12.7128334,6.13477659,39.04588326817091,12.002999999999998,40.01
LVA,2002,0.5468539218131279,237.29516602,0.0,8.16237354,5.95477772,38.859601863388804,9.828,32.76
MDA,2002,0.6451630211752131,33.9242363,0.0,11.53735256,7.40437651,28.632487828652454,4.815,16.05
MKD,2002,0.446080506733737,172.87971497,0.0,12.38785744,8.97826958,35.18553864671477,8.568,28.56
POL,2002,0.5348725652456575,315.83145142,0.0,9.391572,6.04828405,40.25675131621206,13.589999999999998,45.3
ROU,2002,0.6054200658822442,96.57698822,0.0,10.54747868,4.57694626,35.51980244788362,6.228000000000001,20.76
RUS,2002,0.5539177701558474,140.05729675,0.0,9.51892662,5.52166557,36.12228149954812,1.851,6.17
TUR,2002,0.5814230079236192,181.39144897,0.0,8.63695431,5.06227875,38.28838739030588,3.534,11.78
UKR,2002,0.9999963134875846,52.11910248,0.0,8.10631752,5.99220037,31.039257066417647,7.7459999999999996,25.82
UZB,2002,0.8466040592464622,24.50708961,0.0,5.58452082,5.14164925,26.518679251869216,4.811999999999999,16.04
ARM,2003,0.6645953462335795,66.31577301,25.129446533452466,5.37522793,7.17936182,30.91586852758409,4.215,14.05
AZE,2003,1.0,23.62244987,0.0,3.57235146,2.72699213,30.925751172172255,3.192,10.64
BEN,2003,0.9800667841980446,21.06955719,0.0,7.68920326,3.11678505,29.519874996593142,7.613999999999999,25.38
BFA,2003,0.9999999999999064,16.02656555,0.0,5.56972933,4.42266035,26.25039700176214,3.501,11.67
BLR,2003,0.9999997147727818,108.51013947,0.0,10.07395458,5.77103186,34.717498223673495,3.543,11.81
GEO,2003,0.5008366169664549,80.6542511,11.168282877357754,7.13276815,8.02952862,31.62713306385802,8.265,27.55
HUN,2003,0.501090587583566,682.86566162,0.0,11.56948948,8.12986469,42.75887642268323,12.956999999999999,43.19
JAM,2003,0.7684009604132576,177.21534729,0.0,6.13759899,4.99239254,38.22750917598666,7.8149999999999995,26.05
KAZ,2003,0.8608051493114456,72.90396881,0.0,9.5652113,3.72335005,35.1027404335309,3.195,10.65
LTU,2003,0.5854666294651862,338.86306763,0.0,13.67591095,6.17724085,40.53490470269702,10.308,34.36
MDA,2003,0.5623840920900024,38.43836975,0.0,9.59353638,7.02227592,29.568669035785284,5.154,17.18
MKD,2003,0.4566341972535029,214.29603577,0.0,13.76112652,9.00857735,36.270033148381565,9.987,33.29
NGA,2003,0.8915606972564876,37.91439438,20.713078592721217,4.00685167,5.05360985,30.15775707750281,8.565,28.55
NPL,2003,1.0,11.06888008,0.0,5.52154541,3.8560729,24.231123212843908,5.4510000000000005,18.17
PAN,2003,0.5539611905496232,303.45755005,0.0,17.18168831,6.71176672,39.19142341166773,6.606,22.02
POL,2003,0.6355970749764173,339.33520508,0.0,8.952384,5.93375778,40.73455985553209,12.342,41.14
ROU,2003,0.6414091119274996,143.54553223,0.0,12.99804401,5.37136793,36.7501012606812,6.417,21.39
RUS,2003,0.9999999999840441,163.31135559,0.0,9.20299911,5.16368914,37.299984294454276,1.047,3.49
SLE,2003,1.0,21.7804718,0.0,5.45097542,5.06219816,26.9461064008228,13.68,45.6
SRB,2003,0.522515088906033,230.08865356,0.0,13.56351852,7.30602598,37.606499940041644,6.467999999999999,21.56
SYR,2003,0.7116037705606026,59.87030792,0.0,7.51466179,5.13501024,32.61939297966394,5.58,18.6
TCD,2003,0.9999999999999969,18.0202446,0.0,8.98155689,4.24698305,25.066860275836582,2.148,7.16
TUR,2003,0.6795409791411204,232.5562439,0.0,9.29146957,5.01427698,39.645431105240306,2.6609999999999996,8.87
UKR,2003,0.5961777013546575,67.87039948,0.0,9.38550282,6.54574108,31.961599845528237,7.38,24.6
UZB,2003,0.7920296966980598,25.61911011,0.0,6.01096392,5.1882515,26.691071288479968,4.794,15.98
ARG,2004,1.0,303.31906128,0.0,14.93299007,7.09477043,39.163457658568234,11.597999999999999,38.66
ARM,2004,1.0,71.65074158,0.0,6.27547503,6.05510139,32.21671644315822,6.114,20.38
AZE,2004,0.9999999999760559,27.1906395,0.0,3.55759931,2.65944242,31.80586097930209,5.178,17.26
BLR,2004,1.0,140.99655151,0.0,9.99574471,5.73650646,36.12406494162208,3.492,11.64
CAN,2004,1.0,2896.19335938,0.0,16.9260788,9.06623363,49.80365264961486,3.03,10.1
COD,2004,0.9999999998153687,7.83304834,42.36256797280761,2.49895263,4.33564186,22.607723641536666,2.523,8.41
ETH,2004,0.9999999999678909,5.7385993,0.0,5.72665405,4.31281853,21.015359926801928,0.381,1.27
GEO,2004,0.5136626426337085,105.09565735,22.735613903815036,6.25,8.08910847,32.97242449339649,7.068,23.56
HND,2004,1.0,83.29620361,0.0,9.59641266,6.85484362,32.597666394621676,6.129,20.43
HUN,2004,1.0,798.45361328,0.0,11.08648109,7.76592064,43.819421611945685,12.384,41.28
IDN,2004,0.9999999995572515,25.98270035,0.0,4.20149517,2.12002277,32.20160712686662,1.539,5.13
JAM,2004,0.5215571052932895,222.27250671,0.0,7.64527464,5.83766747,38.59586492616371,8.145,27.15
KAZ,2004,0.548118075771335,108.43822479,0.0,10.94160748,3.98307681,36.83385507507366,4.449,14.83
KGZ,2004,1.0,26.37302399,0.0,8.21259594,6.20281315,27.18646278994472,4.932,16.44
LTU,2004,0.40945879067845203,366.95968628,0.0,10.13123989,5.48347187,41.591633966489084,10.847999999999999,36.16
LVA,2004,0.46700531889053737,393.29806519,0.0,9.9400692,6.47518539,41.080089780398794,11.379,37.93
MDA,2004,1.0,64.60713959,0.0,15.25031948,8.97114944,31.00524199459266,4.967999999999999,16.56
MRT,2004,1.0,31.47280884,20.061564374577387,2.96115541,3.70429492,30.555861163696804,4.361999999999999,14.54
PAK,2004,0.9999999999818547,15.53542328,0.0,4.51193905,2.03666282,30.21595464854964,1.293,4.31
POL,2004,1.0,392.00338745,0.0,9.10989761,5.84185648,41.573780438288296,12.735000000000001,42.45
PSE,2004,0.4216433277254582,150.72610474,34.995828016553574,7.39701176,11.37928772,33.42375171498615,10.551,35.17
ROU,2004,1.0,190.7950592,0.0,11.96030045,5.47733593,38.145908500651956,8.091,26.97
RUS,2004,0.4609598955601236,207.61283875,0.0,9.44207001,4.7603755,38.9876042850055,1.626,5.42
SRB,2004,1.0,274.45532227,0.0,13.70559883,7.63644934,38.29715906582452,6.78,22.6
SVK,2004,1.0,511.52990723,0.0,13.11000252,6.39662457,43.99950269991702,5.082,16.94
TUR,2004,0.44750691573340584,292.65307617,0.0,10.18661499,4.9096446,40.96699075831037,2.499,8.33
UKR,2004,1.0,83.23918915,0.0,8.1810751,6.16856956,33.34499555667681,7.269,24.23
VNM,2004,1.0,31.97719193,0.0,8.6892519,4.08791971,28.583117002283394,12.192,40.64
ALB,2005,0.51227521298226,149.97515869,0.0,9.30094719,5.6621623,36.870857862684886,9.324,31.08
ARM,2005,0.5985157330732512,95.55093384,0.0,7.44000816,5.8618803,33.90091145319343,4.821,16.07
AZE,2005,0.9999999998083781,34.35204697,0.0,3.95949173,2.22960997,33.970848893677115,5.648999999999999,18.83
BGD,2005,0.999999999821195,11.31403732,0.0,4.38883734,2.05873919,27.724835562719313,4.335,14.45
BLR,2005,0.48851344791621,196.13806152,0.0,10.05169773,6.07036304,37.55994579728122,2.469,8.23
CAN,2005,1.0,3268.46850586,0.0,17.13103867,9.03529835,50.4543628322367,3.27,10.9
GAB,2005,0.8439836604228043,188.91426086,0.0,5.07680273,2.92175174,41.44393596789324,3.339,11.13
GEO,2005,0.7099588517361786,132.22496033,30.954116845786217,5.57707214,8.07734203,34.18089806983137,8.963999999999999,29.88
GHA,2005,0.7403115463169535,38.51657486,0.0,13.63450813,3.27344108,27.708712702502243,1.845,6.15
HUN,2005,1.0,895.20330811,0.0,11.35830498,7.99248505,44.26971338071694,12.411,41.37
IDN,2005,0.99999999998191,34.09753036,0.0,4.2081809,2.53189397,32.69642605113382,1.7009999999999998,5.67
KEN,2005,0.689206169285297,30.9943428,0.0,6.89238787,4.2174139,28.17837133372833,3.627,12.09
KGZ,2005,0.6373324059891977,34.93693161,0.0,13.06986713,7.45010662,27.686055088050903,3.3059999999999996,11.02
MKD,2005,0.4061442116635645,229.81243896,0.0,13.46777534,7.67907524,37.551390010571666,7.6499999999999995,25.5
POL,2005,0.5236850837784056,465.70019531,0.0,8.9949913,5.79073858,42.52500507426103,14.535,48.45
PSE,2005,0.48603356575845447,158.43028259,25.91071817666399,8.14653969,10.99557114,33.85423556574926,3.7619999999999996,12.54
ROU,2005,0.4849812791463457,254.52961731,0.0,13.16346741,5.52778196,39.60956949210696,8.318999999999999,27.73
SEN,2005,1.0,36.00606155,0.0,8.54413509,3.67466521,31.467869655557116,0.768,2.56
SRB,2005,0.40919340148679895,307.54705811,0.0,13.61884022,8.09346867,38.59643225011092,7.382999999999999,24.61
TTO,2005,0.624259651208731,530.35229492,0.0,8.02571201,4.43451166,44.77600309940274,1.158,3.86
TUN,2005,1.0,169.84550476,0.0,11.35010338,5.14555788,37.594703529779615,15.306000000000001,51.02
UKR,2005,0.5473171345999023,114.63265228,0.0,8.43188095,6.3461585,34.87615141576609,6.636,22.12
YEM,2005,0.8825643661426227,38.27000809,13.53671523821177,4.50115108,5.20585251,29.95289845763149,4.842,16.14
ZAF,2005,0.465643688863433,400.5355835,0.0,10.91880608,6.86216164,40.84007391717886,2.274,7.58
ARM,2006,0.5959983753812915,124.8989563,0.0,7.93185902,5.85007095,35.32239652085669,4.311,14.37
BLR,2006,0.9999986705940995,221.70170593,0.0,8.44287395,5.57366323,38.65166343240419,2.616,8.72
CAN,2006,1.0,3758.35961914,0.0,16.78170395,9.33188725,51.01804372305877,3.6599999999999997,12.2
GEO,2006,0.5825726156052583,152.0617218,31.468404351438608,5.23038626,7.63208008,35.20368437184221,9.567,31.89
HUN,2006,0.5100513730326767,893.20300293,0.0,10.65500927,7.78556442,44.39303180725448,12.456000000000001,41.52
IDN,2006,0.9999999999759073,44.3965683,0.0,4.51137447,2.61946416,33.90371250792107,1.401,4.67
IRQ,2006,1.0,56.76464462,0.0,3.0470798,2.49370432,35.894346921559546,3.045,10.15
KGZ,2006,1.0,44.5950737,0.0,14.45895767,8.3118391,28.37170879339196,2.9549999999999996,9.85
MDA,2006,0.5092662260339595,100.10816193,0.0,12.89050865,10.54445267,32.45704773973556,7.5809999999999995,25.27
MKD,2006,1.0,242.60142517,0.0,13.40144539,7.38314581,38.06327637252023,8.469,28.23
MUS,2006,1.0,203.24180603,0.0,7.30248404,3.60573649,40.79247010689009,3.9119999999999995,13.04
PER,2006,0.6787139449444056,136.14295959,0.0,11.56533909,4.409585,37.56580366381918,4.851,16.17
PHL,2006,1.0,53.87452698,0.0,6.63096142,3.77762938,33.43833533123636,3.9269999999999996,13.09
POL,2006,0.5617546357763941,524.09747314,0.0,9.0035038,5.78148365,43.155079700669916,13.962,46.54
SRB,2006,0.999999977080977,371.506073,0.0,12.53220367,8.28575706,39.465077564702284,7.14,23.8
TGO,2006,0.9999999999999765,22.74487495,11.085721047637989,3.83191919,4.30967808,28.4615998924354,5.739,19.13
TUR,2006,0.6080693479821396,409.25881958,0.0,10.55690098,5.14591694,42.489722094204694,3.222,10.74
UKR,2006,0.5658974323063007,146.27377319,0.0,8.69689655,6.4171896,36.097846786840336,6.759,22.53
VNM,2006,1.0,46.86905289,0.0,8.76698685,4.56979847,30.454215271590186,10.746,35.82
ZMB,2006,0.9999999999998342,58.68175507,0.0,6.74704027,5.5774231,31.839426675910243,1.137,3.79
AFG,2007,0.9999999981659821,32.70893097,73.6409116514402,2.61078191,9.90467453,26.44693350754592,1.8539999999999999,6.18
ARM,2007,1.0,170.15332031,0.0,7.19854879,5.49814034,37.278009677194596,5.19,17.3
BIH,2007,0.455934323268905,363.86224365,0.0,11.32833004,9.25501442,38.76411285966691,9.141,30.47
BLR,2007,0.9895232923348107,278.63424683,0.0,8.12453842,5.6917243,39.74153479124919,3.366,11.22
BTN,2007,0.700245883376612,64.72015381,0.0,7.46379232,3.83774948,34.80590161956549,1.6409999999999998,5.47
CAN,2007,1.0,4187.87255859,0.0,17.06818199,9.4346962,51.53126767535048,3.3,11.0
CPV,2007,0.9386600149289893,127.73626709,0.0,10.09019661,3.84218621,37.883329946318526,1.5809999999999997,5.27
GEO,2007,0.6949238315826638,195.9908905,46.82531230441457,3.95363283,7.43517828,36.66305401939326,10.83,36.1
HUN,2007,0.46860173577747827,1003.25805664,0.0,9.79407406,7.20719147,45.4117708755841,12.893999999999998,42.98
IDN,2007,1.0,55.99677658,0.0,5.43742085,2.82385564,34.72814670382602,1.8659999999999999,6.22
KAZ,2007,0.9999999999159459,174.33786011,0.0,7.57602596,2.70314813,41.364357844722306,5.2139999999999995,17.38
LVA,2007,0.4699291586093761,775.19146729,0.0,9.7152071,5.81969213,45.194841646132446,10.446,34.82
MDA,2007,1.0,135.44366455,0.0,13.18110943,11.02066803,33.81159418525053,8.88,29.6
PAK,2007,0.9999999999991797,26.14198685,0.0,2.82084775,2.62370729,31.56470406717189,1.104,3.68
POL,2007,0.7850334989749969,660.92468262,0.0,9.54005432,5.86390114,44.2979048612013,14.199,47.33
SRB,2007,0.9999980329773822,547.22723389,0.0,13.55892181,9.01782608,41.05540134120244,8.442,28.14
SYR,2007,1.0,72.10467529,0.0,6.85482645,3.73920178,35.047713461115215,5.757000000000001,19.19
TJK,2007,0.914390868768206,28.58950996,4.336613869324509,5.30023098,5.54050112,28.113258102574573,2.286,7.62
TUR,2007,0.9999999950455224,504.37646484,0.0,10.95228481,5.23760796,43.54467315626649,2.346,7.82
TZA,2007,1.0,36.23610306,0.0,10.88657188,6.88427973,28.372527528466566,1.638,5.46
UKR,2007,0.5762808946134751,183.18217468,0.0,8.16024208,6.01776791,37.617192099785484,6.696,22.32
AGO,2008,1.0,136.34094238,0.0,4.0603714,2.97807598,39.564043516824896,4.008,13.36
ALB,2008,0.9999999999999998,237.10340881,0.0,7.25106478,5.44421673,39.47184464869407,7.836,26.12
ARM,2008,1.0,261.59963989,0.0,6.69246197,6.63976622,38.554459609242684,6.380999999999999,21.27
BLR,2008,1.0,348.92633057,0.0,5.80340672,5.29448891,41.30433792150221,4.935,16.45
CAF,2008,0.9999999999956188,18.02888489,0.0,5.28349304,4.02635765,27.234814916037784,2.475,8.25
CAN,2008,1.0,4454.11621094,0.0,17.28190994,9.59427929,51.7670960433891,4.05,13.5
COL,2008,1.0,379.16812134,0.0,16.6930294,6.84192181,40.567579562691904,8.421,28.07
JOR,2008,1.0,275.17532349,0.0,15.12543488,8.48880577,37.75065007073604,2.655,8.85
KAZ,2008,1.0,245.79397583,0.0,8.41329765,3.02569842,42.57675366519496,5.676,18.92
KGZ,2008,1.0,62.77722549,0.0,10.38534927,6.52511883,31.39527923273456,3.429,11.43
LTU,2008,1.0,936.50933838,0.0,11.67387962,6.29010201,45.78325903963292,11.043000000000001,36.81
LVA,2008,1.0,913.52148438,0.0,8.79956532,5.86603212,46.03099567106929,12.354,41.18
MDA,2008,1.0,185.56115723,0.0,12.7215929,10.94920063,35.49670628813722,8.748,29.16
MEX,2008,0.9999999999946668,573.11114502,0.0,9.43475246,5.44587374,43.93679471885902,2.505,8.35
PER,2008,1.0,191.42611694,0.0,10.98999786,4.53098345,39.108139527014,5.058,16.86
POL,2008,0.9999999999999944,892.59698486,0.0,10.27323627,6.35196781,45.45456224511503,13.854,46.18
ROU,2008,0.999999999999999,521.31561279,0.0,10.79983711,5.02277184,43.892368945741794,9.674999999999999,32.25
SRB,2008,0.9999999999999994,671.88702393,0.0,12.92955971,9.12807178,42.070112886876096,8.307,27.69
UKR,2008,1.0,212.75292969,0.0,6.77591944,5.49754429,38.87819679718585,4.101,13.67
ZAF,2008,1.0,442.10626221,0.0,13.01471424,7.14832258,41.14420509050085,1.371,4.57
ARM,2009,0.698061783917637,247.90641785,24.857074980951538,6.34490108,8.44377708,37.01982300655396,7.071,23.57
BEL,2009,0.5096705766000158,4755.80859375,0.0,14.38507843,10.54393387,51.56214862453076,6.303,21.01
BLR,2009,0.919541353008706,288.44775391,0.0,6.73101664,5.3906498,40.38494912979991,4.584,15.28
CAN,2009,0.45861222440952426,4355.83056641,0.0,17.32548904,10.70402527,51.06593124683805,3.87,12.9
CYP,2009,0.999999980813362,2105.4777832,5.282308782173033,6.12379742,6.46531534,49.818490553551726,8.448,28.16
IDN,2009,0.9999999999988088,62.4021759,0.0,5.41294384,2.62324095,35.75864388639229,2.2169999999999996,7.39
KAZ,2009,0.8961721198791747,240.99569702,0.0,11.36352253,3.47355628,41.74798321432611,5.655,18.85
KGZ,2009,0.9999999999769442,59.93972397,0.0,10.6962328,6.89873457,30.844992392885402,3.894,12.98
KHM,2009,1.0,55.25073624,5.409539228236881,5.96768332,6.3089695,30.87835941854718,8.703,29.01
LVA,2009,1.0,744.66162109,0.0,8.06122971,6.2683239,44.62473467683817,13.218,44.06
MDA,2009,0.40982737953404,208.53004456,5.854523180840772,12.87592316,13.6766243,34.9404568151623,9.525,31.75
MLI,2009,0.999999999992784,34.64731598,43.86187038504976,2.92606354,5.21225691,30.320819274694244,3.249,10.83
NAM,2009,0.9999999997076429,420.74865723,0.0,13.49217892,9.90435314,39.23832817230444,0.429,1.43
NIC,2009,1.0,112.75749207,0.0,16.76971817,7.68584394,33.58693018060042,7.086,23.62
PER,2009,0.697417373286946,209.1973877,0.0,11.67159462,4.95976877,39.087579375186834,4.68,15.6
PHL,2009,0.8854477198282626,77.64539337,0.0,6.64473581,4.16451931,34.84558214897438,4.034999999999999,13.45
POL,2009,0.6543519762535457,759.60577393,0.0,10.49800205,6.57037735,44.42852809937044,13.08,43.6
PSE,2009,0.5675175519745413,221.97026062,24.078109096548545,8.17275143,10.76468372,35.6950431596227,7.638,25.46
ROU,2009,0.7022604493302361,449.37692261,0.0,10.44604111,5.27816248,42.84460674034943,9.743999999999998,32.48
SDN,2009,0.8335799748916068,80.00441742,0.0,14.01954556,6.39496326,32.435690085761856,8.892,29.64
SRB,2009,0.5357207814367411,575.262146,0.0,13.46972656,8.98933506,41.33544714727681,7.191,23.97
TUR,2009,0.6664715385668684,492.30032349,0.0,11.8805933,5.49438715,43.15975240328196,2.6849999999999996,8.95
UKR,2009,0.8024668924062667,165.98542786,0.0,7.91855955,6.60991716,36.606389133660855,5.145,17.15
ARM,2010,0.4280754365973765,291.77758789,30.31054002748816,6.43608856,9.23538303,37.41561644900578,10.568999999999999,35.23
BLR,2010,0.6085581655295965,341.13800049,0.0,8.68532658,5.65694332,41.015154834413835,5.526000000000001,18.42
EST,2010,1.0,966.19024658,0.0,11.89297581,6.59404182,45.6797234422331,5.712,19.04
GRC,2010,0.4586209184061983,2564.36987305,0.0,12.48673058,9.61952496,48.81917933252693,9.843,32.81
IDN,2010,0.999999991016422,85.55950165,0.0,3.91489625,2.7908783,37.457484308244986,2.04,6.8
ITA,2010,0.47551193192651464,3190.72045898,0.0,13.98853397,8.87928963,50.37773143804014,4.577999999999999,15.26
LSO,2010,0.39985497290773775,85.87903595,2.7935117264593146,7.1979928,7.4048481,32.16718530689982,1.428,4.76
LVA,2010,1.0,689.07720947,0.0,7.99293184,6.22420359,44.25855599849963,13.209,44.03
MDA,2010,1.0,198.28894043,0.0,13.62691975,10.13112831,36.25160801730809,10.386,34.62
MDG,2010,1.0,21.13975906,0.0,15.20979691,4.69762659,27.385628042921763,0.6779999999999999,2.26
MEX,2010,1.0,534.08520508,0.0,10.41032505,5.4897337,43.52412945250197,2.082,6.94
NGA,2010,0.9999999992782932,73.008255,18.006856397582354,2.70293093,3.29653287,35.72008344238947,8.994,29.98
PAK,2010,1.0,23.62846184,0.0,2.88974142,2.42967653,31.50767314191679,1.5179999999999998,5.06
POL,2010,0.5638828651443342,809.19940186,0.0,9.98204041,6.43533468,44.86933904873608,12.518999999999998,41.73
PSE,2010,1.0,219.44699097,0.0,9.46368885,9.10499382,36.5046546648541,6.519,21.73
ROU,2010,0.6089468068798014,472.20751953,0.0,11.44624329,5.63882685,42.75227862272782,10.671,35.57
UKR,2010,0.9999892902030685,199.49559021,0.0,7.50049877,6.81387615,37.41265855713425,5.394,17.98
ARM,2011,0.3487277191272578,325.29086304,28.52923185580181,6.70101976,9.37588882,37.92264459566837,8.823,29.41
BIH,2011,0.34481322656700764,456.96905518,0.0,13.38013935,9.1712122,40.00885918806165,7.2989999999999995,24.33
BLR,2011,0.4882658625181577,317.82492065,0.0,7.66490793,4.87452745,41.42769039457269,5.726999999999999,19.09
COG,2011,0.9999999999593187,59.51348114,0.0,2.33683133,1.75237322,37.99523773923228,4.176,13.92
GEO,2011,0.4635042745585567,315.29684448,36.037740936680265,5.04166079,7.88224316,39.00971467669162,14.252999999999998,47.51
GTM,2011,0.4271614888074967,191.24732971,0.0,13.75957489,5.96306896,37.63155941393957,5.792999999999999,19.31
IDN,2011,1.0,107.00540161,0.0,3.96251845,2.98942471,38.27135989201801,2.106,7.02
KAZ,2011,0.8317203886684836,293.73300171,0.0,8.67686558,2.60236669,44.304713164658374,3.621,12.07
LVA,2011,1.0,764.59179688,0.0,8.57539368,5.91758251,45.00748727564517,13.860000000000001,46.2
MDA,2011,0.320572049286781,214.98246765,0.0,13.03699017,9.09670353,37.24003898483052,9.465,31.55
PAK,2011,0.9999999996639306,25.02491379,0.0,2.54319167,2.23121333,32.22436286923625,1.422,4.74
POL,2011,0.4186653887113391,866.09466553,0.0,10.05437851,6.24533606,45.386471274825624,12.489,41.63
PRT,2011,0.9919421467770041,2255.96923828,0.0,12.53102016,9.71847439,48.100692137806945,11.036999999999999,36.79
ROU,2011,0.5289839401746016,426.59973145,0.0,8.84608936,4.47503996,43.43254394622261,11.529,38.43
TCD,2011,0.8760161256976862,37.35868073,0.0,3.68802667,2.85585785,32.98486001657864,4.125,13.75
TZA,2011,1.0,37.75179672,0.0,6.76211929,5.0559845,30.23963042567292,3.8009999999999997,12.67
UKR,2011,0.4210875906252761,240.17747498,0.0,7.49281168,6.81669855,38.38349524335376,5.246999999999999,17.49
ALB,2012,1.0,260.68319702,0.0,8.69734573,6.08504725,39.21142489555151,7.715999999999999,25.72
ARM,2012,0.3949127279509377,331.91378784,22.921717538033676,7.04075432,9.13455009,38.170758882822845,8.583,28.61
BLR,2012,1.0,364.09957886,0.0,8.85453033,5.24538946,41.759483475886704,6.957,23.19
BTN,2012,0.9525196765877402,84.0940094,0.0,6.45828485,3.25988412,36.88900975898743,4.053,13.51
COD,2012,1.0,13.20595551,0.0,3.87759209,3.2215035,26.896649534834104,2.574,8.58
GEO,2012,0.4406663669113124,349.90432739,30.756729023878464,5.50601006,7.95168972,39.50930155457801,14.241,47.47
GHA,2012,0.999999999799948,81.96895599,0.0,8.9727478,3.93023658,33.85448668902906,1.335,4.45
GIN,2012,0.9999999999999992,23.70012856,24.94163524099619,2.63003397,3.50398517,29.69804711955993,3.2880000000000003,10.96
HTI,2012,0.9149583028874894,75.08546448,49.97119499566634,2.78391457,5.56462336,33.1943575196567,4.967999999999999,16.56
IDN,2012,0.999999999993859,105.85425568,0.0,4.07335424,2.91427088,38.348290007909824,2.2409999999999997,7.47
IRQ,2012,0.999999999983826,174.48312378,12.670287588301974,2.3523643,2.69365859,41.387243705390915,2.2289999999999996,7.43
KAZ,2012,0.9999999999881654,365.04208374,0.0,9.44636345,3.03725982,44.63469534676992,3.1109999999999998,10.37
LVA,2012,0.569432546673203,745.51745605,0.0,8.40603542,5.62075043,45.17845858885066,12.78,42.6
MDA,2012,1.0,223.61895752,0.0,13.17397022,9.13962078,37.421595486334105,10.131,33.77
MDG,2012,0.9999999998555336,19.30151749,0.0,12.93699551,3.91105914,27.86945597873308,1.446,4.82
MEX,2012,1.0,582.48297119,0.0,10.65864182,5.42140484,44.04567290968789,1.9529999999999998,6.51
MNG,2012,0.8237716405781428,169.6519928,0.0,6.50338697,3.85800076,39.26994543836861,3.525,11.75
MUS,2012,1.0,387.1026001,0.0,8.31904316,4.21993399,43.355516031643575,4.6049999999999995,15.35
NGA,2012,0.999999999873321,87.89523315,0.0,3.66798377,3.35984254,36.658729060321406,9.279,30.93
PER,2012,1.0,309.31439209,0.0,12.24156475,4.72939587,41.421021669586366,5.409,18.03
PHL,2012,0.7391610566157698,109.2149353,0.0,6.20142746,4.17709208,36.62153505202498,5.325,17.75
POL,2012,1.0,815.1418457,0.0,10.07476521,6.22854042,45.08222297717013,12.647999999999998,42.16
ROU,2012,1.0,401.67105103,0.0,9.60762787,4.50939083,43.07398879121631,11.226,37.42
UGA,2012,0.9999995035177077,55.03918457,0.0,7.05044317,6.10853958,30.372148078608824,5.817,19.39
UKR,2012,1.0,270.76205444,0.0,7.64040852,7.11789227,38.790572166660425,5.592,18.64
AFG,2013,1.0,56.16043472,79.84241707938665,1.77506959,8.80596447,29.208814160552343,14.163,47.21
ARM,2013,0.4928152330115321,392.85253906,44.002441823206404,5.78087997,10.32345009,38.417101026209636,10.043999999999999,33.48
BLR,2013,0.5853963227668985,454.51959229,0.0,8.74394131,5.69563103,42.49497815046742,6.848999999999999,22.83
BOL,2013,0.5337872219192809,159.99380493,0.0,9.20546436,5.57465124,37.11107611317618,4.779,15.93
CHN,2013,0.5942552531532089,329.08572388,0.0,9.41684246,4.63882637,41.90392235732255,11.535,38.45
ECU,2013,0.5770262707200076,414.12683105,0.0,8.26161385,6.77866411,41.07970942136325,8.019,26.73
GEO,2013,0.4565042257358844,368.16253662,14.416306311216175,6.85161304,8.00574589,39.71542420351885,17.235,57.45
IDN,2013,0.9999999997088298,102.33824921,0.0,4.34042978,2.86934805,38.252451508258375,2.238,7.46
KAZ,2013,0.9999999998623512,358.91342163,0.0,9.324193,2.66286755,45.23690592391415,3.063,10.21
LVA,2013,0.5913962982227695,807.13000488,0.0,8.42068386,5.60404825,45.615109015046514,13.728,45.76
MDA,2013,0.42705303182321797,231.66229248,0.0,12.49917507,8.68300343,37.877745270811076,10.482,34.94
PAK,2013,0.999999999967278,28.20998955,0.0,3.24930596,2.4164784,32.64195476596201,4.476,14.92
POL,2013,0.544859358914594,878.08837891,0.0,10.49304199,6.44993687,45.29252500147038,11.772,39.24
ROU,2013,0.5503681960989997,495.23623657,0.0,11.520751,5.2240696,43.39780878978385,11.112,37.04
SRB,2013,0.46827131555861656,627.53308105,0.0,13.17477703,8.93188286,41.82496047447951,8.337,27.79
UKR,2013,0.999999343674051,275.94143677,0.0,6.94465542,6.94358015,39.02274143616593,5.634,18.78
BLR,2014,0.7006955883185412,448.27426147,0.0,8.68483829,5.38792181,42.71573701189453,6.651000000000001,22.17
BOL,2014,1.0,179.3274231,0.0,8.95201874,5.89613628,37.41577278861536,3.7529999999999997,12.51
CAN,2014,0.41250972140407904,5209.93164063,0.0,18.96989441,10.28115654,52.22470757239538,2.34,7.8
COM,2014,1.0,84.63935852,27.084910988385246,3.81965494,5.23849726,34.09366046450574,4.436999999999999,14.79
IDN,2014,0.9999999999993187,102.00482178,0.0,5.40550184,2.96433568,38.06423354730934,2.664,8.88
KAZ,2014,0.9999999946408601,369.68508911,0.0,10.03429031,2.97468448,44.81047440977933,4.061999999999999,13.54
KHM,2014,1.0,63.1011467,0.0,6.16770315,4.40784645,33.458243140192614,6.183,20.61
LBR,2014,0.9999999991291132,54.82420349,69.60811421248357,2.46118927,8.09817886,29.752985025940028,6.851999999999999,22.84
LVA,2014,0.7164864774465174,856.76654053,0.0,8.37547684,5.66363621,45.86354165135822,13.059,43.53
MDA,2014,1.0,230.76982117,0.0,12.75728226,8.73206043,37.828345702143594,10.143,33.81
MEX,2014,0.6850967215550873,609.82232666,0.0,10.34577084,5.35336781,44.35300731681064,1.785,5.95
MRT,2014,1.0,59.39431381,0.0,5.24069929,3.46724391,34.400709301549554,4.428,14.76
NIC,2014,1.0,156.22232056,0.0,16.91161156,7.97716141,35.10367902249606,12.183,40.61
PER,2014,0.6836885012444227,332.18841553,0.0,13.09590244,4.90967321,41.5387590814069,4.398,14.66
SLV,2014,1.0,315.23168945,0.0,16.9780407,8.5989418,38.3968586493353,1.077,3.59
TTO,2014,0.8046996723500924,1010.82769775,0.0,7.47479582,4.87381697,47.78917192761498,2.187,7.29
UKR,2014,1.0,208.94400024,0.0,7.71915102,7.19506168,37.438989833487014,6.194999999999999,20.65
YEM,2014,1.0,83.48936462,51.68836913130409,2.82031083,5.8377471,33.45310662533457,7.757999999999999,25.86
ZAF,2014,0.9999999976164179,539.30780029,0.0,14.9161272,7.87136555,41.68607297795598,0.726,2.42
BIH,2015,1.0,430.83413696,0.0,14.9841013,9.24086571,39.65967227761219,5.85,19.5
BLR,2015,0.9999980981663484,360.91937256,0.0,8.82638741,6.06528044,40.95595366823204,8.205,27.35
BOL,2015,1.0,196.25799561,0.0,9.67435074,6.55064964,37.33673646381515,3.1799999999999997,10.6
BWA,2015,0.48785681025479277,374.79058838,0.0,10.41588783,6.10287762,41.10708107083942,1.926,6.42
CAN,2015,0.29086536588090156,4658.83789063,0.0,19.06813622,10.76397896,51.40434592028065,2.19,7.3
CYP,2015,0.5807999526176447,1570.54638672,2.4185064694830487,6.62951279,6.79382181,48.06483652312227,7.329,24.43
EGY,2015,0.7612571044693894,170.25532532,0.07024157875423498,5.05797672,5.06153202,37.85545616450999,19.505999999999997,65.02
ETH,2015,0.9999999999324383,23.21817207,0.0,5.57211685,3.82316828,28.875899484365767,1.062,3.54
IDN,2015,0.9999999930204105,96.15701294,0.0,6.57872438,2.92428517,37.82557504983495,2.7119999999999997,9.04
KAZ,2015,0.9999999988706736,310.01428223,0.0,8.39476204,3.04051113,43.770621961887656,3.921,13.07
LVA,2015,0.5368176303106224,775.86431885,0.0,8.5845499,5.84916782,45.17555095312204,14.219999999999999,47.4
MDA,2015,1.0,186.43643188,0.0,12.21473503,8.50013351,36.885836745896285,11.072999999999999,36.91
MLT,2015,0.35523940990363145,2249.00463867,0.0,13.9868679,8.70199776,48.592926638792505,9.879,32.93
MMR,2015,0.7994587878893997,63.62335968,7.327742588406863,4.81628418,5.19711542,32.384247874145345,8.586,28.62
NAM,2015,0.9999999604950897,476.50784302,0.0,12.35063553,9.98106289,39.78420954251494,1.851,6.17
NGA,2015,1.0,92.91207123,0.0,5.33124638,3.58194995,36.563191481305765,9.321,31.07
PAK,2015,1.0,33.99359894,0.0,3.85042071,2.49493265,33.267418497967604,3.8489999999999998,12.83
PHL,2015,1.0,113.4342804,0.0,8.25687599,3.8982749,37.183477069321725,6.039,20.13
SRB,2015,0.9999893868817072,491.25177002,0.0,11.91801167,8.46289921,40.82515246694466,6.5489999999999995,21.83
TGO,2015,0.9534866702630617,46.92110825,35.360902351811674,4.03825331,6.24738503,30.072263510330004,11.714999999999998,39.05
TUN,2015,1.0,249.46418762,0.0,12.1791687,6.21339941,38.87445762719363,8.985,29.95
AFG,2016,1.0,61.37234497,81.88358018161449,2.14110541,11.81859016,28.164586680401964,9.915,33.05
BLR,2016,1.0,296.94720459,0.0,10.30651379,5.91054153,40.06869891665369,8.664,28.88
BRB,2016,1.0,1181.14257813,0.0,9.28489876,6.19479513,47.38742762199994,7.0889999999999995,23.63
CAN,2016,0.428749804094803,4647.14892578,0.0,18.96101761,11.05626965,51.24774643655155,2.49,8.3
COL,2016,0.5576894040619992,448.84588623,0.0,17.65917969,7.53117037,40.94959903028847,4.629,15.43
GHA,2016,0.9999999999842103,64.86400604,0.0,6.53767872,3.39035821,34.97915267574893,1.128,3.76
IDN,2016,0.9999999999923898,106.40021515,0.0,8.12968636,3.02147198,38.18555528245953,2.88,9.6
KGZ,2016,0.9978149162676422,71.52179718,0.0,6.41580772,6.41248226,32.090659490573415,4.359,14.53
LBR,2016,0.8983724532578942,67.68016052,60.577043077300516,3.89701653,9.88514519,29.811302204293025,4.971,16.57
LVA,2016,1.0,874.79772949,0.0,9.13275623,6.35184479,45.37541945982292,14.756999999999998,49.19
MEX,2016,1.0,489.92230225,0.0,10.41155815,5.38499022,43.171892823962466,1.464,4.88
MNG,2016,0.9999999999327732,168.41404724,0.0,6.46197653,4.58008575,38.33036702046219,7.430999999999999,24.77
POL,2016,0.6476994997357673,816.08618164,0.0,10.94734287,6.5470438,44.82579884381829,11.058,36.86
PSE,2016,0.5844357232754225,299.4125061,2.7163027163504694,8.7594099,9.0039854,38.194712663165426,11.334,37.78
ROU,2016,0.7087655085105911,476.24505615,0.0,11.41569424,5.08012772,43.346035987937995,11.123999999999999,37.08
RWA,2016,0.9999999999976749,43.54212189,0.0,6.23024607,5.968925,29.91962474106783,0.48899999999999993,1.63
SWZ,2016,1.0,226.41770935,0.0,8.21805286,6.82044792,37.74501411912945,2.232,7.44
UGA,2016,1.0,39.08125305,0.0,5.17819309,5.01553297,30.083741136460834,7.068,23.56
URY,2016,0.508461395426972,1469.38964844,0.0,20.24422646,8.63852501,46.45948062798432,1.878,6.26
VNM,2016,1.0,133.1960144,0.0,9.59658623,4.86994743,36.85808173706374,7.512,25.04
BLR,2017,1.0,331.94082642,0.0,10.1955843,5.75974846,40.793668840212845,8.757,29.19
BTN,2017,0.999999996083208,103.63583374,0.0,7.58420563,3.11215067,38.055402863303115,2.019,6.73
CAN,2017,0.9999999999098181,4894.7734375,0.0,18.80901527,10.9242115,51.58622081025979,2.4599999999999995,8.2
EGY,2017,0.9999999979813097,106.00288391,0.0,5.41994762,5.34661913,36.16096054244393,18.972,63.24
GAB,2017,1.0,192.47543335,0.0,9.7150774,2.78068876,41.73564272849136,1.572,5.24
GBR,2017,0.9999999979813993,3938.65234375,0.0,19.74937057,9.70468903,51.07131810907114,1.2389999999999999,4.13
IDN,2017,0.9999999999999996,110.32610321,0.0,8.2089262,2.90417194,38.58387667967551,3.129,10.43
IRQ,2017,0.9999999999999999,197.23654175,0.0,4.77492046,4.08944416,39.76787477515009,10.005,33.35
MUS,2017,1.0,594.86120605,0.0,10.20433331,5.59857273,44.16296986974679,7.8629999999999995,26.21
SOM,2017,1.0,13.51753426,0.0,4.72644377,2.44348097,28.051453811036303,0.0,0.0
ZWE,2017,0.9999999979814466,91.87199402,0.0,6.97941875,6.17448902,38.07091741860475,5.226,17.42
AGO,2018,0.999999999994558,83.87555695,0.0,5.36431932,2.29887486,37.09287121788975,12.576,41.92
BEN,2018,0.9999999999608425,39.54786301,0.0,4.02434921,3.4364984,32.31635258668714,10.145999999999999,33.82
BLR,2018,0.9999998849728018,349.99176025,0.0,10.30541611,5.52699471,41.29102434355868,9.279,30.93
BOL,2018,1.0,231.18806458,0.0,12.72148514,6.60399437,39.11972878848543,2.037,6.79
CIV,2018,1.0,65.87952423,0.0,5.11727667,3.0916779,35.54701146767831,5.595,18.65
CRI,2018,1.0,917.31018066,0.0,27.91470909,7.28587723,44.87874408269672,7.178999999999999,23.93
DOM,2018,0.6818374463891452,332.47702026,0.0,15.66787052,4.21765518,42.41882474055804,5.765999999999999,19.22
ETH,2018,0.999999999998815,23.5205574,0.0,4.76060486,3.30371761,29.992360541222872,2.3369999999999997,7.79
MEX,2018,0.9999999295721466,528.26306152,0.0,10.41115475,5.23821402,43.712941328577,1.611,5.37
MNG,2018,1.0,188.64115906,0.0,7.37636042,4.53449297,38.99435857673777,9.45,31.5
NGA,2018,0.999999999975104,63.60244751,0.0,3.8811214,3.09069347,35.36397193844263,9.231,30.77
PAK,2018,1.0,40.09578323,0.0,4.89949369,2.82844949,33.94072382748277,5.838,19.46
SLE,2018,1.0,44.82733536,32.08091238241285,3.59921885,5.29927444,30.696449490079512,6.180000000000001,20.6
TZA,2018,0.9999996802287787,41.27171326,0.0,9.41473198,4.32775831,31.69464703855681,1.782,5.94
VNM,2018,0.999999683685094,161.97871399,0.0,10.21770763,5.02678823,37.71921413872279,7.082999999999999,23.61
BLR,2019,1.0,400.11621094,0.0,11.04388905,5.86133814,41.67152740882365,8.723999999999998,29.08
BOL,2019,0.999999996415485,241.34619141,0.0,13.54663086,6.88792992,39.11510611654371,2.541,8.47
CAN,2019,1.0,5098.88720703,0.0,18.92759895,11.04823494,51.726741006401426,2.1,7.0
KHM,2019,0.99999999999806,112.5851059,0.0,6.99103546,5.05801058,35.77611354377299,8.427,28.09
PER,2019,1.0,367.98739624,0.0,15.34553719,5.12525272,41.82241523669872,4.041,13.47
